score,target.id,target.approvedSymbol,target.biotype,gwas_credible_sets,clingen,geneburden,GWAS.id,L2G,GCST004132,GCST90446792,GCST90468121,GCST90129433,FINNGEN_R12_CHRONSMALL,GCST000705,GCST001729,GCST005537,GCST90479616,FINNGEN_R12_CHRONNAS,GCST000207,FINNGEN_R12_K11_CD_STRICT2,FINNGEN_R12_CHRONOTH,GCST000042,GCST000023,GCST001652,GCST90475318,GCST000879,GCST000066,GCST000071,GCST90044153,GCST001438,GCST90103740,GCST90446793,FINNGEN_R12_RX_CROHN_2NDLINE,GCST003097_2,GCST90319897,GCST90103738,GCST002094,GCST000014,FINNGEN_R12_RX_CROHN_1STLINE,GCST001396,FINNGEN_R12_CHRONLARGE,GCST001785,GCST90103739,GCST008485,GCST003360,GCST010577,GCST007216,GCST001118,GCST000039,GCST90428830,GCST90454588,GCST000955,GCST90301326,FINNGEN_R12_ULCERILEO,GCST010124,GCST90301328,GCST003959,GCST90479615,GCST001473,GCST90179177,GWAS.count,name,NCBI.id,list.name,list.count,N.PPI,degree
0.793767968580512,ENSG00000167207,NOD2,protein_coding,0.925015323318441,NA,NA,GCST004132/GCST90446792/GCST90468121/GCST90129433/GCST004132/GCST90468121/FINNGEN_R12_CHRONSMALL/GCST000705/GCST001729/GCST005537/GCST90479616/FINNGEN_R12_CHRONNAS/GCST000207/FINNGEN_R12_K11_CD_STRICT2/FINNGEN_R12_CHRONOTH/GCST000042/GCST000023/GCST001652/GCST90475318/GCST90446792/GCST000879/GCST004132/GCST000066/GCST000071/GCST90129433/GCST90044153/GCST001438/GCST90103740,0.946546137332916/0.946546137332916/0.939509391784668/0.939509391784668/0.939509391784668/0.930583357810974/0.898049533367157/0.898049533367157/0.898049533367157/0.898049533367157/0.898049533367157/0.898049533367157/0.898049533367157/0.898049533367157/0.898049533367157/0.89704155921936/0.89399927854538/0.889451861381531/0.870336353778839/0.862760007381439/0.827705502510071/0.827705502510071/0.813587665557861/0.799221575260162/0.789822638034821/0.789822638034821/0.788691937923431/0.700423121452332,0.8277055,0.86276,0.9305834,0.7898226,0.8980495,0.8980495,0.8980495,0.8980495,0.8980495,0.8980495,0.8980495,0.8980495,0.8980495,0.8970416,0.8939993,0.8894519,0.8703364,0.8277055,0.8135877,0.7992216,0.7898226,0.7886919,0.7004231,NA,NA,NA,NA,NA,NA,NA,NA,NA,NA,NA,NA,NA,NA,NA,NA,NA,NA,NA,NA,NA,NA,NA,NA,NA,NA,NA,NA,NA,15,NOD2,64127,GWAS,1,288,38
0.713089198593985,ENSG00000113302,IL12B,protein_coding,0.86130185352079,NA,NA,GCST000879/GCST004132/GCST000207/GCST90446793/GCST90446792/GCST004132/FINNGEN_R12_RX_CROHN_2NDLINE/GCST90446793/GCST90446792/GCST90446793/GCST003097_2/GCST90319897/GCST90103738/GCST005537/GCST90103740,0.917519152164459/0.914852976799011/0.908455312252045/0.822588622570038/0.753676235675812/0.613256752490997/0.600939750671387/0.584870874881744/0.573846638202667/0.54321026802063/0.527859270572662/0.527859270572662/0.527859270572662/0.524782598018646/0.511819303035736,0.6132568,0.5738466,NA,NA,NA,NA,NA,0.5247826,NA,NA,0.9084553,NA,NA,NA,NA,NA,NA,0.9175192,NA,NA,NA,NA,0.5118193,0.5432103,0.6009398,0.5278593,0.5278593,0.5278593,NA,NA,NA,NA,NA,NA,NA,NA,NA,NA,NA,NA,NA,NA,NA,NA,NA,NA,NA,NA,NA,NA,NA,NA,13,IL12B,3593,GWAS,1,90,17
0.71297311476468,ENSG00000115232,ITGA4,protein_coding,0.761690363099159,NA,NA,FINNGEN_R12_CHRONOTH/GCST90446792/GCST004132,0.939484655857086/0.886404156684875/0.826534032821655,0.826534,0.8864042,NA,NA,NA,NA,NA,NA,NA,NA,NA,NA,0.9394847,NA,NA,NA,NA,NA,NA,NA,NA,NA,NA,NA,NA,NA,NA,NA,NA,NA,NA,NA,NA,NA,NA,NA,NA,NA,NA,NA,NA,NA,NA,NA,NA,NA,NA,NA,NA,NA,NA,NA,3,ITGA4,3676,GWAS,1,289,12
0.637782018056979,ENSG00000136634,IL10,protein_coding,0.881336702617034,NA,NA,GCST000879/GCST90446792/FINNGEN_R12_RX_CROHN_2NDLINE/GCST005537/GCST004132/FINNGEN_R12_CHRONOTH,0.961223244667053/0.961223244667053/0.959710299968719/0.959677278995514/0.942226111888885/0.939293324947357,0.9422261,0.9612232,NA,NA,NA,NA,NA,0.9596773,NA,NA,NA,NA,0.9392933,NA,NA,NA,NA,0.9612232,NA,NA,NA,NA,NA,NA,0.9597103,NA,NA,NA,NA,NA,NA,NA,NA,NA,NA,NA,NA,NA,NA,NA,NA,NA,NA,NA,NA,NA,NA,NA,NA,NA,NA,NA,5,IL10,3586,GWAS,1,500,58
0.575330877068628,ENSG00000162594,IL23R,protein_coding,0.933466659367472,NA,NA,GCST004132/GCST000879/GCST90446793/GCST002094/GCST001438/GCST000014/FINNGEN_R12_RX_CROHN_1STLINE/FINNGEN_R12_RX_CROHN_2NDLINE/GCST001652/GCST90044153/GCST001396/GCST90468121/GCST90129433/FINNGEN_R12_CHRONLARGE/GCST005537/FINNGEN_R12_K11_CD_STRICT2/FINNGEN_R12_K11_CD_STRICT2/GCST003097_2/FINNGEN_R12_CHRONLARGE/GCST004132/FINNGEN_R12_CHRONNAS/GCST000023/FINNGEN_R12_CHRONOTH/GCST000042/GCST90475318/GCST90446792/GCST000207/GCST90103740/FINNGEN_R12_CHRONOTH/GCST90446793/GCST90479616/GCST90475318/GCST90468121/FINNGEN_R12_CHRONSMALL/GCST90446792,0.955879986286163/0.952230930328369/0.946546137332916/0.946546137332916/0.938219785690308/0.938219785690308/0.937208533287048/0.933857262134552/0.932877480983734/0.932233154773712/0.927077889442444/0.906546771526337/0.90637594461441/0.901153087615967/0.895778477191925/0.860548675060272/0.840450525283813/0.803474247455597/0.800022125244141/0.799826860427856/0.796502947807312/0.79513680934906/0.788405656814575/0.782088816165924/0.782088816165924/0.777558028697968/0.749607980251312/0.744730055332184/0.742895781993866/0.728415012359619/0.722253143787384/0.700374364852905/0.696560025215149/0.624172329902649/0.581048786640167,0.7998269,0.5810488,0.69656,0.9063759,0.6241723,NA,NA,0.8957785,0.7222531,0.7965029,0.749608,0.8404505,0.7428958,0.7820888,0.7951368,0.9328775,0.7003744,0.9522309,NA,NA,0.9322332,0.9382198,0.7447301,0.728415,0.9338573,0.8034742,NA,NA,0.9465461,0.9382198,0.9372085,0.9270779,0.8000221,NA,NA,NA,NA,NA,NA,NA,NA,NA,NA,NA,NA,NA,NA,NA,NA,NA,NA,NA,32,IL23R,149233,GWAS,1,196,39
0.561402050262508,ENSG00000096968,JAK2,protein_coding,0.753019189369172,NA,NA,GCST000879/GCST000207/GCST005537/GCST004132/GCST90446792,0.845324337482452/0.841410934925079/0.836424231529236/0.824606895446777/0.610078513622284,0.8246069,0.6100785,NA,NA,NA,NA,NA,0.8364242,NA,NA,0.8414109,NA,NA,NA,NA,NA,NA,0.8453243,NA,NA,NA,NA,NA,NA,NA,NA,NA,NA,NA,NA,NA,NA,NA,NA,NA,NA,NA,NA,NA,NA,NA,NA,NA,NA,NA,NA,NA,NA,NA,NA,NA,NA,5,JAK2,3717,GWAS,1,500,42
0.555518622364733,ENSG00000105397,TYK2,protein_coding,0.747252872160913,NA,NA,FINNGEN_R12_RX_CROHN_2NDLINE/GCST004132/GCST000879/GCST004132,0.91083300113678/0.788313925266266/0.642780482769012/0.637269973754883,0.63727,NA,NA,NA,NA,NA,NA,NA,NA,NA,NA,NA,NA,NA,NA,NA,NA,0.6427805,NA,NA,NA,NA,NA,NA,0.910833,NA,NA,NA,NA,NA,NA,NA,NA,NA,NA,NA,NA,NA,NA,NA,NA,NA,NA,NA,NA,NA,NA,NA,NA,NA,NA,NA,4,TYK2,7297,GWAS,1,289,31
0.545127464710978,ENSG00000168610,STAT3,protein_coding,0.735535655489991,NA,NA,GCST90446792/GCST90446793/GCST001785/GCST004132/GCST000207/GCST90319897/GCST005537,0.812009572982788/0.812009572982788/0.740660071372986/0.731591999530792/0.680821418762207/0.604006230831146/0.584652900695801,0.731592,0.8120096,NA,NA,NA,NA,NA,0.5846529,NA,NA,0.6808214,NA,NA,NA,NA,NA,NA,NA,NA,NA,NA,NA,NA,0.8120096,NA,NA,0.6040062,NA,NA,NA,NA,NA,NA,0.7406601,NA,NA,NA,NA,NA,NA,NA,NA,NA,NA,NA,NA,NA,NA,NA,NA,NA,NA,6,STAT3,6774,GWAS,1,500,56
0.543131769198467,ENSG00000179630,LACC1,protein_coding,0.886018051962111,NA,NA,GCST90446792/GCST001729/GCST90103739/GCST000207/GCST004132/GCST90319897/GCST000879/GCST005537/GCST90446793/GCST90446793,0.946560144424438/0.938384354114532/0.923930883407593/0.907138764858246/0.906903624534607/0.902827382087708/0.895864009857178/0.81377100944519/0.673295319080353/0.552864968776703,0.9069036,0.9465601,NA,NA,NA,NA,0.9383844,0.813771,NA,NA,0.9071388,NA,NA,NA,NA,NA,NA,0.895864,NA,NA,NA,NA,NA,0.552865,NA,NA,0.9028274,NA,NA,NA,NA,NA,NA,NA,0.9239309,NA,NA,NA,NA,NA,NA,NA,NA,NA,NA,NA,NA,NA,NA,NA,NA,NA,10,LACC1,144811,GWAS,1,39,6
0.540891255948777,ENSG00000178623,GPR35,protein_coding,0.871593846185526,NA,NA,GCST90446793/GCST005537/GCST90446792/GCST90446793/GCST90446792/GCST008485/GCST90319897,0.930735230445862/0.928868234157562/0.905663073062897/0.897968709468842/0.89482969045639/0.867887139320374/0.74646383523941,NA,0.8948297,NA,NA,NA,NA,NA,0.9288682,NA,NA,NA,NA,NA,NA,NA,NA,NA,NA,NA,NA,NA,NA,NA,0.8979687,NA,NA,0.7464638,NA,NA,NA,NA,NA,NA,NA,NA,0.8678871,NA,NA,NA,NA,NA,NA,NA,NA,NA,NA,NA,NA,NA,NA,NA,NA,7,GPR35,2859,GWAS,1,30,0
0.527260796354255,ENSG00000181634,TNFSF15,protein_coding,0.856332317756819,NA,NA,GCST000879/GCST004132/GCST005537/GCST003360/GCST000207/GCST001785/GCST90103738/GCST90446792/GCST010577/GCST90103740/GCST90446792/GCST90446792/GCST90446793/GCST90446793/GCST007216/FINNGEN_R12_CHRONNAS/GCST90319897/GCST90446793/GCST001118/GCST90446792/GCST004132,0.886566877365112/0.886566877365112/0.870560884475708/0.867185711860657/0.858228862285614/0.855599403381348/0.83045881986618/0.830161690711975/0.826796293258667/0.815202295780182/0.810890436172485/0.809034466743469/0.809034466743469/0.80189448595047/0.778213798999786/0.765349566936493/0.74393355846405/0.740686178207397/0.739026725292206/0.719742476940155/0.606949865818024,0.6069499,0.7197425,NA,NA,NA,NA,NA,0.8705609,NA,0.7653496,0.8582289,NA,NA,NA,NA,NA,NA,0.8865669,NA,NA,NA,NA,0.8152023,0.7406862,NA,NA,0.7439336,0.8304588,NA,NA,NA,NA,NA,0.8555994,NA,NA,0.8671857,0.8267963,0.7782138,0.7390267,NA,NA,NA,NA,NA,NA,NA,NA,NA,NA,NA,NA,19,TNFSF15,9966,GWAS,1,82,22
0.522551136305924,ENSG00000159128,IFNGR2,protein_coding,0.859556940294639,NA,NA,GCST001729/GCST005537/GCST004132/GCST90446792,0.971863090991974/0.971863090991974/0.963431000709534/0.90332555770874,0.963431,0.9033256,NA,NA,NA,NA,0.9718631,0.9718631,NA,NA,NA,NA,NA,NA,NA,NA,NA,NA,NA,NA,NA,NA,NA,NA,NA,NA,NA,NA,NA,NA,NA,NA,NA,NA,NA,NA,NA,NA,NA,NA,NA,NA,NA,NA,NA,NA,NA,NA,NA,NA,NA,NA,3,IFNGR2,3460,GWAS,1,130,14
0.521452202975356,ENSG00000134242,PTPN22,protein_coding,0.848423805056811,NA,NA,FINNGEN_R12_RX_CROHN_2NDLINE/GCST004132/GCST005537/GCST000879/GCST001729/GCST003097_2/FINNGEN_R12_RX_CROHN_1STLINE,0.929686605930328/0.912320077419281/0.908314943313599/0.866450130939484/0.771594524383545/0.756896436214447/0.71750670671463,0.9123201,NA,NA,NA,NA,NA,0.7715945,0.9083149,NA,NA,NA,NA,NA,NA,NA,NA,NA,0.8664501,NA,NA,NA,NA,NA,NA,0.9296866,0.7568964,NA,NA,NA,NA,0.7175067,NA,NA,NA,NA,NA,NA,NA,NA,NA,NA,NA,NA,NA,NA,NA,NA,NA,NA,NA,NA,NA,7,PTPN22,26191,GWAS,1,157,30
0.510010175264394,ENSG00000085978,ATG16L1,protein_coding,0.812601089161453,NA,NA,GCST001729/GCST000207/GCST004132/GCST005537/GCST000879/GCST90446793/GCST90446792/GCST001438/GCST000023/GCST003097_2/GCST000042/GCST001652/GCST90319897,0.855201840400696/0.84948205947876/0.848436772823334/0.84836333990097/0.84390789270401/0.837021052837372/0.832939088344574/0.825039982795715/0.818921208381653/0.809019088745117/0.803738474845886/0.802704632282257/0.758342027664185,0.8484368,0.8329391,NA,NA,NA,NA,0.8552018,0.8483633,NA,NA,0.8494821,NA,NA,0.8037385,0.8189212,0.8027046,NA,0.8439079,NA,NA,NA,0.82504,NA,0.8370211,NA,0.8090191,0.758342,NA,NA,NA,NA,NA,NA,NA,NA,NA,NA,NA,NA,NA,NA,NA,NA,NA,NA,NA,NA,NA,NA,NA,NA,NA,13,ATG16L1,55054,GWAS,1,177,13
0.504245510879591,ENSG00000119919,NKX2-3,protein_coding,0.818468696084331,NA,NA,GCST90446793/GCST005537/GCST004132/GCST000207/GCST000879/GCST000039/GCST003097_2/GCST90446792/FINNGEN_R12_CHRONNAS/FINNGEN_R12_K11_CD_STRICT2/FINNGEN_R12_CHRONLARGE/FINNGEN_R12_CHRONOTH/FINNGEN_R12_CHRONSMALL,0.869961321353912/0.862370729446411/0.855032622814178/0.839430451393127/0.837477803230286/0.834795653820038/0.82168060541153/0.676880657672882/0.619899392127991/0.607746481895447/0.587705612182617/0.559969425201416/0.536797761917114,0.8550326,0.6768807,NA,NA,0.5367978,NA,NA,0.8623707,NA,0.6198994,0.8394305,0.6077465,0.5599694,NA,NA,NA,NA,0.8374778,NA,NA,NA,NA,NA,0.8699613,NA,0.8216806,NA,NA,NA,NA,NA,NA,0.5877056,NA,NA,NA,NA,NA,NA,NA,0.8347957,NA,NA,NA,NA,NA,NA,NA,NA,NA,NA,NA,13,NKX2-3,159296,GWAS,1,17,10
0.494366188573293,ENSG00000175354,PTPN2,protein_coding,0.801350203941152,NA,NA,GCST004132/FINNGEN_R12_RX_CROHN_2NDLINE/GCST90446792/GCST005537/GCST000879,0.890126764774323/0.884486973285675/0.832155108451843/0.817501127719879/0.684162735939026,0.8901268,0.8321551,NA,NA,NA,NA,NA,0.8175011,NA,NA,NA,NA,NA,NA,NA,NA,NA,0.6841627,NA,NA,NA,NA,NA,NA,0.884487,NA,NA,NA,NA,NA,NA,NA,NA,NA,NA,NA,NA,NA,NA,NA,NA,NA,NA,NA,NA,NA,NA,NA,NA,NA,NA,NA,5,PTPN2,5771,GWAS,1,106,22
0.49386826772822,ENSG00000112182,BACH2,protein_coding,0.80680843408209,NA,NA,GCST005537/GCST90446792/GCST000879/GCST004132,0.956388533115387/0.893151640892029/0.855104029178619/0.839209735393524,0.8392097,0.8931516,NA,NA,NA,NA,NA,0.9563885,NA,NA,NA,NA,NA,NA,NA,NA,NA,0.855104,NA,NA,NA,NA,NA,NA,NA,NA,NA,NA,NA,NA,NA,NA,NA,NA,NA,NA,NA,NA,NA,NA,NA,NA,NA,NA,NA,NA,NA,NA,NA,NA,NA,NA,4,BACH2,60468,GWAS,1,105,17
0.492827094868887,ENSG00000100906,NFKBIA,protein_coding,0.803981551975512,NA,NA,GCST90446793/GCST90319897/GCST90446793,0.885174810886383/0.864059925079346/0.85606062412262,NA,NA,NA,NA,NA,NA,NA,NA,NA,NA,NA,NA,NA,NA,NA,NA,NA,NA,NA,NA,NA,NA,NA,0.8560606,NA,NA,0.8640599,NA,NA,NA,NA,NA,NA,NA,NA,NA,NA,NA,NA,NA,NA,NA,NA,NA,NA,NA,NA,NA,NA,NA,NA,NA,3,NFKBIA,4792,GWAS,1,500,33
0.485152584395074,ENSG00000177311,ZBTB38,protein_coding,0.798039162189338,NA,NA,GCST90446793/GCST90446792/GCST90446792/GCST90319897,0.947279393672943/0.905366659164429/0.81814831495285/0.770998358726501,NA,0.8181483,NA,NA,NA,NA,NA,NA,NA,NA,NA,NA,NA,NA,NA,NA,NA,NA,NA,NA,NA,NA,NA,0.9472794,NA,NA,0.7709984,NA,NA,NA,NA,NA,NA,NA,NA,NA,NA,NA,NA,NA,NA,NA,NA,NA,NA,NA,NA,NA,NA,NA,NA,NA,4,ZBTB38,253461,GWAS,1,37,1
0.483166015944777,ENSG00000185811,IKZF1,protein_coding,0.79303205037507,NA,NA,GCST90428830/GCST90129433/GCST005537/GCST90446792/GCST004132/GCST90319897,0.907948791980743/0.782227456569672/0.757667362689972/0.744983553886414/0.739977836608887/0.73384428024292,0.7399778,0.7449836,NA,0.7822275,NA,NA,NA,0.7576674,NA,NA,NA,NA,NA,NA,NA,NA,NA,NA,NA,NA,NA,NA,NA,NA,NA,NA,0.7338443,NA,NA,NA,NA,NA,NA,NA,NA,NA,NA,NA,NA,NA,NA,0.9079488,NA,NA,NA,NA,NA,NA,NA,NA,NA,NA,6,IKZF1,10320,GWAS,1,290,21
0.478875806889525,ENSG00000140030,GPR65,protein_coding,0.785974968399061,NA,NA,GCST000879/GCST005537/GCST90446792,0.906785845756531/0.898978054523468/0.61680269241333,NA,0.6168027,NA,NA,NA,NA,NA,0.8989781,NA,NA,NA,NA,NA,NA,NA,NA,NA,0.9067858,NA,NA,NA,NA,NA,NA,NA,NA,NA,NA,NA,NA,NA,NA,NA,NA,NA,NA,NA,NA,NA,NA,NA,NA,NA,NA,NA,NA,NA,NA,NA,NA,NA,NA,3,GPR65,8477,GWAS,1,56,3
0.476126423992273,ENSG00000145996,CDKAL1,protein_coding,0.778792758911702,NA,NA,GCST90446792/GCST004132/GCST000207/GCST005537,0.84774249792099/0.836221694946289/0.822682440280914/0.785343706607819,0.8362217,0.8477425,NA,NA,NA,NA,NA,0.7853437,NA,NA,0.8226824,NA,NA,NA,NA,NA,NA,NA,NA,NA,NA,NA,NA,NA,NA,NA,NA,NA,NA,NA,NA,NA,NA,NA,NA,NA,NA,NA,NA,NA,NA,NA,NA,NA,NA,NA,NA,NA,NA,NA,NA,NA,4,CDKAL1,54901,GWAS,1,103,5
0.475037053532322,ENSG00000101017,CD40,protein_coding,0.769734191993164,NA,NA,GCST90454588/GCST005537/GCST90446792,0.946172058582306/0.944957077503204/0.753686726093292,NA,0.7536867,NA,NA,NA,NA,NA,0.9449571,NA,NA,NA,NA,NA,NA,NA,NA,NA,NA,NA,NA,NA,NA,NA,NA,NA,NA,NA,NA,NA,NA,NA,NA,NA,NA,NA,NA,NA,NA,NA,NA,NA,NA,0.9461721,NA,NA,NA,NA,NA,NA,NA,NA,NA,3,CD40,958,GWAS,1,500,46
0.474571288822631,ENSG00000164691,TAGAP,protein_coding,0.775857163584612,NA,NA,GCST90446792/GCST004132/GCST001729/GCST000955/GCST000879/GCST005537,0.839668571949005/0.830373466014862/0.820690631866455/0.80774599313736/0.79893285036087/0.777284383773804,0.8303735,0.8396686,NA,NA,NA,NA,0.8206906,0.7772844,NA,NA,NA,NA,NA,NA,NA,NA,NA,0.7989329,NA,NA,NA,NA,NA,NA,NA,NA,NA,NA,NA,NA,NA,NA,NA,NA,NA,NA,NA,NA,NA,NA,NA,NA,NA,0.807746,NA,NA,NA,NA,NA,NA,NA,NA,6,TAGAP,117289,GWAS,1,91,22
0.471378251120123,ENSG00000134460,IL2RA,protein_coding,0.730348282477531,NA,NA,FINNGEN_R12_RX_CROHN_1STLINE/GCST90301326/GCST005537/FINNGEN_R12_RX_CROHN_2NDLINE/GCST003097_2/GCST000879/GCST90446792,0.810924768447876/0.770077645778656/0.757792472839355/0.756125390529633/0.72719544172287/0.69362211227417/0.692169189453125,NA,0.6921692,NA,NA,NA,NA,NA,0.7577925,NA,NA,NA,NA,NA,NA,NA,NA,NA,0.6936221,NA,NA,NA,NA,NA,NA,0.7561254,0.7271954,NA,NA,NA,NA,0.8109248,NA,NA,NA,NA,NA,NA,NA,NA,NA,NA,NA,NA,NA,0.7700776,NA,NA,NA,NA,NA,NA,NA,7,IL2RA,3559,GWAS,1,322,40
0.47128401947265,ENSG00000182095,TNRC18,protein_coding,0.775226425975101,NA,NA,FINNGEN_R12_RX_CROHN_2NDLINE/FINNGEN_R12_CHRONLARGE/FINNGEN_R12_CHRONSMALL/FINNGEN_R12_ULCERILEO/FINNGEN_R12_RX_CROHN_1STLINE/FINNGEN_R12_K11_CD_STRICT2/FINNGEN_R12_CHRONOTH/FINNGEN_R12_CHRONNAS,0.823371529579163/0.823371529579163/0.823371529579163/0.823371529579163/0.823371529579163/0.823371529579163/0.801259815692902/0.801259815692902,NA,NA,NA,NA,0.8233715,NA,NA,NA,NA,0.8012598,NA,0.8233715,0.8012598,NA,NA,NA,NA,NA,NA,NA,NA,NA,NA,NA,0.8233715,NA,NA,NA,NA,NA,0.8233715,NA,0.8233715,NA,NA,NA,NA,NA,NA,NA,NA,NA,NA,NA,NA,0.8233715,NA,NA,NA,NA,NA,NA,2,TNRC18,84629,GWAS,1,19,0
0.470080120178219,ENSG00000153814,JAZF1,protein_coding,0.771726276057541,NA,NA,GCST90446792/GCST005537/GCST001729,0.860812842845917/0.858518302440643/0.854289352893829,NA,0.8608128,NA,NA,NA,NA,0.8542894,0.8585183,NA,NA,NA,NA,NA,NA,NA,NA,NA,NA,NA,NA,NA,NA,NA,NA,NA,NA,NA,NA,NA,NA,NA,NA,NA,NA,NA,NA,NA,NA,NA,NA,NA,NA,NA,NA,NA,NA,NA,NA,NA,NA,NA,NA,3,JAZF1,221895,GWAS,1,115,2
0.467680110524513,ENSG00000020633,RUNX3,protein_coding,0.763772009591445,NA,NA,GCST90319897/GCST90446792/GCST90446793/GCST90446793/GCST005537,0.8400639295578/0.816730439662933/0.814237594604492/0.814237594604492/0.783439636230469,NA,0.8167304,NA,NA,NA,NA,NA,0.7834396,NA,NA,NA,NA,NA,NA,NA,NA,NA,NA,NA,NA,NA,NA,NA,0.8142376,NA,NA,0.8400639,NA,NA,NA,NA,NA,NA,NA,NA,NA,NA,NA,NA,NA,NA,NA,NA,NA,NA,NA,NA,NA,NA,NA,NA,NA,4,RUNX3,864,GWAS,1,262,16
0.467221464111525,ENSG00000173531,MST1,protein_coding,0.738546161528078,NA,NA,GCST005537/GCST000879/GCST000207/FINNGEN_R12_ULCERILEO/FINNGEN_R12_CHRONOTH/GCST004132,0.871540427207947/0.724249362945557/0.673159182071686/0.663121402263641/0.657331883907318/0.644454300403595,0.6444543,NA,NA,NA,NA,NA,NA,0.8715404,NA,NA,0.6731592,NA,0.6573319,NA,NA,NA,NA,0.7242494,NA,NA,NA,NA,NA,NA,NA,NA,NA,NA,NA,NA,NA,NA,NA,NA,NA,NA,NA,NA,NA,NA,NA,NA,NA,NA,NA,0.6631214,NA,NA,NA,NA,NA,NA,6,MST1,4485,GWAS,1,25,1
0.465566746511038,ENSG00000163362,INAVA,protein_coding,0.750511921950927,NA,NA,GCST005537/GCST90446792/GCST004132,0.929239392280579/0.810890436172485/0.79200679063797,0.7920068,0.8108904,NA,NA,NA,NA,NA,0.9292394,NA,NA,NA,NA,NA,NA,NA,NA,NA,NA,NA,NA,NA,NA,NA,NA,NA,NA,NA,NA,NA,NA,NA,NA,NA,NA,NA,NA,NA,NA,NA,NA,NA,NA,NA,NA,NA,NA,NA,NA,NA,NA,NA,NA,3,INAVA,55765,GWAS,1,17,0
0.464410637218704,ENSG00000151773,CCDC122,protein_coding,0.763920234084594,NA,NA,GCST90446793,0.8599773645401,NA,NA,NA,NA,NA,NA,NA,NA,NA,NA,NA,NA,NA,NA,NA,NA,NA,NA,NA,NA,NA,NA,NA,0.8599774,NA,NA,NA,NA,NA,NA,NA,NA,NA,NA,NA,NA,NA,NA,NA,NA,NA,NA,NA,NA,NA,NA,NA,NA,NA,NA,NA,NA,1,CCDC122,160857,GWAS,1,20,4
0.459751533574925,ENSG00000081985,IL12RB2,protein_coding,0.752718359387868,NA,NA,FINNGEN_R12_CHRONOTH/GCST010124/FINNGEN_R12_CHRONSMALL,0.831975519657135/0.826545536518097/0.756994545459747,NA,NA,NA,NA,0.7569945,NA,NA,NA,NA,NA,NA,NA,0.8319755,NA,NA,NA,NA,NA,NA,NA,NA,NA,NA,NA,NA,NA,NA,NA,NA,NA,NA,NA,NA,NA,NA,NA,NA,NA,NA,NA,NA,NA,NA,NA,NA,NA,0.8265455,NA,NA,NA,NA,NA,3,IL12RB2,3595,GWAS,1,140,22
0.459751337130454,ENSG00000079263,SP140,protein_coding,0.750313323584217,NA,NA,GCST001729/GCST004132/GCST90446792/GCST000879/GCST005537,0.844324111938477/0.842686116695404/0.841817796230316/0.841075122356415/0.82775741815567,0.8426861,0.8418178,NA,NA,NA,NA,0.8443241,0.8277574,NA,NA,NA,NA,NA,NA,NA,NA,NA,0.8410751,NA,NA,NA,NA,NA,NA,NA,NA,NA,NA,NA,NA,NA,NA,NA,NA,NA,NA,NA,NA,NA,NA,NA,NA,NA,NA,NA,NA,NA,NA,NA,NA,NA,NA,5,SP140,11262,GWAS,1,32,2
0.459529875493286,ENSG00000237693,IRGM,protein_coding,0.743884508838798,NA,NA,GCST90446792/GCST005537/GCST004132/GCST000039,0.845898449420929/0.791418373584747/0.753634929656982/0.733369708061218,0.7536349,0.8458984,NA,NA,NA,NA,NA,0.7914184,NA,NA,NA,NA,NA,NA,NA,NA,NA,NA,NA,NA,NA,NA,NA,NA,NA,NA,NA,NA,NA,NA,NA,NA,NA,NA,NA,NA,NA,NA,NA,NA,0.7333697,NA,NA,NA,NA,NA,NA,NA,NA,NA,NA,NA,4,IRGM,345611,GWAS,1,85,14
0.459445512646738,ENSG00000162927,PUS10,protein_coding,0.752257379094753,NA,NA,GCST000955/GCST005537/GCST004132/GCST90446792/GCST000879/GCST001438,0.856804013252258/0.791160404682159/0.788526058197021/0.77260559797287/0.692321419715881/0.691827833652496,0.7885261,0.7726056,NA,NA,NA,NA,NA,0.7911604,NA,NA,NA,NA,NA,NA,NA,NA,NA,0.6923214,NA,NA,NA,0.6918278,NA,NA,NA,NA,NA,NA,NA,NA,NA,NA,NA,NA,NA,NA,NA,NA,NA,NA,NA,NA,NA,0.856804,NA,NA,NA,NA,NA,NA,NA,NA,6,PUS10,150962,GWAS,1,36,3
0.457407441329724,ENSG00000128604,IRF5,protein_coding,0.744404854321199,NA,NA,GCST005537/FINNGEN_R12_RX_CROHN_1STLINE/FINNGEN_R12_RX_CROHN_2NDLINE,0.900340437889099/0.897643446922302/0.897643446922302,NA,NA,NA,NA,NA,NA,NA,0.9003404,NA,NA,NA,NA,NA,NA,NA,NA,NA,NA,NA,NA,NA,NA,NA,NA,0.8976434,NA,NA,NA,NA,NA,0.8976434,NA,NA,NA,NA,NA,NA,NA,NA,NA,NA,NA,NA,NA,NA,NA,NA,NA,NA,NA,NA,NA,2,IRF5,3663,GWAS,1,186,24
0.456859668767364,ENSG00000166949,SMAD3,protein_coding,0.747290628164969,NA,NA,GCST90446792/GCST003097_2/GCST000879/GCST005537/GCST004132/FINNGEN_R12_RX_CROHN_1STLINE/GCST90446792,0.845348238945007/0.7606360912323/0.74602198600769/0.744301319122314/0.738897740840912/0.728857636451721/0.711330950260162,0.7388977,0.711331,NA,NA,NA,NA,NA,0.7443013,NA,NA,NA,NA,NA,NA,NA,NA,NA,0.746022,NA,NA,NA,NA,NA,NA,NA,0.7606361,NA,NA,NA,NA,0.7288576,NA,NA,NA,NA,NA,NA,NA,NA,NA,NA,NA,NA,NA,NA,NA,NA,NA,NA,NA,NA,NA,7,SMAD3,4088,GWAS,1,500,23
0.453624616528557,ENSG00000131507,NDFIP1,protein_coding,0.746178049065309,NA,NA,GCST004132/GCST90446792/GCST005537/GCST000879/GCST90446792/FINNGEN_R12_RX_CROHN_1STLINE,0.826727747917175/0.825219511985779/0.824514150619507/0.80609917640686/0.786175310611725/0.753577589988708,0.8267277,0.7861753,NA,NA,NA,NA,NA,0.8245142,NA,NA,NA,NA,NA,NA,NA,NA,NA,0.8060992,NA,NA,NA,NA,NA,NA,NA,NA,NA,NA,NA,NA,0.7535776,NA,NA,NA,NA,NA,NA,NA,NA,NA,NA,NA,NA,NA,NA,NA,NA,NA,NA,NA,NA,NA,6,NDFIP1,80762,GWAS,1,30,0
0.450750020038618,ENSG00000075426,FOSL2,protein_coding,0.74053765991997,NA,NA,GCST004132/GCST90446792/GCST005537,0.859228134155273/0.853976726531982/0.845733225345612,0.8592281,0.8539767,NA,NA,NA,NA,NA,0.8457332,NA,NA,NA,NA,NA,NA,NA,NA,NA,NA,NA,NA,NA,NA,NA,NA,NA,NA,NA,NA,NA,NA,NA,NA,NA,NA,NA,NA,NA,NA,NA,NA,NA,NA,NA,NA,NA,NA,NA,NA,NA,NA,NA,NA,3,FOSL2,2355,GWAS,1,127,10
0.450159479170673,ENSG00000108219,TSPAN14,protein_coding,0.740478161230218,NA,NA,GCST004132/GCST90446792/GCST005537,0.905691683292389/0.905173122882843/0.774408459663391,0.9056917,0.9051731,NA,NA,NA,NA,NA,0.7744085,NA,NA,NA,NA,NA,NA,NA,NA,NA,NA,NA,NA,NA,NA,NA,NA,NA,NA,NA,NA,NA,NA,NA,NA,NA,NA,NA,NA,NA,NA,NA,NA,NA,NA,NA,NA,NA,NA,NA,NA,NA,NA,NA,NA,3,TSPAN14,81619,GWAS,1,32,1
0.445800877657984,ENSG00000142224,IL19,protein_coding,0.726062369345526,NA,NA,GCST004132/FINNGEN_R12_CHRONOTH,0.845259130001068/0.834701120853424,0.8452591,NA,NA,NA,NA,NA,NA,NA,NA,NA,NA,NA,0.8347011,NA,NA,NA,NA,NA,NA,NA,NA,NA,NA,NA,NA,NA,NA,NA,NA,NA,NA,NA,NA,NA,NA,NA,NA,NA,NA,NA,NA,NA,NA,NA,NA,NA,NA,NA,NA,NA,NA,NA,2,IL19,29949,GWAS,1,103,14
0.445467959365584,ENSG00000172575,RASGRP1,protein_coding,0.730667187038242,NA,NA,GCST90446792/GCST001729/GCST005537/GCST90301328/GCST90301326/GCST90454588,0.814218401908875/0.806418657302856/0.806418657302856/0.80111438035965/0.80111438035965/0.516696393489838,NA,0.8142184,NA,NA,NA,NA,0.8064187,0.8064187,NA,NA,NA,NA,NA,NA,NA,NA,NA,NA,NA,NA,NA,NA,NA,NA,NA,NA,NA,NA,NA,NA,NA,NA,NA,NA,NA,NA,NA,NA,NA,NA,NA,NA,0.5166964,NA,0.8011144,NA,NA,0.8011144,NA,NA,NA,NA,4,RASGRP1,10125,GWAS,1,119,1
0.445368522567032,ENSG00000205592,MUC19,protein_coding,0.724702360245279,NA,NA,GCST000879/GCST004132/GCST90446792,0.859371244907379/0.829367697238922/0.763581156730652,0.8293677,0.7635812,NA,NA,NA,NA,NA,NA,NA,NA,NA,NA,NA,NA,NA,NA,NA,0.8593712,NA,NA,NA,NA,NA,NA,NA,NA,NA,NA,NA,NA,NA,NA,NA,NA,NA,NA,NA,NA,NA,NA,NA,NA,NA,NA,NA,NA,NA,NA,NA,NA,NA,NA,3,MUC19,283463,GWAS,1,73,0
0.443572846579345,ENSG00000107968,MAP3K8,protein_coding,0.715219832303356,NA,NA,GCST90446792/GCST005537/GCST004132,0.856391847133636/0.781454503536224/0.760056018829346,0.760056,0.8563918,NA,NA,NA,NA,NA,0.7814545,NA,NA,NA,NA,NA,NA,NA,NA,NA,NA,NA,NA,NA,NA,NA,NA,NA,NA,NA,NA,NA,NA,NA,NA,NA,NA,NA,NA,NA,NA,NA,NA,NA,NA,NA,NA,NA,NA,NA,NA,NA,NA,NA,NA,3,MAP3K8,1326,GWAS,1,71,8
0.443238951731544,ENSG00000213066,CEP43,protein_coding,0.729094419089965,NA,NA,GCST90446793/GCST000207/GCST004132/GCST90428830/FINNGEN_R12_RX_CROHN_2NDLINE,0.838561773300171/0.813752949237823/0.780654549598694/0.55769681930542/0.529466509819031,0.7806545,NA,NA,NA,NA,NA,NA,NA,NA,NA,0.8137529,NA,NA,NA,NA,NA,NA,NA,NA,NA,NA,NA,NA,0.8385618,0.5294665,NA,NA,NA,NA,NA,NA,NA,NA,NA,NA,NA,NA,NA,NA,NA,NA,0.5576968,NA,NA,NA,NA,NA,NA,NA,NA,NA,NA,5,FGFR1OP,11116,GWAS,1,1,NA
0.442473871645554,ENSG00000108691,CCL2,protein_coding,0.713446351369259,NA,NA,GCST90428830/GCST005537/GCST004132/GCST000879,0.77597177028656/0.72807252407074/0.722659587860107/0.708819031715393,0.7226596,NA,NA,NA,NA,NA,NA,0.7280725,NA,NA,NA,NA,NA,NA,NA,NA,NA,0.708819,NA,NA,NA,NA,NA,NA,NA,NA,NA,NA,NA,NA,NA,NA,NA,NA,NA,NA,NA,NA,NA,NA,NA,0.7759718,NA,NA,NA,NA,NA,NA,NA,NA,NA,NA,4,CCL2,6347,GWAS,1,500,38
0.44215064807313,ENSG00000100365,NCF4,protein_coding,0.721751197246713,NA,NA,GCST90446793/GCST90446792/GCST90446792,0.898018181324005/0.863791823387146/0.659337997436523,NA,0.659338,NA,NA,NA,NA,NA,NA,NA,NA,NA,NA,NA,NA,NA,NA,NA,NA,NA,NA,NA,NA,NA,0.8980182,NA,NA,NA,NA,NA,NA,NA,NA,NA,NA,NA,NA,NA,NA,NA,NA,NA,NA,NA,NA,NA,NA,NA,NA,NA,NA,NA,NA,3,NCF4,4689,GWAS,1,165,13
0.440961319631706,ENSG00000125347,IRF1,protein_coding,0.712615786048716,NA,NA,GCST90428830/GCST010124,0.902193784713745/0.893854379653931,NA,NA,NA,NA,NA,NA,NA,NA,NA,NA,NA,NA,NA,NA,NA,NA,NA,NA,NA,NA,NA,NA,NA,NA,NA,NA,NA,NA,NA,NA,NA,NA,NA,NA,NA,NA,NA,NA,NA,NA,NA,0.9021938,NA,NA,NA,NA,0.8938544,NA,NA,NA,NA,NA,2,IRF1,3659,GWAS,1,377,27
0.439346366075021,ENSG00000124203,ZNF831,protein_coding,0.722083329819661,NA,NA,GCST90446792/GCST005537/FINNGEN_R12_RX_CROHN_2NDLINE,0.878085792064667/0.866490840911865/0.837573707103729,NA,0.8780858,NA,NA,NA,NA,NA,0.8664908,NA,NA,NA,NA,NA,NA,NA,NA,NA,NA,NA,NA,NA,NA,NA,NA,0.8375737,NA,NA,NA,NA,NA,NA,NA,NA,NA,NA,NA,NA,NA,NA,NA,NA,NA,NA,NA,NA,NA,NA,NA,NA,NA,NA,NA,3,ZNF831,128611,GWAS,1,26,2
0.437184999222393,ENSG00000153064,BANK1,protein_coding,0.717530401126756,NA,NA,GCST005537/GCST001729,0.871125459671021/0.826973557472229,NA,NA,NA,NA,NA,NA,0.8269736,0.8711255,NA,NA,NA,NA,NA,NA,NA,NA,NA,NA,NA,NA,NA,NA,NA,NA,NA,NA,NA,NA,NA,NA,NA,NA,NA,NA,NA,NA,NA,NA,NA,NA,NA,NA,NA,NA,NA,NA,NA,NA,NA,NA,NA,NA,2,BANK1,55024,GWAS,1,51,7
0.434617631578746,ENSG00000115607,IL18RAP,protein_coding,0.709320054648232,NA,NA,GCST90446792/GCST90446792/GCST004132/GCST000879,0.826074004173279/0.818358063697815/0.763091504573822/0.748626172542572,0.7630915,0.8183581,NA,NA,NA,NA,NA,NA,NA,NA,NA,NA,NA,NA,NA,NA,NA,0.7486262,NA,NA,NA,NA,NA,NA,NA,NA,NA,NA,NA,NA,NA,NA,NA,NA,NA,NA,NA,NA,NA,NA,NA,NA,NA,NA,NA,NA,NA,NA,NA,NA,NA,NA,4,IL18RAP,8807,GWAS,1,85,15
0.434165326481145,ENSG00000054983,GALC,protein_coding,0.714168994541568,NA,NA,GCST90446792/GCST004132/GCST90446792,0.872990906238556/0.627014696598053/0.564955234527588,0.6270147,0.5649552,NA,NA,NA,NA,NA,NA,NA,NA,NA,NA,NA,NA,NA,NA,NA,NA,NA,NA,NA,NA,NA,NA,NA,NA,NA,NA,NA,NA,NA,NA,NA,NA,NA,NA,NA,NA,NA,NA,NA,NA,NA,NA,NA,NA,NA,NA,NA,NA,NA,NA,3,GALC,2581,GWAS,1,85,0
0.432310176136353,ENSG00000130876,SLC7A10,protein_coding,0.711117413091705,NA,NA,FINNGEN_R12_RX_CROHN_1STLINE/GCST90446792/GCST90446792/GCST004132/GCST000879,0.831720054149628/0.684126555919647/0.670702338218689/0.668440878391266/0.516400158405304,0.6684409,0.6707023,NA,NA,NA,NA,NA,NA,NA,NA,NA,NA,NA,NA,NA,NA,NA,0.5164002,NA,NA,NA,NA,NA,NA,NA,NA,NA,NA,NA,NA,0.8317201,NA,NA,NA,NA,NA,NA,NA,NA,NA,NA,NA,NA,NA,NA,NA,NA,NA,NA,NA,NA,NA,5,SLC7A10,56301,GWAS,1,26,0
0.430481676007455,ENSG00000146374,RSPO3,protein_coding,0.705525963333505,NA,NA,GCST004132/GCST001729,0.861226618289948/0.838643908500671,0.8612266,NA,NA,NA,NA,NA,0.8386439,NA,NA,NA,NA,NA,NA,NA,NA,NA,NA,NA,NA,NA,NA,NA,NA,NA,NA,NA,NA,NA,NA,NA,NA,NA,NA,NA,NA,NA,NA,NA,NA,NA,NA,NA,NA,NA,NA,NA,NA,NA,NA,NA,NA,NA,2,RSPO3,84870,GWAS,1,69,1
0.430116787372211,ENSG00000121281,ADCY7,protein_coding,0.706808730706109,NA,NA,FINNGEN_R12_CHRONLARGE/FINNGEN_R12_CHRONNAS,0.927616119384766/0.902903079986572,NA,NA,NA,NA,NA,NA,NA,NA,NA,0.9029031,NA,NA,NA,NA,NA,NA,NA,NA,NA,NA,NA,NA,NA,NA,NA,NA,NA,NA,NA,NA,NA,NA,0.9276161,NA,NA,NA,NA,NA,NA,NA,NA,NA,NA,NA,NA,NA,NA,NA,NA,NA,NA,NA,2,ADCY7,113,GWAS,1,129,2
0.428339044251387,ENSG00000171522,PTGER4,protein_coding,0.696365286637675,NA,NA,GCST003097_2/GCST90446793/FINNGEN_R12_CHRONLARGE/GCST90319897/FINNGEN_R12_RX_CROHN_2NDLINE/FINNGEN_R12_RX_CROHN_1STLINE/GCST90446793/FINNGEN_R12_K11_CD_STRICT2/FINNGEN_R12_CHRONSMALL/FINNGEN_R12_CHRONOTH/GCST000042/GCST000207/GCST004132/GCST000879/GCST005537/GCST000014/GCST000039/GCST001438/FINNGEN_R12_CHRONSMALL/GCST90475318/FINNGEN_R12_CHRONNAS/FINNGEN_R12_K11_CD_STRICT2/FINNGEN_R12_CHRONOTH,0.733230292797089/0.709177017211914/0.707310736179352/0.696211993694305/0.691871821880341/0.665225684642792/0.588845074176788/0.587395429611206/0.586696982383728/0.586664736270905/0.575630962848663/0.575598478317261/0.516154170036316/0.509116888046265/0.509116888046265/0.506606936454773/0.506606936454773/0.506606936454773/0.504237532615662/0.504237532615662/0.504237532615662/0.504237532615662/0.504237532615662,0.5161542,NA,NA,NA,0.5042375,NA,NA,0.5091169,NA,0.5042375,0.5755985,0.5042375,0.5042375,0.575631,NA,NA,0.5042375,0.5091169,NA,NA,NA,0.5066069,NA,0.5888451,0.6918718,0.7332303,0.696212,NA,NA,0.5066069,0.6652257,NA,0.7073107,NA,NA,NA,NA,NA,NA,NA,0.5066069,NA,NA,NA,NA,NA,NA,NA,NA,NA,NA,NA,16,PTGER4,5734,GWAS,1,129,10
0.428096655478156,ENSG00000108094,CUL2,protein_coding,0.703122612658844,NA,NA,GCST90446792/GCST000207/GCST000879,0.848917841911316/0.686923921108246/0.523459911346436,NA,0.8489178,NA,NA,NA,NA,NA,NA,NA,NA,0.6869239,NA,NA,NA,NA,NA,NA,0.5234599,NA,NA,NA,NA,NA,NA,NA,NA,NA,NA,NA,NA,NA,NA,NA,NA,NA,NA,NA,NA,NA,NA,NA,NA,NA,NA,NA,NA,NA,NA,NA,NA,NA,NA,3,CUL2,8453,GWAS,1,267,5
0.42689292441954,ENSG00000105963,ADAP1,protein_coding,0.698036040094658,NA,NA,GCST90446793/GCST90446792/GCST90103740/GCST90446793,0.812025249004364/0.797982096672058/0.791049897670746/0.780817210674286,NA,0.7979821,NA,NA,NA,NA,NA,NA,NA,NA,NA,NA,NA,NA,NA,NA,NA,NA,NA,NA,NA,NA,0.7910499,0.7808172,NA,NA,NA,NA,NA,NA,NA,NA,NA,NA,NA,NA,NA,NA,NA,NA,NA,NA,NA,NA,NA,NA,NA,NA,NA,NA,NA,NA,4,ADAP1,11033,GWAS,1,21,0
0.425639604777602,ENSG00000116288,PARK7,protein_coding,0.699004959478212,NA,NA,GCST005537,0.946972489356995,NA,NA,NA,NA,NA,NA,NA,0.9469725,NA,NA,NA,NA,NA,NA,NA,NA,NA,NA,NA,NA,NA,NA,NA,NA,NA,NA,NA,NA,NA,NA,NA,NA,NA,NA,NA,NA,NA,NA,NA,NA,NA,NA,NA,NA,NA,NA,NA,NA,NA,NA,NA,NA,1,PARK7,11315,GWAS,1,400,3
0.424240280024228,ENSG00000138821,SLC39A8,protein_coding,0.676912501711284,NA,NA,GCST004132/GCST90446792,0.869500696659088/0.51445859670639,0.8695007,0.5144586,NA,NA,NA,NA,NA,NA,NA,NA,NA,NA,NA,NA,NA,NA,NA,NA,NA,NA,NA,NA,NA,NA,NA,NA,NA,NA,NA,NA,NA,NA,NA,NA,NA,NA,NA,NA,NA,NA,NA,NA,NA,NA,NA,NA,NA,NA,NA,NA,NA,NA,2,SLC39A8,64116,GWAS,1,57,1
0.422811812955729,ENSG00000170345,FOS,protein_coding,0.690820339439176,NA,NA,GCST90446793/GCST90446792/GCST005537,0.829815328121185/0.829815328121185/0.807016551494598,NA,0.8298153,NA,NA,NA,NA,NA,0.8070166,NA,NA,NA,NA,NA,NA,NA,NA,NA,NA,NA,NA,NA,NA,NA,0.8298153,NA,NA,NA,NA,NA,NA,NA,NA,NA,NA,NA,NA,NA,NA,NA,NA,NA,NA,NA,NA,NA,NA,NA,NA,NA,NA,NA,NA,2,FOS,2353,GWAS,1,500,33
0.422697809436328,ENSG00000057657,PRDM1,protein_coding,0.686149040935419,NA,NA,GCST90446792/GCST005537/GCST000207/GCST004132,0.847773611545563/0.739184260368347/0.576558768749237/0.512500941753387,0.5125009,0.8477736,NA,NA,NA,NA,NA,0.7391843,NA,NA,0.5765588,NA,NA,NA,NA,NA,NA,NA,NA,NA,NA,NA,NA,NA,NA,NA,NA,NA,NA,NA,NA,NA,NA,NA,NA,NA,NA,NA,NA,NA,NA,NA,NA,NA,NA,NA,NA,NA,NA,NA,NA,NA,4,PRDM1,639,GWAS,1,215,23
0.416622170784725,ENSG00000115970,THADA,protein_coding,0.683640025833752,NA,NA,GCST000879/GCST90446792,0.83627986907959/0.756634891033173,NA,0.7566349,NA,NA,NA,NA,NA,NA,NA,NA,NA,NA,NA,NA,NA,NA,NA,0.8362799,NA,NA,NA,NA,NA,NA,NA,NA,NA,NA,NA,NA,NA,NA,NA,NA,NA,NA,NA,NA,NA,NA,NA,NA,NA,NA,NA,NA,NA,NA,NA,NA,NA,NA,2,THADA,63892,GWAS,1,36,3
0.411639643704431,ENSG00000213047,DENND1B,protein_coding,0.676356043321822,NA,NA,GCST004132/GCST005537/GCST000879,0.840026080608368/0.798720896244049/0.558497607707977,0.8400261,NA,NA,NA,NA,NA,NA,0.7987209,NA,NA,NA,NA,NA,NA,NA,NA,NA,0.5584976,NA,NA,NA,NA,NA,NA,NA,NA,NA,NA,NA,NA,NA,NA,NA,NA,NA,NA,NA,NA,NA,NA,NA,NA,NA,NA,NA,NA,NA,NA,NA,NA,NA,NA,3,DENND1B,163486,GWAS,1,53,3
0.411189949838341,ENSG00000167208,SNX20,protein_coding,0.674265226853601,NA,NA,GCST003959/GCST90103740,0.856054842472076/0.824503898620605,NA,NA,NA,NA,NA,NA,NA,NA,NA,NA,NA,NA,NA,NA,NA,NA,NA,NA,NA,NA,NA,NA,0.8245039,NA,NA,NA,NA,NA,NA,NA,NA,NA,NA,NA,NA,NA,NA,NA,NA,NA,NA,NA,NA,NA,NA,NA,NA,NA,0.8560548,NA,NA,NA,2,SNX20,124460,GWAS,1,36,3
0.409980757216216,ENSG00000100311,PDGFB,protein_coding,0.672867387516089,NA,NA,GCST90446792/GCST005537/GCST004132/GCST000879,0.779379487037659/0.774756968021393/0.745861053466797/0.738887131214142,0.7458611,0.7793795,NA,NA,NA,NA,NA,0.774757,NA,NA,NA,NA,NA,NA,NA,NA,NA,0.7388871,NA,NA,NA,NA,NA,NA,NA,NA,NA,NA,NA,NA,NA,NA,NA,NA,NA,NA,NA,NA,NA,NA,NA,NA,NA,NA,NA,NA,NA,NA,NA,NA,NA,NA,4,PDGFB,5155,GWAS,1,240,13
0.40942899046388,ENSG00000083799,CYLD,protein_coding,0.657509258046629,NA,NA,GCST90446792/GCST90446793,0.817464113235474/0.766176521778107,NA,0.8174641,NA,NA,NA,NA,NA,NA,NA,NA,NA,NA,NA,NA,NA,NA,NA,NA,NA,NA,NA,NA,NA,0.7661765,NA,NA,NA,NA,NA,NA,NA,NA,NA,NA,NA,NA,NA,NA,NA,NA,NA,NA,NA,NA,NA,NA,NA,NA,NA,NA,NA,NA,2,CYLD,1540,GWAS,1,207,11
0.409407556405142,ENSG00000026297,RNASET2,protein_coding,0.666376772391314,NA,NA,GCST90446792/GCST002094,0.820555925369263/0.702894747257233,NA,0.8205559,NA,NA,NA,NA,NA,NA,NA,NA,NA,NA,NA,NA,NA,NA,NA,NA,NA,NA,NA,NA,NA,NA,NA,NA,NA,NA,0.7028947,NA,NA,NA,NA,NA,NA,NA,NA,NA,NA,NA,NA,NA,NA,NA,NA,NA,NA,NA,NA,NA,NA,NA,2,RNASET2,8635,GWAS,1,43,3
0.40884765898341,ENSG00000181915,ADO,protein_coding,0.672523353956816,NA,NA,GCST90319897/GCST007216/GCST008485/GCST90103740/GCST000023/GCST001438/GCST004132/GCST000879/GCST90446793/GCST005537/FINNGEN_R12_CHRONOTH/GCST90446793/GCST90446792,0.724175631999969/0.721980631351471/0.688896715641022/0.590509712696075/0.567470669746399/0.563989162445068/0.56228095293045/0.555253088474274/0.553919732570648/0.552432298660278/0.5501908659935/0.534093260765076/0.5290607213974,0.562281,0.5290607,NA,NA,NA,NA,NA,0.5524323,NA,NA,NA,NA,0.5501909,NA,0.5674707,NA,NA,0.5552531,NA,NA,NA,0.5639892,0.5905097,0.5340933,NA,NA,0.7241756,NA,NA,NA,NA,NA,NA,NA,NA,0.6888967,NA,NA,0.7219806,NA,NA,NA,NA,NA,NA,NA,NA,NA,NA,NA,NA,NA,13,ADO,84890,GWAS,1,10,0
0.40884520996143,ENSG00000175164,ABO,protein_coding,0.668386240426193,NA,NA,FINNGEN_R12_RX_CROHN_2NDLINE/GCST90446792,0.88496208190918/0.857930123806,NA,0.8579301,NA,NA,NA,NA,NA,NA,NA,NA,NA,NA,NA,NA,NA,NA,NA,NA,NA,NA,NA,NA,NA,NA,0.8849621,NA,NA,NA,NA,NA,NA,NA,NA,NA,NA,NA,NA,NA,NA,NA,NA,NA,NA,NA,NA,NA,NA,NA,NA,NA,NA,NA,2,ABO,28,GWAS,1,9,1
0.407726479842497,ENSG00000145623,OSMR,protein_coding,0.667512276420032,NA,NA,GCST005537/GCST90446792,0.88259094953537/0.861664235591888,NA,0.8616642,NA,NA,NA,NA,NA,0.8825909,NA,NA,NA,NA,NA,NA,NA,NA,NA,NA,NA,NA,NA,NA,NA,NA,NA,NA,NA,NA,NA,NA,NA,NA,NA,NA,NA,NA,NA,NA,NA,NA,NA,NA,NA,NA,NA,NA,NA,NA,NA,NA,NA,NA,2,OSMR,9180,GWAS,1,88,10
0.406945851013829,ENSG00000164512,ANKRD55,protein_coding,0.667500475474144,NA,NA,GCST001729/FINNGEN_R12_RX_CROHN_2NDLINE/FINNGEN_R12_RX_CROHN_1STLINE/GCST003097_2,0.809522092342377/0.680967748165131/0.680967748165131/0.680967748165131,NA,NA,NA,NA,NA,NA,0.8095221,NA,NA,NA,NA,NA,NA,NA,NA,NA,NA,NA,NA,NA,NA,NA,NA,NA,0.6809677,0.6809677,NA,NA,NA,NA,0.6809677,NA,NA,NA,NA,NA,NA,NA,NA,NA,NA,NA,NA,NA,NA,NA,NA,NA,NA,NA,NA,NA,2,ANKRD55,79722,GWAS,1,40,3
0.406403876126502,ENSG00000164113,ADAD1,protein_coding,0.668503516721215,NA,NA,GCST90446792/GCST90446792,0.839220821857452/0.805827975273132,NA,0.805828,NA,NA,NA,NA,NA,NA,NA,NA,NA,NA,NA,NA,NA,NA,NA,NA,NA,NA,NA,NA,NA,NA,NA,NA,NA,NA,NA,NA,NA,NA,NA,NA,NA,NA,NA,NA,NA,NA,NA,NA,NA,NA,NA,NA,NA,NA,NA,NA,NA,NA,2,ADAD1,132612,GWAS,1,36,6
0.40637374548696,ENSG00000138684,IL21,protein_coding,0.66257669470917,NA,NA,GCST004132,0.741386890411377,0.7413869,NA,NA,NA,NA,NA,NA,NA,NA,NA,NA,NA,NA,NA,NA,NA,NA,NA,NA,NA,NA,NA,NA,NA,NA,NA,NA,NA,NA,NA,NA,NA,NA,NA,NA,NA,NA,NA,NA,NA,NA,NA,NA,NA,NA,NA,NA,NA,NA,NA,NA,NA,1,IL21,59067,GWAS,1,113,14
0.404451729068386,ENSG00000185650,ZFP36L1,protein_coding,0.665292383043195,NA,NA,GCST90446792/GCST004132,0.839445054531097/0.833346307277679,0.8333463,0.8394451,NA,NA,NA,NA,NA,NA,NA,NA,NA,NA,NA,NA,NA,NA,NA,NA,NA,NA,NA,NA,NA,NA,NA,NA,NA,NA,NA,NA,NA,NA,NA,NA,NA,NA,NA,NA,NA,NA,NA,NA,NA,NA,NA,NA,NA,NA,NA,NA,NA,NA,2,ZFP36L1,677,GWAS,1,44,1
0.403679641731004,ENSG00000081237,PTPRC,protein_coding,0.648652614012144,NA,NA,FINNGEN_R12_RX_CROHN_1STLINE/GCST90446792,0.861664235591888/0.821280241012573,NA,0.8212802,NA,NA,NA,NA,NA,NA,NA,NA,NA,NA,NA,NA,NA,NA,NA,NA,NA,NA,NA,NA,NA,NA,NA,NA,NA,NA,NA,NA,0.8616642,NA,NA,NA,NA,NA,NA,NA,NA,NA,NA,NA,NA,NA,NA,NA,NA,NA,NA,NA,NA,NA,2,PTPRC,5788,GWAS,1,500,48
0.402955312207522,ENSG00000197375,SLC22A5,protein_coding,0.653598375363638,NA,NA,GCST90446792,0.865139663219452,NA,0.8651397,NA,NA,NA,NA,NA,NA,NA,NA,NA,NA,NA,NA,NA,NA,NA,NA,NA,NA,NA,NA,NA,NA,NA,NA,NA,NA,NA,NA,NA,NA,NA,NA,NA,NA,NA,NA,NA,NA,NA,NA,NA,NA,NA,NA,NA,NA,NA,NA,NA,NA,1,SLC22A5,6584,GWAS,1,68,3
0.40066097270744,ENSG00000198369,SPRED2,protein_coding,0.659056876673328,NA,NA,GCST90446793/GCST90301326,0.876013517379761/0.832340002059937,NA,NA,NA,NA,NA,NA,NA,NA,NA,NA,NA,NA,NA,NA,NA,NA,NA,NA,NA,NA,NA,NA,NA,0.8760135,NA,NA,NA,NA,NA,NA,NA,NA,NA,NA,NA,NA,NA,NA,NA,NA,NA,NA,NA,NA,0.83234,NA,NA,NA,NA,NA,NA,NA,2,SPRED2,200734,GWAS,1,88,3
0.400010258469802,ENSG00000011485,PPP5C,protein_coding,0.657986501163163,NA,NA,GCST90446792/GCST001729/GCST005537,0.817556738853455/0.733239948749542/0.733239948749542,NA,0.8175567,NA,NA,NA,NA,0.7332399,0.7332399,NA,NA,NA,NA,NA,NA,NA,NA,NA,NA,NA,NA,NA,NA,NA,NA,NA,NA,NA,NA,NA,NA,NA,NA,NA,NA,NA,NA,NA,NA,NA,NA,NA,NA,NA,NA,NA,NA,NA,NA,NA,NA,NA,NA,2,PPP5C,5536,GWAS,1,147,2
0.398169382798366,ENSG00000203963,C1orf141,protein_coding,0.654958400467051,NA,NA,GCST90103740/GCST90446793,0.834388315677643/0.806305468082428,NA,NA,NA,NA,NA,NA,NA,NA,NA,NA,NA,NA,NA,NA,NA,NA,NA,NA,NA,NA,NA,NA,0.8343883,0.8063055,NA,NA,NA,NA,NA,NA,NA,NA,NA,NA,NA,NA,NA,NA,NA,NA,NA,NA,NA,NA,NA,NA,NA,NA,NA,NA,NA,NA,2,C1orf141,400757,GWAS,1,9,1
0.397462872885062,ENSG00000197208,SLC22A4,protein_coding,0.63539990964679,NA,NA,GCST004132,0.912812173366547,0.9128122,NA,NA,NA,NA,NA,NA,NA,NA,NA,NA,NA,NA,NA,NA,NA,NA,NA,NA,NA,NA,NA,NA,NA,NA,NA,NA,NA,NA,NA,NA,NA,NA,NA,NA,NA,NA,NA,NA,NA,NA,NA,NA,NA,NA,NA,NA,NA,NA,NA,NA,NA,1,SLC22A4,6583,GWAS,1,70,6
0.397388866224155,ENSG00000155849,ELMO1,protein_coding,0.653674509969518,NA,NA,GCST90446793/GCST90446792,0.866830766201019/0.833656668663025,NA,0.8336567,NA,NA,NA,NA,NA,NA,NA,NA,NA,NA,NA,NA,NA,NA,NA,NA,NA,NA,NA,NA,NA,0.8668308,NA,NA,NA,NA,NA,NA,NA,NA,NA,NA,NA,NA,NA,NA,NA,NA,NA,NA,NA,NA,NA,NA,NA,NA,NA,NA,NA,NA,2,ELMO1,9844,GWAS,1,113,2
0.396971534010676,ENSG00000113742,CPEB4,protein_coding,0.65222811667066,NA,NA,GCST000879/GCST001729,0.816344797611237/0.775151789188385,NA,NA,NA,NA,NA,NA,0.7751518,NA,NA,NA,NA,NA,NA,NA,NA,NA,NA,0.8163448,NA,NA,NA,NA,NA,NA,NA,NA,NA,NA,NA,NA,NA,NA,NA,NA,NA,NA,NA,NA,NA,NA,NA,NA,NA,NA,NA,NA,NA,NA,NA,NA,NA,NA,2,CPEB4,80315,GWAS,1,51,0
0.393691100398492,ENSG00000120659,TNFSF11,protein_coding,0.629832140296684,NA,NA,GCST000879,0.870517432689667,NA,NA,NA,NA,NA,NA,NA,NA,NA,NA,NA,NA,NA,NA,NA,NA,NA,0.8705174,NA,NA,NA,NA,NA,NA,NA,NA,NA,NA,NA,NA,NA,NA,NA,NA,NA,NA,NA,NA,NA,NA,NA,NA,NA,NA,NA,NA,NA,NA,NA,NA,NA,NA,1,TNFSF11,8600,GWAS,1,358,24
0.39354444372523,ENSG00000157978,LDLRAP1,protein_coding,0.647350726877712,NA,NA,GCST004132/GCST90446792,0.856804013252258/0.832155108451843,0.856804,0.8321551,NA,NA,NA,NA,NA,NA,NA,NA,NA,NA,NA,NA,NA,NA,NA,NA,NA,NA,NA,NA,NA,NA,NA,NA,NA,NA,NA,NA,NA,NA,NA,NA,NA,NA,NA,NA,NA,NA,NA,NA,NA,NA,NA,NA,NA,NA,NA,NA,NA,NA,2,LDLRAP1,26119,GWAS,1,131,2
0.393323106318879,ENSG00000197272,IL27,protein_coding,0.631951290436321,NA,NA,GCST90103740/GCST90319897/GCST005537,0.774944722652435/0.774944722652435/0.565660655498505,NA,NA,NA,NA,NA,NA,NA,0.5656607,NA,NA,NA,NA,NA,NA,NA,NA,NA,NA,NA,NA,NA,NA,0.7749447,NA,NA,NA,0.7749447,NA,NA,NA,NA,NA,NA,NA,NA,NA,NA,NA,NA,NA,NA,NA,NA,NA,NA,NA,NA,NA,NA,NA,NA,NA,2,IL27,246778,GWAS,1,42,6
0.391600001994091,ENSG00000109787,KLF3,protein_coding,0.64415226787748,NA,NA,GCST90446793/GCST90446792/GCST90319897/GCST90446793/GCST90446792/GCST002094/GCST001785,0.711712598800659/0.65339183807373/0.636681854724884/0.632947385311127/0.632947385311127/0.607203960418701/0.581906199455261,NA,0.6329474,NA,NA,NA,NA,NA,NA,NA,NA,NA,NA,NA,NA,NA,NA,NA,NA,NA,NA,NA,NA,NA,0.6329474,NA,NA,0.6366819,NA,0.607204,NA,NA,NA,NA,0.5819062,NA,NA,NA,NA,NA,NA,NA,NA,NA,NA,NA,NA,NA,NA,NA,NA,NA,NA,6,KLF3,51274,GWAS,1,29,0
0.391307471862343,ENSG00000153094,BCL2L11,protein_coding,0.642759181827057,NA,NA,FINNGEN_R12_RX_CROHN_2NDLINE/FINNGEN_R12_RX_CROHN_1STLINE,0.848741054534912/0.627814769744873,NA,NA,NA,NA,NA,NA,NA,NA,NA,NA,NA,NA,NA,NA,NA,NA,NA,NA,NA,NA,NA,NA,NA,NA,0.8487411,NA,NA,NA,NA,NA,0.6278148,NA,NA,NA,NA,NA,NA,NA,NA,NA,NA,NA,NA,NA,NA,NA,NA,NA,NA,NA,NA,NA,2,BCL2L11,10018,GWAS,1,299,20
0.389773613404599,ENSG00000189067,LITAF,protein_coding,0.633568826508151,NA,NA,GCST90446793,0.836398780345917,NA,NA,NA,NA,NA,NA,NA,NA,NA,NA,NA,NA,NA,NA,NA,NA,NA,NA,NA,NA,NA,NA,NA,0.8363988,NA,NA,NA,NA,NA,NA,NA,NA,NA,NA,NA,NA,NA,NA,NA,NA,NA,NA,NA,NA,NA,NA,NA,NA,NA,NA,NA,NA,1,LITAF,9516,GWAS,1,58,3
0.388368050123989,ENSG00000120690,ELF1,protein_coding,0.636708194671652,NA,NA,GCST001785/GCST90446793,0.812540113925934/0.771513521671295,NA,NA,NA,NA,NA,NA,NA,NA,NA,NA,NA,NA,NA,NA,NA,NA,NA,NA,NA,NA,NA,NA,NA,0.7715135,NA,NA,NA,NA,NA,NA,NA,NA,NA,0.8125401,NA,NA,NA,NA,NA,NA,NA,NA,NA,NA,NA,NA,NA,NA,NA,NA,NA,NA,2,ELF1,1997,GWAS,1,20,2
0.388112524332392,ENSG00000100368,CSF2RB,protein_coding,0.634204915533762,NA,NA,GCST90446793/GCST90446792/GCST90319897,0.780428409576416/0.717924296855927/0.679484307765961,NA,0.7179243,NA,NA,NA,NA,NA,NA,NA,NA,NA,NA,NA,NA,NA,NA,NA,NA,NA,NA,NA,NA,NA,0.7804284,NA,NA,0.6794843,NA,NA,NA,NA,NA,NA,NA,NA,NA,NA,NA,NA,NA,NA,NA,NA,NA,NA,NA,NA,NA,NA,NA,NA,NA,3,CSF2RB,1439,GWAS,1,177,18
0.386286083112886,ENSG00000158987,RAPGEF6,protein_coding,0.635411274820241,NA,NA,GCST90446792/GCST004132,0.84169739484787/0.814023613929749,0.8140236,0.8416974,NA,NA,NA,NA,NA,NA,NA,NA,NA,NA,NA,NA,NA,NA,NA,NA,NA,NA,NA,NA,NA,NA,NA,NA,NA,NA,NA,NA,NA,NA,NA,NA,NA,NA,NA,NA,NA,NA,NA,NA,NA,NA,NA,NA,NA,NA,NA,NA,NA,NA,2,RAPGEF6,51735,GWAS,1,29,0
0.385634972582238,ENSG00000184730,APOBR,protein_coding,0.62985204746806,NA,NA,GCST90446793,0.916180968284607,NA,NA,NA,NA,NA,NA,NA,NA,NA,NA,NA,NA,NA,NA,NA,NA,NA,NA,NA,NA,NA,NA,NA,0.916181,NA,NA,NA,NA,NA,NA,NA,NA,NA,NA,NA,NA,NA,NA,NA,NA,NA,NA,NA,NA,NA,NA,NA,NA,NA,NA,NA,NA,1,APOBR,55911,GWAS,1,69,3
0.385548924679355,ENSG00000138031,ADCY3,protein_coding,0.634198705171809,NA,NA,GCST005537/GCST004132,0.751486361026764/0.502064287662506,0.5020643,NA,NA,NA,NA,NA,NA,0.7514864,NA,NA,NA,NA,NA,NA,NA,NA,NA,NA,NA,NA,NA,NA,NA,NA,NA,NA,NA,NA,NA,NA,NA,NA,NA,NA,NA,NA,NA,NA,NA,NA,NA,NA,NA,NA,NA,NA,NA,NA,NA,NA,NA,NA,2,ADCY3,109,GWAS,1,235,3
0.384818343671916,ENSG00000111252,SH2B3,protein_coding,0.631097171147317,NA,NA,GCST005537,0.85775226354599,NA,NA,NA,NA,NA,NA,NA,0.8577523,NA,NA,NA,NA,NA,NA,NA,NA,NA,NA,NA,NA,NA,NA,NA,NA,NA,NA,NA,NA,NA,NA,NA,NA,NA,NA,NA,NA,NA,NA,NA,NA,NA,NA,NA,NA,NA,NA,NA,NA,NA,NA,NA,NA,1,SH2B3,10019,GWAS,1,100,17
0.383785896108186,ENSG00000152217,SETBP1,protein_coding,0.630386760848046,NA,NA,GCST90446793/GCST90446792,0.829550683498383/0.829550683498383,NA,0.8295507,NA,NA,NA,NA,NA,NA,NA,NA,NA,NA,NA,NA,NA,NA,NA,NA,NA,NA,NA,NA,NA,0.8295507,NA,NA,NA,NA,NA,NA,NA,NA,NA,NA,NA,NA,NA,NA,NA,NA,NA,NA,NA,NA,NA,NA,NA,NA,NA,NA,NA,NA,1,SETBP1,26040,GWAS,1,107,5
0.383776200755895,ENSG00000187796,CARD9,protein_coding,0.628710786864978,NA,NA,GCST005537/GCST000879,0.817027449607849/0.738628923892975,NA,NA,NA,NA,NA,NA,NA,0.8170274,NA,NA,NA,NA,NA,NA,NA,NA,NA,0.7386289,NA,NA,NA,NA,NA,NA,NA,NA,NA,NA,NA,NA,NA,NA,NA,NA,NA,NA,NA,NA,NA,NA,NA,NA,NA,NA,NA,NA,NA,NA,NA,NA,NA,NA,2,CARD9,64170,GWAS,1,129,16
0.383108786567899,ENSG00000115009,CCL20,protein_coding,0.596534011787841,NA,NA,GCST005537/GCST90446793,0.740871429443359/0.663366496562958,NA,NA,NA,NA,NA,NA,NA,0.7408714,NA,NA,NA,NA,NA,NA,NA,NA,NA,NA,NA,NA,NA,NA,NA,0.6633665,NA,NA,NA,NA,NA,NA,NA,NA,NA,NA,NA,NA,NA,NA,NA,NA,NA,NA,NA,NA,NA,NA,NA,NA,NA,NA,NA,NA,2,CCL20,6364,GWAS,1,286,23
0.382784391772271,ENSG00000108688,CCL7,protein_coding,0.613784138968683,NA,NA,GCST90446792,0.837513387203217,NA,0.8375134,NA,NA,NA,NA,NA,NA,NA,NA,NA,NA,NA,NA,NA,NA,NA,NA,NA,NA,NA,NA,NA,NA,NA,NA,NA,NA,NA,NA,NA,NA,NA,NA,NA,NA,NA,NA,NA,NA,NA,NA,NA,NA,NA,NA,NA,NA,NA,NA,NA,NA,1,CCL7,6354,GWAS,1,131,7
0.381934279627867,ENSG00000181751,MACIR,protein_coding,0.628252888533322,NA,NA,FINNGEN_R12_RX_CROHN_2NDLINE/FINNGEN_R12_RX_CROHN_1STLINE,0.836627662181854/0.787202537059784,NA,NA,NA,NA,NA,NA,NA,NA,NA,NA,NA,NA,NA,NA,NA,NA,NA,NA,NA,NA,NA,NA,NA,NA,0.8366277,NA,NA,NA,NA,NA,0.7872025,NA,NA,NA,NA,NA,NA,NA,NA,NA,NA,NA,NA,NA,NA,NA,NA,NA,NA,NA,NA,NA,2,C5orf30,90355,GWAS,1,1,NA
0.381306662479788,ENSG00000100985,MMP9,protein_coding,0.591803883189621,NA,NA,GCST004132,0.856760382652283,0.8567604,NA,NA,NA,NA,NA,NA,NA,NA,NA,NA,NA,NA,NA,NA,NA,NA,NA,NA,NA,NA,NA,NA,NA,NA,NA,NA,NA,NA,NA,NA,NA,NA,NA,NA,NA,NA,NA,NA,NA,NA,NA,NA,NA,NA,NA,NA,NA,NA,NA,NA,NA,1,MMP9,4318,GWAS,1,500,28
0.380647347768977,ENSG00000112977,DAP,protein_coding,0.624388182303041,NA,NA,GCST005537,0.709453403949738,NA,NA,NA,NA,NA,NA,NA,0.7094534,NA,NA,NA,NA,NA,NA,NA,NA,NA,NA,NA,NA,NA,NA,NA,NA,NA,NA,NA,NA,NA,NA,NA,NA,NA,NA,NA,NA,NA,NA,NA,NA,NA,NA,NA,NA,NA,NA,NA,NA,NA,NA,NA,NA,1,DAP,1611,GWAS,1,18,0
0.379186762557543,ENSG00000143226,FCGR2A,protein_coding,0.607543277065003,NA,NA,FINNGEN_R12_RX_CROHN_1STLINE,0.933605432510376,NA,NA,NA,NA,NA,NA,NA,NA,NA,NA,NA,NA,NA,NA,NA,NA,NA,NA,NA,NA,NA,NA,NA,NA,NA,NA,NA,NA,NA,NA,0.9336054,NA,NA,NA,NA,NA,NA,NA,NA,NA,NA,NA,NA,NA,NA,NA,NA,NA,NA,NA,NA,NA,1,FCGR2A,2212,GWAS,1,320,19
0.378839831831458,ENSG00000117586,TNFSF4,protein_coding,0.620971672962856,NA,NA,GCST90479616,0.745417654514313,NA,NA,NA,NA,NA,NA,NA,NA,0.7454177,NA,NA,NA,NA,NA,NA,NA,NA,NA,NA,NA,NA,NA,NA,NA,NA,NA,NA,NA,NA,NA,NA,NA,NA,NA,NA,NA,NA,NA,NA,NA,NA,NA,NA,NA,NA,NA,NA,NA,NA,NA,NA,NA,1,TNFSF4,7292,GWAS,1,135,16
0.377232975107703,ENSG00000134716,CYP2J2,protein_coding,0.594343989169967,NA,NA,GCST90479615/GCST90479616,0.782120585441589/0.782120585441589,NA,NA,NA,NA,NA,NA,NA,NA,0.7821206,NA,NA,NA,NA,NA,NA,NA,NA,NA,NA,NA,NA,NA,NA,NA,NA,NA,NA,NA,NA,NA,NA,NA,NA,NA,NA,NA,NA,NA,NA,NA,NA,NA,NA,NA,NA,NA,NA,NA,NA,0.7821206,NA,NA,1,CYP2J2,1573,GWAS,1,83,0
0.376764730081692,ENSG00000219073,CELA3B,protein_coding,0.619749372069795,NA,NA,GCST90446792,0.703588008880615,NA,0.703588,NA,NA,NA,NA,NA,NA,NA,NA,NA,NA,NA,NA,NA,NA,NA,NA,NA,NA,NA,NA,NA,NA,NA,NA,NA,NA,NA,NA,NA,NA,NA,NA,NA,NA,NA,NA,NA,NA,NA,NA,NA,NA,NA,NA,NA,NA,NA,NA,NA,NA,1,CELA3B,23436,GWAS,1,45,0
0.376499721352845,ENSG00000180251,SLC9A4,protein_coding,0.619313452833777,NA,NA,GCST90446793/GCST90103740,0.799063146114349/0.705940365791321,NA,NA,NA,NA,NA,NA,NA,NA,NA,NA,NA,NA,NA,NA,NA,NA,NA,NA,NA,NA,NA,NA,0.7059404,0.7990631,NA,NA,NA,NA,NA,NA,NA,NA,NA,NA,NA,NA,NA,NA,NA,NA,NA,NA,NA,NA,NA,NA,NA,NA,NA,NA,NA,NA,2,SLC9A4,389015,GWAS,1,27,2
0.37635734814657,ENSG00000124766,SOX4,protein_coding,0.618167363523876,NA,NA,GCST90446792/GCST005537/GCST004132/GCST001729/GCST90446792/FINNGEN_R12_RX_CROHN_1STLINE/FINNGEN_R12_RX_CROHN_2NDLINE,0.72784686088562/0.545334577560425/0.545334577560425/0.545334577560425/0.541598200798035/0.530924022197723/0.52978926897049,0.5453346,0.5415982,NA,NA,NA,NA,0.5453346,0.5453346,NA,NA,NA,NA,NA,NA,NA,NA,NA,NA,NA,NA,NA,NA,NA,NA,0.5297893,NA,NA,NA,NA,NA,0.530924,NA,NA,NA,NA,NA,NA,NA,NA,NA,NA,NA,NA,NA,NA,NA,NA,NA,NA,NA,NA,NA,5,SOX4,6659,GWAS,1,114,3
0.376147614114546,ENSG00000115604,IL18R1,protein_coding,0.613718325689591,NA,NA,GCST005537/GCST000879,0.852048635482788/0.503918468952179,NA,NA,NA,NA,NA,NA,NA,0.8520486,NA,NA,NA,NA,NA,NA,NA,NA,NA,0.5039185,NA,NA,NA,NA,NA,NA,NA,NA,NA,NA,NA,NA,NA,NA,NA,NA,NA,NA,NA,NA,NA,NA,NA,NA,NA,NA,NA,NA,NA,NA,NA,NA,NA,NA,2,IL18R1,8809,GWAS,1,137,28
0.375324309249153,ENSG00000164308,ERAP2,protein_coding,0.613165022522582,NA,NA,GCST90446792/GCST000879/GCST004132,0.783960521221161/0.654753386974335/0.548649311065674,0.5486493,0.7839605,NA,NA,NA,NA,NA,NA,NA,NA,NA,NA,NA,NA,NA,NA,NA,0.6547534,NA,NA,NA,NA,NA,NA,NA,NA,NA,NA,NA,NA,NA,NA,NA,NA,NA,NA,NA,NA,NA,NA,NA,NA,NA,NA,NA,NA,NA,NA,NA,NA,NA,NA,3,ERAP2,64167,GWAS,1,35,4
0.366382390535902,ENSG00000106952,TNFSF8,protein_coding,0.601145379370217,NA,NA,FINNGEN_R12_RX_CROHN_1STLINE,0.795146942138672,NA,NA,NA,NA,NA,NA,NA,NA,NA,NA,NA,NA,NA,NA,NA,NA,NA,NA,NA,NA,NA,NA,NA,NA,NA,NA,NA,NA,NA,NA,0.7951469,NA,NA,NA,NA,NA,NA,NA,NA,NA,NA,NA,NA,NA,NA,NA,NA,NA,NA,NA,NA,NA,1,TNFSF8,944,GWAS,1,73,10
0.366031449861809,ENSG00000134376,CRB1,protein_coding,0.602093941119347,NA,NA,GCST90446792/GCST90446792,0.77866131067276/0.763581156730652,NA,0.7635812,NA,NA,NA,NA,NA,NA,NA,NA,NA,NA,NA,NA,NA,NA,NA,NA,NA,NA,NA,NA,NA,NA,NA,NA,NA,NA,NA,NA,NA,NA,NA,NA,NA,NA,NA,NA,NA,NA,NA,NA,NA,NA,NA,NA,NA,NA,NA,NA,NA,NA,2,CRB1,23418,GWAS,1,14,0
0.365934942529281,ENSG00000104312,RIPK2,protein_coding,0.596756292041224,NA,NA,GCST90103739,0.857769310474396,NA,NA,NA,NA,NA,NA,NA,NA,NA,NA,NA,NA,NA,NA,NA,NA,NA,NA,NA,NA,NA,NA,NA,NA,NA,NA,NA,NA,NA,NA,NA,NA,NA,NA,0.8577693,NA,NA,NA,NA,NA,NA,NA,NA,NA,NA,NA,NA,NA,NA,NA,NA,NA,1,RIPK2,8767,GWAS,1,169,14
0.364639604686076,ENSG00000163933,RFT1,protein_coding,0.599804461492388,NA,NA,GCST90446792/GCST004132,0.795774459838867/0.763433337211609,0.7634333,0.7957745,NA,NA,NA,NA,NA,NA,NA,NA,NA,NA,NA,NA,NA,NA,NA,NA,NA,NA,NA,NA,NA,NA,NA,NA,NA,NA,NA,NA,NA,NA,NA,NA,NA,NA,NA,NA,NA,NA,NA,NA,NA,NA,NA,NA,NA,NA,NA,NA,NA,NA,2,RFT1,91869,GWAS,1,14,0
0.364626812588302,ENSG00000153093,ACOXL,protein_coding,0.598756590240334,NA,NA,FINNGEN_R12_RX_CROHN_1STLINE,0.77531635761261,NA,NA,NA,NA,NA,NA,NA,NA,NA,NA,NA,NA,NA,NA,NA,NA,NA,NA,NA,NA,NA,NA,NA,NA,NA,NA,NA,NA,NA,NA,0.7753164,NA,NA,NA,NA,NA,NA,NA,NA,NA,NA,NA,NA,NA,NA,NA,NA,NA,NA,NA,NA,NA,1,ACOXL,55289,GWAS,1,67,1
0.364534242121091,ENSG00000067182,TNFRSF1A,protein_coding,0.584257674896861,NA,NA,GCST005537,0.961059510707855,NA,NA,NA,NA,NA,NA,NA,0.9610595,NA,NA,NA,NA,NA,NA,NA,NA,NA,NA,NA,NA,NA,NA,NA,NA,NA,NA,NA,NA,NA,NA,NA,NA,NA,NA,NA,NA,NA,NA,NA,NA,NA,NA,NA,NA,NA,NA,NA,NA,NA,NA,NA,NA,1,TNFRSF1A,7132,GWAS,1,427,37
0.363187415736934,ENSG00000118503,TNFAIP3,protein_coding,0.57439483400644,NA,NA,GCST005537,0.91087931394577,NA,NA,NA,NA,NA,NA,NA,0.9108793,NA,NA,NA,NA,NA,NA,NA,NA,NA,NA,NA,NA,NA,NA,NA,NA,NA,NA,NA,NA,NA,NA,NA,NA,NA,NA,NA,NA,NA,NA,NA,NA,NA,NA,NA,NA,NA,NA,NA,NA,NA,NA,NA,NA,1,TNFAIP3,7128,GWAS,1,243,34
0.358892977093683,ENSG00000130203,APOE,protein_coding,0.585979585820729,NA,NA,FINNGEN_R12_RX_CROHN_1STLINE,0.963891923427582,NA,NA,NA,NA,NA,NA,NA,NA,NA,NA,NA,NA,NA,NA,NA,NA,NA,NA,NA,NA,NA,NA,NA,NA,NA,NA,NA,NA,NA,NA,0.9638919,NA,NA,NA,NA,NA,NA,NA,NA,NA,NA,NA,NA,NA,NA,NA,NA,NA,NA,NA,NA,NA,1,APOE,348,GWAS,1,500,14
0.357007606571951,ENSG00000013725,CD6,protein_coding,0.58460133237165,NA,NA,GCST005537,0.961624801158905,NA,NA,NA,NA,NA,NA,NA,0.9616248,NA,NA,NA,NA,NA,NA,NA,NA,NA,NA,NA,NA,NA,NA,NA,NA,NA,NA,NA,NA,NA,NA,NA,NA,NA,NA,NA,NA,NA,NA,NA,NA,NA,NA,NA,NA,NA,NA,NA,NA,NA,NA,NA,NA,1,CD6,923,GWAS,1,134,11
0.354082295648796,ENSG00000133103,COG6,protein_coding,0.582438489775283,NA,NA,FINNGEN_R12_RX_CROHN_1STLINE/FINNGEN_R12_RX_CROHN_2NDLINE,0.770613014698029/0.749816298484802,NA,NA,NA,NA,NA,NA,NA,NA,NA,NA,NA,NA,NA,NA,NA,NA,NA,NA,NA,NA,NA,NA,NA,NA,0.7498163,NA,NA,NA,NA,NA,0.770613,NA,NA,NA,NA,NA,NA,NA,NA,NA,NA,NA,NA,NA,NA,NA,NA,NA,NA,NA,NA,NA,2,COG6,57511,GWAS,1,132,2
0.353725196001925,ENSG00000166501,PRKCB,protein_coding,0.579866620863499,NA,NA,GCST005537,0.953836560249329,NA,NA,NA,NA,NA,NA,NA,0.9538366,NA,NA,NA,NA,NA,NA,NA,NA,NA,NA,NA,NA,NA,NA,NA,NA,NA,NA,NA,NA,NA,NA,NA,NA,NA,NA,NA,NA,NA,NA,NA,NA,NA,NA,NA,NA,NA,NA,NA,NA,NA,NA,NA,NA,1,PRKCB,5579,GWAS,1,263,9
0.352651444621459,ENSG00000135899,SP110,protein_coding,0.577927197442518,NA,NA,GCST90446792,0.824797511100769,NA,0.8247975,NA,NA,NA,NA,NA,NA,NA,NA,NA,NA,NA,NA,NA,NA,NA,NA,NA,NA,NA,NA,NA,NA,NA,NA,NA,NA,NA,NA,NA,NA,NA,NA,NA,NA,NA,NA,NA,NA,NA,NA,NA,NA,NA,NA,NA,NA,NA,NA,NA,NA,1,SP110,3431,GWAS,1,93,4
0.351339146265644,ENSG00000064932,SBNO2,protein_coding,0.573071214438248,NA,NA,GCST90446792/GCST004132,0.694604873657227/0.500452160835266,0.5004522,0.6946049,NA,NA,NA,NA,NA,NA,NA,NA,NA,NA,NA,NA,NA,NA,NA,NA,NA,NA,NA,NA,NA,NA,NA,NA,NA,NA,NA,NA,NA,NA,NA,NA,NA,NA,NA,NA,NA,NA,NA,NA,NA,NA,NA,NA,NA,NA,NA,NA,NA,NA,2,SBNO2,22904,GWAS,1,15,0
0.351241775001707,ENSG00000185338,SOCS1,protein_coding,0.561414103544694,NA,NA,GCST001473,0.829624116420746,NA,NA,NA,NA,NA,NA,NA,NA,NA,NA,NA,NA,NA,NA,NA,NA,NA,NA,NA,NA,NA,NA,NA,NA,NA,NA,NA,NA,NA,NA,NA,NA,NA,NA,NA,NA,NA,NA,NA,NA,NA,NA,NA,NA,NA,NA,NA,NA,NA,NA,0.8296241,NA,1,SOCS1,8651,GWAS,1,316,26
0.349216018825173,ENSG00000160185,UBASH3A,protein_coding,0.572914006917888,NA,NA,GCST005537,0.94240003824234,NA,NA,NA,NA,NA,NA,NA,0.9424,NA,NA,NA,NA,NA,NA,NA,NA,NA,NA,NA,NA,NA,NA,NA,NA,NA,NA,NA,NA,NA,NA,NA,NA,NA,NA,NA,NA,NA,NA,NA,NA,NA,NA,NA,NA,NA,NA,NA,NA,NA,NA,NA,NA,1,UBASH3A,53347,GWAS,1,79,8
0.348421947677192,ENSG00000115896,PLCL1,protein_coding,0.572519716372161,NA,NA,GCST90446792/GCST000879,0.746890008449554/0.718556821346283,NA,0.74689,NA,NA,NA,NA,NA,NA,NA,NA,NA,NA,NA,NA,NA,NA,NA,0.7185568,NA,NA,NA,NA,NA,NA,NA,NA,NA,NA,NA,NA,NA,NA,NA,NA,NA,NA,NA,NA,NA,NA,NA,NA,NA,NA,NA,NA,NA,NA,NA,NA,NA,NA,2,PLCL1,5334,GWAS,1,18,0
0.347876317225313,ENSG00000168685,IL7R,protein_coding,0.558477204252819,NA,NA,FINNGEN_R12_RX_CROHN_1STLINE,0.918652594089508,NA,NA,NA,NA,NA,NA,NA,NA,NA,NA,NA,NA,NA,NA,NA,NA,NA,NA,NA,NA,NA,NA,NA,NA,NA,NA,NA,NA,NA,NA,0.9186526,NA,NA,NA,NA,NA,NA,NA,NA,NA,NA,NA,NA,NA,NA,NA,NA,NA,NA,NA,NA,NA,1,IL7R,3575,GWAS,1,454,44
0.345851011315891,ENSG00000109758,HGFAC,protein_coding,0.567767225312384,NA,NA,GCST90446792,0.933933973312378,NA,0.933934,NA,NA,NA,NA,NA,NA,NA,NA,NA,NA,NA,NA,NA,NA,NA,NA,NA,NA,NA,NA,NA,NA,NA,NA,NA,NA,NA,NA,NA,NA,NA,NA,NA,NA,NA,NA,NA,NA,NA,NA,NA,NA,NA,NA,NA,NA,NA,NA,NA,NA,1,HGFAC,3083,GWAS,1,58,0
0.345705080362668,ENSG00000137077,CCL21,protein_coding,0.562276605054596,NA,NA,GCST005537,0.924902319908142,NA,NA,NA,NA,NA,NA,NA,0.9249023,NA,NA,NA,NA,NA,NA,NA,NA,NA,NA,NA,NA,NA,NA,NA,NA,NA,NA,NA,NA,NA,NA,NA,NA,NA,NA,NA,NA,NA,NA,NA,NA,NA,NA,NA,NA,NA,NA,NA,NA,NA,NA,NA,NA,1,CCL21,6366,GWAS,1,210,9
0.342137429175993,ENSG00000138166,DUSP5,protein_coding,0.562192548479944,NA,NA,GCST90446792/GCST002094/GCST004132/GCST90319897/GCST90446793,0.639452219009399/0.639452219009399/0.635898649692535/0.534569501876831/0.534569501876831,0.6358986,0.6394522,NA,NA,NA,NA,NA,NA,NA,NA,NA,NA,NA,NA,NA,NA,NA,NA,NA,NA,NA,NA,NA,0.5345695,NA,NA,0.5345695,NA,0.6394522,NA,NA,NA,NA,NA,NA,NA,NA,NA,NA,NA,NA,NA,NA,NA,NA,NA,NA,NA,NA,NA,NA,NA,3,DUSP5,1847,GWAS,1,86,6
0.34195048671207,ENSG00000160712,IL6R,protein_coding,0.556062216934994,NA,NA,GCST005537,0.914680123329163,NA,NA,NA,NA,NA,NA,NA,0.9146801,NA,NA,NA,NA,NA,NA,NA,NA,NA,NA,NA,NA,NA,NA,NA,NA,NA,NA,NA,NA,NA,NA,NA,NA,NA,NA,NA,NA,NA,NA,NA,NA,NA,NA,NA,NA,NA,NA,NA,NA,NA,NA,NA,NA,1,IL6R,3570,GWAS,1,257,30
0.341531262042097,ENSG00000263001,GTF2I,protein_coding,0.561792992531176,NA,NA,GCST90446792,0.77281254529953,NA,0.7728125,NA,NA,NA,NA,NA,NA,NA,NA,NA,NA,NA,NA,NA,NA,NA,NA,NA,NA,NA,NA,NA,NA,NA,NA,NA,NA,NA,NA,NA,NA,NA,NA,NA,NA,NA,NA,NA,NA,NA,NA,NA,NA,NA,NA,NA,NA,NA,NA,NA,NA,1,GTF2I,2969,GWAS,1,101,2
0.338692522924336,ENSG00000143452,HORMAD1,protein_coding,0.557123482236725,NA,NA,GCST90446792,0.916425824165344,NA,0.9164258,NA,NA,NA,NA,NA,NA,NA,NA,NA,NA,NA,NA,NA,NA,NA,NA,NA,NA,NA,NA,NA,NA,NA,NA,NA,NA,NA,NA,NA,NA,NA,NA,NA,NA,NA,NA,NA,NA,NA,NA,NA,NA,NA,NA,NA,NA,NA,NA,NA,NA,1,HORMAD1,84072,GWAS,1,97,1
0.338689653689293,ENSG00000115464,USP34,protein_coding,0.557118762562949,NA,NA,GCST90301326/GCST90301328,0.73313444852829/0.73313444852829,NA,NA,NA,NA,NA,NA,NA,NA,NA,NA,NA,NA,NA,NA,NA,NA,NA,NA,NA,NA,NA,NA,NA,NA,NA,NA,NA,NA,NA,NA,NA,NA,NA,NA,NA,NA,NA,NA,NA,NA,NA,NA,NA,NA,0.7331344,NA,NA,0.7331344,NA,NA,NA,NA,1,USP34,9736,GWAS,1,81,1
0.338686222723013,ENSG00000152256,PDK1,protein_coding,0.557113118883942,NA,NA,GCST004132,0.916408777236938,0.9164088,NA,NA,NA,NA,NA,NA,NA,NA,NA,NA,NA,NA,NA,NA,NA,NA,NA,NA,NA,NA,NA,NA,NA,NA,NA,NA,NA,NA,NA,NA,NA,NA,NA,NA,NA,NA,NA,NA,NA,NA,NA,NA,NA,NA,NA,NA,NA,NA,NA,NA,NA,1,PDK1,5163,GWAS,1,120,0
0.336729569638696,ENSG00000230601,TEX48,protein_coding,0.553894573134978,NA,NA,FINNGEN_R12_CHRONSMALL,0.73447197675705,NA,NA,NA,NA,0.734472,NA,NA,NA,NA,NA,NA,NA,NA,NA,NA,NA,NA,NA,NA,NA,NA,NA,NA,NA,NA,NA,NA,NA,NA,NA,NA,NA,NA,NA,NA,NA,NA,NA,NA,NA,NA,NA,NA,NA,NA,NA,NA,NA,NA,NA,NA,NA,1,TEX48,100505478,GWAS,1,400,0
0.336139943792998,ENSG00000150637,CD226,protein_coding,0.550818034307534,NA,NA,FINNGEN_R12_RX_CROHN_1STLINE,0.906053841114044,NA,NA,NA,NA,NA,NA,NA,NA,NA,NA,NA,NA,NA,NA,NA,NA,NA,NA,NA,NA,NA,NA,NA,NA,NA,NA,NA,NA,NA,NA,0.9060538,NA,NA,NA,NA,NA,NA,NA,NA,NA,NA,NA,NA,NA,NA,NA,NA,NA,NA,NA,NA,NA,1,CD226,10666,GWAS,1,222,11
0.335597674676272,ENSG00000176920,FUT2,protein_coding,0.542588157287471,NA,NA,GCST004132/GCST001729/GCST005537,0.633350312709808/0.596913993358612/0.592895865440369,0.6333503,NA,NA,NA,NA,NA,0.596914,0.5928959,NA,NA,NA,NA,NA,NA,NA,NA,NA,NA,NA,NA,NA,NA,NA,NA,NA,NA,NA,NA,NA,NA,NA,NA,NA,NA,NA,NA,NA,NA,NA,NA,NA,NA,NA,NA,NA,NA,NA,NA,NA,NA,NA,NA,3,FUT2,2524,GWAS,1,87,4
0.335272548953705,ENSG00000170324,FRMPD2,protein_coding,0.551497884744268,NA,NA,GCST90446792,0.90717214345932,NA,0.9071721,NA,NA,NA,NA,NA,NA,NA,NA,NA,NA,NA,NA,NA,NA,NA,NA,NA,NA,NA,NA,NA,NA,NA,NA,NA,NA,NA,NA,NA,NA,NA,NA,NA,NA,NA,NA,NA,NA,NA,NA,NA,NA,NA,NA,NA,NA,NA,NA,NA,NA,1,FRMPD2,143162,GWAS,1,22,1
0.333308919886029,ENSG00000091972,CD200,protein_coding,0.544274845267831,NA,NA,GCST90179177,0.895290791988373,NA,NA,NA,NA,NA,NA,NA,NA,NA,NA,NA,NA,NA,NA,NA,NA,NA,NA,NA,NA,NA,NA,NA,NA,NA,NA,NA,NA,NA,NA,NA,NA,NA,NA,NA,NA,NA,NA,NA,NA,NA,NA,NA,NA,NA,NA,NA,NA,NA,NA,NA,0.8952908,1,CD200,4345,GWAS,1,114,6
0.329362478070209,ENSG00000155903,RASA2,protein_coding,0.541776266910931,NA,NA,GCST90446792,0.800718545913696,NA,0.8007185,NA,NA,NA,NA,NA,NA,NA,NA,NA,NA,NA,NA,NA,NA,NA,NA,NA,NA,NA,NA,NA,NA,NA,NA,NA,NA,NA,NA,NA,NA,NA,NA,NA,NA,NA,NA,NA,NA,NA,NA,NA,NA,NA,NA,NA,NA,NA,NA,NA,NA,1,RASA2,5922,GWAS,1,38,2
0.328141359887647,ENSG00000183654,MARCHF11,protein_coding,0.539767620223908,NA,NA,GCST90479616,0.887876749038696,NA,NA,NA,NA,NA,NA,NA,NA,0.8878767,NA,NA,NA,NA,NA,NA,NA,NA,NA,NA,NA,NA,NA,NA,NA,NA,NA,NA,NA,NA,NA,NA,NA,NA,NA,NA,NA,NA,NA,NA,NA,NA,NA,NA,NA,NA,NA,NA,NA,NA,NA,NA,NA,1,MARCHF11,441061,GWAS,1,13,0
0.327694483529909,ENSG00000141068,KSR1,protein_coding,0.537512715554109,NA,NA,GCST005537/GCST001729/GCST90446792/GCST004132,0.635827541351318/0.596727132797241/0.573067247867584/0.567746222019196,0.5677462,0.5730672,NA,NA,NA,NA,0.5967271,0.6358275,NA,NA,NA,NA,NA,NA,NA,NA,NA,NA,NA,NA,NA,NA,NA,NA,NA,NA,NA,NA,NA,NA,NA,NA,NA,NA,NA,NA,NA,NA,NA,NA,NA,NA,NA,NA,NA,NA,NA,NA,NA,NA,NA,NA,4,KSR1,8844,GWAS,1,132,5
0.327597168295637,ENSG00000148396,SEC16A,protein_coding,0.538872466377207,NA,NA,GCST90446792,0.846226334571838,NA,0.8462263,NA,NA,NA,NA,NA,NA,NA,NA,NA,NA,NA,NA,NA,NA,NA,NA,NA,NA,NA,NA,NA,NA,NA,NA,NA,NA,NA,NA,NA,NA,NA,NA,NA,NA,NA,NA,NA,NA,NA,NA,NA,NA,NA,NA,NA,NA,NA,NA,NA,NA,1,SEC16A,9919,GWAS,1,130,0
0.327134405205384,ENSG00000115138,POMC,protein_coding,0.531478786008335,NA,NA,GCST000879,0.87424224615097,NA,NA,NA,NA,NA,NA,NA,NA,NA,NA,NA,NA,NA,NA,NA,NA,NA,0.8742422,NA,NA,NA,NA,NA,NA,NA,NA,NA,NA,NA,NA,NA,NA,NA,NA,NA,NA,NA,NA,NA,NA,NA,NA,NA,NA,NA,NA,NA,NA,NA,NA,NA,NA,1,POMC,5443,GWAS,1,437,7
0.326518052412567,ENSG00000084734,GCKR,protein_coding,0.534376604151723,NA,NA,GCST004132/GCST005537,0.639790177345276/0.625199139118195,0.6397902,NA,NA,NA,NA,NA,NA,0.6251991,NA,NA,NA,NA,NA,NA,NA,NA,NA,NA,NA,NA,NA,NA,NA,NA,NA,NA,NA,NA,NA,NA,NA,NA,NA,NA,NA,NA,NA,NA,NA,NA,NA,NA,NA,NA,NA,NA,NA,NA,NA,NA,NA,NA,2,GCKR,2646,GWAS,1,91,1
0.326403958215106,ENSG00000100321,SYNGR1,protein_coding,0.536909726398876,NA,NA,GCST90446792,0.883175730705261,NA,0.8831757,NA,NA,NA,NA,NA,NA,NA,NA,NA,NA,NA,NA,NA,NA,NA,NA,NA,NA,NA,NA,NA,NA,NA,NA,NA,NA,NA,NA,NA,NA,NA,NA,NA,NA,NA,NA,NA,NA,NA,NA,NA,NA,NA,NA,NA,NA,NA,NA,NA,NA,1,SYNGR1,9145,GWAS,1,39,0
0.326144223666202,ENSG00000120688,WBP4,protein_coding,0.535570586591962,NA,NA,GCST90446793,0.824797332286835,NA,NA,NA,NA,NA,NA,NA,NA,NA,NA,NA,NA,NA,NA,NA,NA,NA,NA,NA,NA,NA,NA,NA,0.8247973,NA,NA,NA,NA,NA,NA,NA,NA,NA,NA,NA,NA,NA,NA,NA,NA,NA,NA,NA,NA,NA,NA,NA,NA,NA,NA,NA,NA,1,WBP4,11193,GWAS,1,130,0
0.323412379321038,ENSG00000178562,CD28,protein_coding,0.523916219904022,NA,NA,FINNGEN_R12_RX_CROHN_1STLINE,0.766142129898071,NA,NA,NA,NA,NA,NA,NA,NA,NA,NA,NA,NA,NA,NA,NA,NA,NA,NA,NA,NA,NA,NA,NA,NA,NA,NA,NA,NA,NA,NA,0.7661421,NA,NA,NA,NA,NA,NA,NA,NA,NA,NA,NA,NA,NA,NA,NA,NA,NA,NA,NA,NA,NA,1,CD28,940,GWAS,1,406,36
0.323219566416912,ENSG00000172673,THEMIS,protein_coding,0.531063712893982,NA,NA,GCST001729,0.797113716602325,NA,NA,NA,NA,NA,NA,0.7971137,NA,NA,NA,NA,NA,NA,NA,NA,NA,NA,NA,NA,NA,NA,NA,NA,NA,NA,NA,NA,NA,NA,NA,NA,NA,NA,NA,NA,NA,NA,NA,NA,NA,NA,NA,NA,NA,NA,NA,NA,NA,NA,NA,NA,NA,1,THEMIS,387357,GWAS,1,40,1
0.322678078275048,ENSG00000109320,NFKB1,protein_coding,0.518684735302692,NA,NA,GCST005537,0.82119232416153,NA,NA,NA,NA,NA,NA,NA,0.8211923,NA,NA,NA,NA,NA,NA,NA,NA,NA,NA,NA,NA,NA,NA,NA,NA,NA,NA,NA,NA,NA,NA,NA,NA,NA,NA,NA,NA,NA,NA,NA,NA,NA,NA,NA,NA,NA,NA,NA,NA,NA,NA,NA,NA,1,NFKB1,4790,GWAS,1,500,47
0.322198270433678,ENSG00000148660,CAMK2G,protein_coding,0.513914959406506,NA,NA,GCST90446792,0.730000793933868,NA,0.7300008,NA,NA,NA,NA,NA,NA,NA,NA,NA,NA,NA,NA,NA,NA,NA,NA,NA,NA,NA,NA,NA,NA,NA,NA,NA,NA,NA,NA,NA,NA,NA,NA,NA,NA,NA,NA,NA,NA,NA,NA,NA,NA,NA,NA,NA,NA,NA,NA,NA,NA,1,CAMK2G,818,GWAS,1,149,6
0.321257015077165,ENSG00000197818,SLC9A8,protein_coding,0.511871539956759,NA,NA,GCST005537,0.841989815235138,NA,NA,NA,NA,NA,NA,NA,0.8419898,NA,NA,NA,NA,NA,NA,NA,NA,NA,NA,NA,NA,NA,NA,NA,NA,NA,NA,NA,NA,NA,NA,NA,NA,NA,NA,NA,NA,NA,NA,NA,NA,NA,NA,NA,NA,NA,NA,NA,NA,NA,NA,NA,NA,1,SLC9A8,23315,GWAS,1,24,0
0.321060271168,ENSG00000160691,SHC1,protein_coding,0.527207870772702,NA,NA,GCST90446793/GCST90319897,0.694913804531097/0.689212441444397,NA,NA,NA,NA,NA,NA,NA,NA,NA,NA,NA,NA,NA,NA,NA,NA,NA,NA,NA,NA,NA,NA,NA,0.6949138,NA,NA,0.6892124,NA,NA,NA,NA,NA,NA,NA,NA,NA,NA,NA,NA,NA,NA,NA,NA,NA,NA,NA,NA,NA,NA,NA,NA,NA,2,SHC1,6464,GWAS,1,430,15
0.320273884356481,ENSG00000134987,WDR36,protein_coding,0.526826220376961,NA,NA,FINNGEN_R12_RX_CROHN_1STLINE,0.8665891289711,NA,NA,NA,NA,NA,NA,NA,NA,NA,NA,NA,NA,NA,NA,NA,NA,NA,NA,NA,NA,NA,NA,NA,NA,NA,NA,NA,NA,NA,NA,0.8665891,NA,NA,NA,NA,NA,NA,NA,NA,NA,NA,NA,NA,NA,NA,NA,NA,NA,NA,NA,NA,NA,1,WDR36,134430,GWAS,1,385,3
0.319125137720994,ENSG00000145901,TNIP1,protein_coding,0.524328688591867,NA,NA,GCST90446793,0.862480878829956,NA,NA,NA,NA,NA,NA,NA,NA,NA,NA,NA,NA,NA,NA,NA,NA,NA,NA,NA,NA,NA,NA,NA,0.8624809,NA,NA,NA,NA,NA,NA,NA,NA,NA,NA,NA,NA,NA,NA,NA,NA,NA,NA,NA,NA,NA,NA,NA,NA,NA,NA,NA,NA,1,TNIP1,10318,GWAS,1,92,15
0.319108166134565,ENSG00000147883,CDKN2B,protein_coding,0.519164187827235,NA,NA,GCST90428830,0.853985667228699,NA,NA,NA,NA,NA,NA,NA,NA,NA,NA,NA,NA,NA,NA,NA,NA,NA,NA,NA,NA,NA,NA,NA,NA,NA,NA,NA,NA,NA,NA,NA,NA,NA,NA,NA,NA,NA,NA,NA,NA,NA,0.8539857,NA,NA,NA,NA,NA,NA,NA,NA,NA,NA,1,CDKN2B,1030,GWAS,1,169,5
0.318678449971554,ENSG00000026103,FAS,protein_coding,0.518984133631513,NA,NA,GCST005537,0.85368949174881,NA,NA,NA,NA,NA,NA,NA,0.8536895,NA,NA,NA,NA,NA,NA,NA,NA,NA,NA,NA,NA,NA,NA,NA,NA,NA,NA,NA,NA,NA,NA,NA,NA,NA,NA,NA,NA,NA,NA,NA,NA,NA,NA,NA,NA,NA,NA,NA,NA,NA,NA,NA,NA,1,FAS,355,GWAS,1,270,20
0.318562761612059,ENSG00000179583,CIITA,protein_coding,0.515177666907386,NA,NA,GCST90446792,0.847428143024445,NA,0.8474281,NA,NA,NA,NA,NA,NA,NA,NA,NA,NA,NA,NA,NA,NA,NA,NA,NA,NA,NA,NA,NA,NA,NA,NA,NA,NA,NA,NA,NA,NA,NA,NA,NA,NA,NA,NA,NA,NA,NA,NA,NA,NA,NA,NA,NA,NA,NA,NA,NA,NA,1,CIITA,4261,GWAS,1,158,14
0.318008322953442,ENSG00000164307,ERAP1,protein_coding,0.521854130113291,NA,NA,GCST005537,0.8584104180336,NA,NA,NA,NA,NA,NA,NA,0.8584104,NA,NA,NA,NA,NA,NA,NA,NA,NA,NA,NA,NA,NA,NA,NA,NA,NA,NA,NA,NA,NA,NA,NA,NA,NA,NA,NA,NA,NA,NA,NA,NA,NA,NA,NA,NA,NA,NA,NA,NA,NA,NA,NA,NA,1,ERAP1,51752,GWAS,1,101,11
0.317825727454264,ENSG00000163832,ELP6,protein_coding,0.522799188168961,NA,NA,GCST90479615,0.859964966773987,NA,NA,NA,NA,NA,NA,NA,NA,NA,NA,NA,NA,NA,NA,NA,NA,NA,NA,NA,NA,NA,NA,NA,NA,NA,NA,NA,NA,NA,NA,NA,NA,NA,NA,NA,NA,NA,NA,NA,NA,NA,NA,NA,NA,NA,NA,NA,NA,NA,0.859965,NA,NA,1,ELP6,54859,GWAS,1,71,0
0.317513157986482,ENSG00000116833,NR5A2,protein_coding,0.505019950583028,NA,NA,GCST005537,0.830719470977783,NA,NA,NA,NA,NA,NA,NA,0.8307195,NA,NA,NA,NA,NA,NA,NA,NA,NA,NA,NA,NA,NA,NA,NA,NA,NA,NA,NA,NA,NA,NA,NA,NA,NA,NA,NA,NA,NA,NA,NA,NA,NA,NA,NA,NA,NA,NA,NA,NA,NA,NA,NA,NA,1,NR5A2,2494,GWAS,1,139,1
0.317174199838362,ENSG00000116285,ERRFI1,protein_coding,0.521727474713314,NA,NA,GCST90446792,0.796611726284027,NA,0.7966117,NA,NA,NA,NA,NA,NA,NA,NA,NA,NA,NA,NA,NA,NA,NA,NA,NA,NA,NA,NA,NA,NA,NA,NA,NA,NA,NA,NA,NA,NA,NA,NA,NA,NA,NA,NA,NA,NA,NA,NA,NA,NA,NA,NA,NA,NA,NA,NA,NA,NA,1,ERRFI1,54206,GWAS,1,23,2
0.316300441066627,ENSG00000131196,NFATC1,protein_coding,0.518549597524631,NA,NA,GCST90479615,0.852974712848663,NA,NA,NA,NA,NA,NA,NA,NA,NA,NA,NA,NA,NA,NA,NA,NA,NA,NA,NA,NA,NA,NA,NA,NA,NA,NA,NA,NA,NA,NA,NA,NA,NA,NA,NA,NA,NA,NA,NA,NA,NA,NA,NA,NA,NA,NA,NA,NA,NA,0.8529747,NA,NA,1,NFATC1,4772,GWAS,1,210,15
0.313978871011829,ENSG00000119772,DNMT3A,protein_coding,0.51196680308426,NA,NA,GCST000879,0.842146515846252,NA,NA,NA,NA,NA,NA,NA,NA,NA,NA,NA,NA,NA,NA,NA,NA,NA,0.8421465,NA,NA,NA,NA,NA,NA,NA,NA,NA,NA,NA,NA,NA,NA,NA,NA,NA,NA,NA,NA,NA,NA,NA,NA,NA,NA,NA,NA,NA,NA,NA,NA,NA,NA,1,DNMT3A,1788,GWAS,1,370,9
0.313146969734706,ENSG00000196498,NCOR2,protein_coding,0.513583159998844,NA,NA,GCST90179177,0.844805300235748,NA,NA,NA,NA,NA,NA,NA,NA,NA,NA,NA,NA,NA,NA,NA,NA,NA,NA,NA,NA,NA,NA,NA,NA,NA,NA,NA,NA,NA,NA,NA,NA,NA,NA,NA,NA,NA,NA,NA,NA,NA,NA,NA,NA,NA,NA,NA,NA,NA,NA,NA,0.8448053,1,NCOR2,9612,GWAS,1,362,8
0.311850757503037,ENSG00000152127,MGAT5,protein_coding,0.512970816297192,NA,NA,FINNGEN_R12_RX_CROHN_1STLINE,0.843798041343689,NA,NA,NA,NA,NA,NA,NA,NA,NA,NA,NA,NA,NA,NA,NA,NA,NA,NA,NA,NA,NA,NA,NA,NA,NA,NA,NA,NA,NA,NA,0.843798,NA,NA,NA,NA,NA,NA,NA,NA,NA,NA,NA,NA,NA,NA,NA,NA,NA,NA,NA,NA,NA,1,MGAT5,4249,GWAS,1,70,0
0.311504775118493,ENSG00000095110,NXPE1,protein_coding,0.512401701546134,NA,NA,GCST005537,0.842861890792847,NA,NA,NA,NA,NA,NA,NA,0.8428619,NA,NA,NA,NA,NA,NA,NA,NA,NA,NA,NA,NA,NA,NA,NA,NA,NA,NA,NA,NA,NA,NA,NA,NA,NA,NA,NA,NA,NA,NA,NA,NA,NA,NA,NA,NA,NA,NA,NA,NA,NA,NA,NA,NA,1,NXPE1,120400,GWAS,1,7,0
0.311221493627784,ENSG00000111145,ELK3,protein_coding,0.511414039602234,NA,NA,GCST90446792/GCST90446793,0.677750110626221/0.653948605060577,NA,0.6777501,NA,NA,NA,NA,NA,NA,NA,NA,NA,NA,NA,NA,NA,NA,NA,NA,NA,NA,NA,NA,NA,0.6539486,NA,NA,NA,NA,NA,NA,NA,NA,NA,NA,NA,NA,NA,NA,NA,NA,NA,NA,NA,NA,NA,NA,NA,NA,NA,NA,NA,NA,2,ELK3,2004,GWAS,1,4,0
0.311081428023997,ENSG00000149289,ZC3H12C,protein_coding,0.511705327721747,NA,NA,GCST005537,0.841716408729553,NA,NA,NA,NA,NA,NA,NA,0.8417164,NA,NA,NA,NA,NA,NA,NA,NA,NA,NA,NA,NA,NA,NA,NA,NA,NA,NA,NA,NA,NA,NA,NA,NA,NA,NA,NA,NA,NA,NA,NA,NA,NA,NA,NA,NA,NA,NA,NA,NA,NA,NA,NA,NA,1,ZC3H12C,85463,GWAS,1,20,2
0.30986540947937,ENSG00000117114,ADGRL2,protein_coding,0.508286182248991,NA,NA,GCST003097_2,0.836092174053192,NA,NA,NA,NA,NA,NA,NA,NA,NA,NA,NA,NA,NA,NA,NA,NA,NA,NA,NA,NA,NA,NA,NA,NA,NA,0.8360922,NA,NA,NA,NA,NA,NA,NA,NA,NA,NA,NA,NA,NA,NA,NA,NA,NA,NA,NA,NA,NA,NA,NA,NA,NA,NA,1,ADGRL2,23266,GWAS,1,263,0
0.308721958571174,ENSG00000100376,FAM118A,protein_coding,0.507824179633686,NA,NA,GCST005537,0.835332214832306,NA,NA,NA,NA,NA,NA,NA,0.8353322,NA,NA,NA,NA,NA,NA,NA,NA,NA,NA,NA,NA,NA,NA,NA,NA,NA,NA,NA,NA,NA,NA,NA,NA,NA,NA,NA,NA,NA,NA,NA,NA,NA,NA,NA,NA,NA,NA,NA,NA,NA,NA,NA,NA,1,FAM118A,55007,GWAS,1,27,0
0.30833927641249,ENSG00000095261,PSMD5,protein_coding,0.507194696540894,NA,NA,FINNGEN_R12_RX_CROHN_1STLINE,0.834296762943268,NA,NA,NA,NA,NA,NA,NA,NA,NA,NA,NA,NA,NA,NA,NA,NA,NA,NA,NA,NA,NA,NA,NA,NA,NA,NA,NA,NA,NA,NA,0.8342968,NA,NA,NA,NA,NA,NA,NA,NA,NA,NA,NA,NA,NA,NA,NA,NA,NA,NA,NA,NA,NA,1,PSMD5,5711,GWAS,1,201,7
0.308287515907958,ENSG00000150907,FOXO1,protein_coding,0.507109554441275,NA,NA,FINNGEN_R12_RX_CROHN_1STLINE,0.774303436279297,NA,NA,NA,NA,NA,NA,NA,NA,NA,NA,NA,NA,NA,NA,NA,NA,NA,NA,NA,NA,NA,NA,NA,NA,NA,NA,NA,NA,NA,NA,0.7743034,NA,NA,NA,NA,NA,NA,NA,NA,NA,NA,NA,NA,NA,NA,NA,NA,NA,NA,NA,NA,NA,1,FOXO1,2308,GWAS,1,497,25
0.307813540032157,ENSG00000103932,RPAP1,protein_coding,0.506329900116041,NA,NA,FINNGEN_R12_RX_CROHN_1STLINE,0.832874238491058,NA,NA,NA,NA,NA,NA,NA,NA,NA,NA,NA,NA,NA,NA,NA,NA,NA,NA,NA,NA,NA,NA,NA,NA,NA,NA,NA,NA,NA,NA,0.8328742,NA,NA,NA,NA,NA,NA,NA,NA,NA,NA,NA,NA,NA,NA,NA,NA,NA,NA,NA,NA,NA,1,RPAP1,26015,GWAS,1,31,0
0.305812933448899,ENSG00000176635,HORMAD2,protein_coding,0.50227914070183,NA,NA,GCST90446792,0.66160261631012,NA,0.6616026,NA,NA,NA,NA,NA,NA,NA,NA,NA,NA,NA,NA,NA,NA,NA,NA,NA,NA,NA,NA,NA,NA,NA,NA,NA,NA,NA,NA,NA,NA,NA,NA,NA,NA,NA,NA,NA,NA,NA,NA,NA,NA,NA,NA,NA,NA,NA,NA,NA,NA,1,HORMAD2,150280,GWAS,1,77,1
0.304272121970988,ENSG00000114861,FOXP1,protein_coding,0.500504536316276,NA,NA,FINNGEN_R12_RX_CROHN_1STLINE,0.823291957378387,NA,NA,NA,NA,NA,NA,NA,NA,NA,NA,NA,NA,NA,NA,NA,NA,NA,NA,NA,NA,NA,NA,NA,NA,NA,NA,NA,NA,NA,NA,0.823292,NA,NA,NA,NA,NA,NA,NA,NA,NA,NA,NA,NA,NA,NA,NA,NA,NA,NA,NA,NA,NA,1,FOXP1,27086,GWAS,1,119,9
