score,target.id,target.approvedSymbol,target.biotype,gwas_credible_sets,clingen,geneburden,GWAS.id,L2G,GCST90044699,GCST90027158,GCST90399479,GCST90301303,GCST012182,FINNGEN_R12_G6_ALZHEIMER,FINNGEN_R12_G6_AD_WIDE,FINNGEN_R12_AD_LO_EXMORE,FINNGEN_R12_F5_ALZHDEMENT,GCST90558103,GCST009025,GCST90244027,GCST90472768,GCST001868,GCST90472758,GCST90244026,GCST90472763,GCST90654656,GCST005549,GCST008438,GCST009497,GCST90026487,GCST90476497,GCST008437,GCST90566388,FINNGEN_R12_AD_U_EXMORE,GCST90668050,FINNGEN_R12_AD_EO_EXMORE,GCST90668049,GCST90668052,GCST90668051,FINNGEN_R12_AD_AM_EXMORE,GCST90276157,GCST90276158,GCST009024,GCST009022,GCST009020,GCST009023,GCST90038451,GCST90654661,GCST90476499,GCST90480731,GCST90267627,GCST90654662,GCST90654655,GCST90654663,GCST009019,GCST90038452,GCST90654664,GCST90624094,GCST90624093,GCST009496,GCST90558250,GCST90654665,GCST007600,GCST90476498,GCST000018,GCST000121,GCST000124,GCST001529,GCST90651184,GCST90558102,GCST007320,GCST001951_2,GCST001951,GCST90012877,GCST002245,GCST90449055,GCST007319,GCST90095190,GCST009021,GCST005922,GCST90449058,GCST001947,GCST007511,GCST90013835,GCST90013838,GCST90132260,GCST90565439,GCST002665,GCST007826,GCST002813,GCST90449053,GCST001026,GCST90449062,GCST001025,GCST007827,GCST001963,GCST001743,GCST002817,GCST001087,GCST000986,GCST000479,GCST90134605,GCST004249,GCST001285,GCST000682,GCST002422,GCST002665_3,GCST002665_2,GCST000808,GCST007825,GCST001915,GCST003452,GCST90134416,GWAS.count,name,NCBI.id,list.name,list.count,N.PPI,degree
0.854010150650718,ENSG00000142192,APP,protein_coding,0.735826302732826,NA,NA,GCST90044699/GCST90027158/GCST90399479/GCST90301303/GCST012182/FINNGEN_R12_G6_ALZHEIMER/FINNGEN_R12_G6_AD_WIDE/FINNGEN_R12_AD_LO_EXMORE/FINNGEN_R12_F5_ALZHDEMENT,0.849886059761047/0.668333470821381/0.668313682079315/0.668313682079315/0.668313682079315/0.655292093753815/0.655292093753815/0.641774952411652/0.641774952411652,0.8498861,0.6683335,0.6683137,0.6683137,0.6683137,0.6552921,0.6552921,0.641775,0.641775,NA,NA,NA,NA,NA,NA,NA,NA,NA,NA,NA,NA,NA,NA,NA,NA,NA,NA,NA,NA,NA,NA,NA,NA,NA,NA,NA,NA,NA,NA,NA,NA,NA,NA,NA,NA,NA,NA,NA,NA,NA,NA,NA,NA,NA,NA,NA,NA,NA,NA,NA,NA,NA,NA,NA,NA,NA,NA,NA,NA,NA,NA,NA,NA,NA,NA,NA,NA,NA,NA,NA,NA,NA,NA,NA,NA,NA,NA,NA,NA,NA,NA,NA,NA,NA,NA,NA,NA,NA,NA,NA,NA,NA,NA,NA,NA,5,APP,351,GWAS,1,500,29
0.781502222856208,ENSG00000130203,APOE,protein_coding,0.95459478859895,NA,NA,GCST90558103/GCST009025/GCST90244027/GCST90472768/GCST001868/GCST90472758/GCST90244026/GCST90472763/FINNGEN_R12_AD_LO_EXMORE/FINNGEN_R12_F5_ALZHDEMENT/FINNGEN_R12_G6_ALZHEIMER/FINNGEN_R12_G6_AD_WIDE/GCST90654656/GCST005549/GCST008438/GCST009497/GCST90026487/GCST90476497/GCST008437/GCST90566388/FINNGEN_R12_F5_ALZHDEMENT/FINNGEN_R12_AD_U_EXMORE/FINNGEN_R12_AD_LO_EXMORE/GCST90668050/FINNGEN_R12_AD_EO_EXMORE/GCST90668049/FINNGEN_R12_G6_ALZHEIMER/GCST90668052/GCST90668051/FINNGEN_R12_AD_AM_EXMORE/GCST90276157/FINNGEN_R12_G6_AD_WIDE/GCST90276158/GCST009024/GCST009022/GCST009020/GCST009023/GCST90038451/GCST90654661/GCST90476499/GCST90044699/GCST90480731/GCST90267627/GCST90654662/GCST90654655/GCST90654663/GCST009019/GCST90038452/GCST90654664/GCST90624094/GCST90624093/GCST009496/GCST90558250/GCST90654665/GCST007600/GCST90476498/GCST000018/GCST000121/GCST000124/GCST001529/GCST90651184/GCST90558102/GCST007320/GCST001951_2/GCST001951/GCST007320/GCST90012877/GCST002245/GCST90012877/GCST002245,0.96407550573349/0.962487936019897/0.962487936019897/0.962487936019897/0.962487936019897/0.962487936019897/0.962487936019897/0.962487936019897/0.958043396472931/0.958043396472931/0.958043396472931/0.958043396472931/0.954856038093567/0.954763770103455/0.954284489154816/0.954284489154816/0.953318297863007/0.952052712440491/0.951512455940247/0.948595762252808/0.946868360042572/0.946868360042572/0.946868360042572/0.946868360042572/0.946868360042572/0.946868360042572/0.946868360042572/0.946868360042572/0.946868360042572/0.946868360042572/0.946868360042572/0.946868360042572/0.946868360042572/0.946281135082245/0.946281135082245/0.946281135082245/0.946281135082245/0.944480538368225/0.944480538368225/0.944480538368225/0.944480538368225/0.944480538368225/0.944480538368225/0.944480538368225/0.944480538368225/0.944480538368225/0.944480538368225/0.944480538368225/0.944480538368225/0.944480538368225/0.944480538368225/0.944480538368225/0.944480538368225/0.944480538368225/0.944480538368225/0.944480538368225/0.880986928939819/0.880986928939819/0.880986928939819/0.87818568944931/0.877877056598663/0.859771907329559/0.757671892642975/0.716566920280457/0.716566920280457/0.630078732967377/0.630078732967377/0.630078732967377/0.555763363838196/0.555763363838196,0.9444805,NA,NA,NA,NA,0.9468684,0.9468684,0.9468684,0.9468684,0.9640755,0.9624879,0.9624879,0.9624879,0.9624879,0.9624879,0.9624879,0.9624879,0.954856,0.9547638,0.9542845,0.9542845,0.9533183,0.9520527,0.9515125,0.9485958,0.9468684,0.9468684,0.9468684,0.9468684,0.9468684,0.9468684,0.9468684,0.9468684,0.9468684,0.9462811,0.9462811,0.9462811,0.9462811,0.9444805,0.9444805,0.9444805,0.9444805,0.9444805,0.9444805,0.9444805,0.9444805,0.9444805,0.9444805,0.9444805,0.9444805,0.9444805,0.9444805,0.9444805,0.9444805,0.9444805,0.9444805,0.8809869,0.8809869,0.8809869,0.8781857,0.8778771,0.8597719,0.6300787,0.7165669,0.7165669,0.5557634,0.5557634,NA,NA,NA,NA,NA,NA,NA,NA,NA,NA,NA,NA,NA,NA,NA,NA,NA,NA,NA,NA,NA,NA,NA,NA,NA,NA,NA,NA,NA,NA,NA,NA,NA,NA,NA,NA,NA,NA,21,APOE,348,GWAS,1,500,34
0.683383298022178,ENSG00000137642,SORL1,protein_coding,0.866141051026504,NA,NA,GCST90027158/GCST90399479/GCST90449055/GCST90044699/GCST007319/GCST90095190/GCST009021/GCST005922/GCST90449058/GCST90301303/GCST001947/GCST007320/GCST002245/GCST90012877/GCST90027158,0.893193125724792/0.831989884376526/0.831989884376526/0.831989884376526/0.831989884376526/0.831989884376526/0.831989884376526/0.831989884376526/0.831989884376526/0.828481912612915/0.822965443134308/0.812460243701935/0.812460243701935/0.807688772678375/0.807688772678375,0.8319899,0.8076888,0.8319899,0.8284819,NA,NA,NA,NA,NA,NA,NA,NA,NA,NA,NA,NA,NA,NA,NA,NA,NA,NA,NA,NA,NA,NA,NA,NA,NA,NA,NA,NA,NA,NA,NA,NA,NA,NA,NA,NA,NA,NA,NA,NA,NA,NA,NA,NA,NA,NA,NA,NA,NA,NA,NA,NA,NA,NA,NA,NA,NA,NA,0.8124602,NA,NA,0.8076888,0.8124602,0.8319899,0.8319899,0.8319899,0.8319899,0.8319899,0.8319899,0.8229654,NA,NA,NA,NA,NA,NA,NA,NA,NA,NA,NA,NA,NA,NA,NA,NA,NA,NA,NA,NA,NA,NA,NA,NA,NA,NA,NA,NA,NA,NA,NA,6,SORL1,6653,GWAS,1,127,26
0.673174984122322,ENSG00000137845,ADAM10,protein_coding,0.724090050061399,NA,NA,GCST90027158/GCST007511/GCST90012877/GCST005922/GCST90013835/GCST90449055,0.791699945926666/0.764574348926544/0.746044218540192/0.735726892948151/0.682575941085815/0.682575941085815,NA,0.7916999,NA,NA,NA,NA,NA,NA,NA,NA,NA,NA,NA,NA,NA,NA,NA,NA,NA,NA,NA,NA,NA,NA,NA,NA,NA,NA,NA,NA,NA,NA,NA,NA,NA,NA,NA,NA,NA,NA,NA,NA,NA,NA,NA,NA,NA,NA,NA,NA,NA,NA,NA,NA,NA,NA,NA,NA,NA,NA,NA,NA,NA,NA,NA,0.7460442,NA,0.6825759,NA,NA,NA,0.7357269,NA,NA,0.7645743,0.6825759,NA,NA,NA,NA,NA,NA,NA,NA,NA,NA,NA,NA,NA,NA,NA,NA,NA,NA,NA,NA,NA,NA,NA,NA,NA,NA,NA,NA,NA,5,ADAM10,102,GWAS,1,217,16
0.620696640620157,ENSG00000159640,ACE,protein_coding,0.840513616622938,NA,NA,GCST90044699/GCST005922/GCST90013838/GCST90013835/GCST90132260/GCST90027158/GCST90565439/GCST90399479/GCST90301303/GCST002665,0.890875279903412/0.890875279903412/0.886213600635529/0.886213600635529/0.85266649723053/0.847491025924683/0.841211497783661/0.82854813337326/0.811380803585052/0.788656651973724,0.8908753,0.847491,0.8285481,0.8113808,NA,NA,NA,NA,NA,NA,NA,NA,NA,NA,NA,NA,NA,NA,NA,NA,NA,NA,NA,NA,NA,NA,NA,NA,NA,NA,NA,NA,NA,NA,NA,NA,NA,NA,NA,NA,NA,NA,NA,NA,NA,NA,NA,NA,NA,NA,NA,NA,NA,NA,NA,NA,NA,NA,NA,NA,NA,NA,NA,NA,NA,NA,NA,NA,NA,NA,NA,0.8908753,NA,NA,NA,0.8862136,0.8862136,0.8526665,0.8412115,0.7886567,NA,NA,NA,NA,NA,NA,NA,NA,NA,NA,NA,NA,NA,NA,NA,NA,NA,NA,NA,NA,NA,NA,NA,NA,NA,8,ACE,1636,GWAS,1,344,8
0.618331865909801,ENSG00000138613,APH1B,protein_coding,0.847450374155939,NA,NA,GCST90027158/GCST90449055/GCST90044699/GCST90565439/GCST90301303/GCST90399479,0.937651872634888/0.929853796958923/0.927896678447723/0.927896678447723/0.926340818405151/0.926257967948914,0.9278967,0.9376519,0.926258,0.9263408,NA,NA,NA,NA,NA,NA,NA,NA,NA,NA,NA,NA,NA,NA,NA,NA,NA,NA,NA,NA,NA,NA,NA,NA,NA,NA,NA,NA,NA,NA,NA,NA,NA,NA,NA,NA,NA,NA,NA,NA,NA,NA,NA,NA,NA,NA,NA,NA,NA,NA,NA,NA,NA,NA,NA,NA,NA,NA,NA,NA,NA,NA,NA,0.9298538,NA,NA,NA,NA,NA,NA,NA,NA,NA,NA,0.9278967,NA,NA,NA,NA,NA,NA,NA,NA,NA,NA,NA,NA,NA,NA,NA,NA,NA,NA,NA,NA,NA,NA,NA,NA,NA,NA,5,APH1B,83464,GWAS,1,45,2
0.595877646433021,ENSG00000203710,CR1,protein_coding,0.935985578457224,NA,NA,GCST90027158/GCST90012877/GCST90044699/GCST90399479/GCST90301303/GCST005549/FINNGEN_R12_G6_ALZHEIMER/GCST009021/GCST007826/GCST007319/GCST002245/GCST007320/FINNGEN_R12_AD_LO_EXMORE/GCST002813/GCST90654656/GCST90654655/GCST90624093/GCST90095190/FINNGEN_R12_G6_AD_WIDE/GCST90132260/GCST90449058/GCST90449055/GCST90449053/GCST001026/GCST90449062/GCST009496/GCST005922/GCST001025,0.970529973506927/0.940975368022919/0.936925709247589/0.934614896774292/0.934614896774292/0.929816484451294/0.928606152534485/0.925534725189209/0.925534725189209/0.925534725189209/0.924785375595093/0.923187017440796/0.916215419769287/0.906940758228302/0.905453085899353/0.905453085899353/0.895070910453796/0.885447025299072/0.884220778942108/0.807056605815887/0.779915332794189/0.777941942214966/0.777941942214966/0.767579793930054/0.763346493244171/0.756289005279541/0.696432054042816/0.693212449550629,0.9369257,0.97053,0.9346149,0.9346149,NA,0.9286062,0.8842208,0.9162154,NA,NA,NA,NA,NA,NA,NA,NA,NA,0.9054531,0.9298165,NA,NA,NA,NA,NA,NA,NA,NA,NA,NA,NA,NA,NA,NA,NA,NA,NA,NA,NA,NA,NA,NA,NA,NA,NA,0.9054531,NA,NA,NA,NA,NA,0.8950709,0.756289,NA,NA,NA,NA,NA,NA,NA,NA,NA,NA,0.923187,NA,NA,0.9409754,0.9247854,0.7779419,0.9255347,0.885447,0.9255347,0.6964321,0.7799153,NA,NA,NA,NA,0.8070566,NA,NA,0.9255347,0.9069408,0.7779419,0.7675798,0.7633465,0.6932124,NA,NA,NA,NA,NA,NA,NA,NA,NA,NA,NA,NA,NA,NA,NA,NA,NA,NA,NA,23,CR1,1378,GWAS,1,108,2
0.595229249030764,ENSG00000146904,EPHA1,protein_coding,0.832692763884581,NA,NA,GCST002245/GCST90449058/GCST007319/GCST001026/GCST007827/GCST90095190/GCST007320/GCST90044699,0.921518743038177/0.920660793781281/0.783032298088074/0.783032298088074/0.627012491226196/0.627012491226196/0.608777582645416/0.543317079544067,0.5433171,NA,NA,NA,NA,NA,NA,NA,NA,NA,NA,NA,NA,NA,NA,NA,NA,NA,NA,NA,NA,NA,NA,NA,NA,NA,NA,NA,NA,NA,NA,NA,NA,NA,NA,NA,NA,NA,NA,NA,NA,NA,NA,NA,NA,NA,NA,NA,NA,NA,NA,NA,NA,NA,NA,NA,NA,NA,NA,NA,NA,NA,0.6087776,NA,NA,NA,0.9215187,NA,0.7830323,0.6270125,NA,NA,0.9206608,NA,NA,NA,NA,NA,NA,NA,NA,NA,NA,0.7830323,NA,NA,0.6270125,NA,NA,NA,NA,NA,NA,NA,NA,NA,NA,NA,NA,NA,NA,NA,NA,NA,NA,6,EPHA1,2041,GWAS,1,131,19
0.587205627156889,ENSG00000030582,GRN,protein_coding,0.832404120712953,NA,NA,FINNGEN_R12_G6_ALZHEIMER/GCST90399479/GCST90301303/GCST90027158/FINNGEN_R12_G6_AD_WIDE/FINNGEN_R12_AD_LO_EXMORE,0.931659877300262/0.917689621448517/0.901458621025085/0.898317098617554/0.881658434867859/0.509107232093811,NA,0.8983171,0.9176896,0.9014586,NA,0.9316599,0.8816584,0.5091072,NA,NA,NA,NA,NA,NA,NA,NA,NA,NA,NA,NA,NA,NA,NA,NA,NA,NA,NA,NA,NA,NA,NA,NA,NA,NA,NA,NA,NA,NA,NA,NA,NA,NA,NA,NA,NA,NA,NA,NA,NA,NA,NA,NA,NA,NA,NA,NA,NA,NA,NA,NA,NA,NA,NA,NA,NA,NA,NA,NA,NA,NA,NA,NA,NA,NA,NA,NA,NA,NA,NA,NA,NA,NA,NA,NA,NA,NA,NA,NA,NA,NA,NA,NA,NA,NA,NA,NA,NA,NA,NA,NA,NA,NA,NA,NA,NA,6,GRN,2896,GWAS,1,157,8
0.580284930316774,ENSG00000064687,ABCA7,protein_coding,0.679080439890609,NA,NA,GCST007319/GCST009021/GCST90027158/GCST001963,0.71214097738266/0.71214097738266/0.69436126947403/0.563941538333893,NA,0.6943613,NA,NA,NA,NA,NA,NA,NA,NA,NA,NA,NA,NA,NA,NA,NA,NA,NA,NA,NA,NA,NA,NA,NA,NA,NA,NA,NA,NA,NA,NA,NA,NA,NA,NA,NA,NA,NA,NA,NA,NA,NA,NA,NA,NA,NA,NA,NA,NA,NA,NA,NA,NA,NA,NA,NA,NA,NA,NA,NA,NA,NA,NA,NA,NA,NA,NA,0.712141,NA,0.712141,NA,NA,NA,NA,NA,NA,NA,NA,NA,NA,NA,NA,NA,NA,NA,NA,0.5639415,NA,NA,NA,NA,NA,NA,NA,NA,NA,NA,NA,NA,NA,NA,NA,NA,NA,3,ABCA7,10347,GWAS,1,68,25
0.579636709647752,ENSG00000105383,CD33,protein_coding,0.79074957168911,NA,NA,GCST007320/GCST001026/GCST90044699,0.958934903144836/0.951753318309784/0.934647917747498,0.9346479,NA,NA,NA,NA,NA,NA,NA,NA,NA,NA,NA,NA,NA,NA,NA,NA,NA,NA,NA,NA,NA,NA,NA,NA,NA,NA,NA,NA,NA,NA,NA,NA,NA,NA,NA,NA,NA,NA,NA,NA,NA,NA,NA,NA,NA,NA,NA,NA,NA,NA,NA,NA,NA,NA,NA,NA,NA,NA,NA,NA,NA,0.9589349,NA,NA,NA,NA,NA,NA,NA,NA,NA,NA,NA,NA,NA,NA,NA,NA,NA,NA,NA,NA,0.9517533,NA,NA,NA,NA,NA,NA,NA,NA,NA,NA,NA,NA,NA,NA,NA,NA,NA,NA,NA,NA,NA,3,CD33,945,GWAS,1,311,23
0.572481527391008,ENSG00000095970,TREM2,protein_coding,0.89221703983175,NA,NA,GCST90399479/GCST90654655/GCST90565439/GCST005549/GCST001743/GCST90654656/GCST90267627/GCST90027158/GCST90027158/GCST90132260,0.938167750835419/0.938167750835419/0.938167750835419/0.938167750835419/0.938167750835419/0.938167750835419/0.937310993671417/0.93611353635788/0.919959962368011/0.795175135135651,NA,0.91996,0.9381678,NA,NA,NA,NA,NA,NA,NA,NA,NA,NA,NA,NA,NA,NA,0.9381678,0.9381678,NA,NA,NA,NA,NA,NA,NA,NA,NA,NA,NA,NA,NA,NA,NA,NA,NA,NA,NA,NA,NA,NA,NA,0.937311,NA,0.9381678,NA,NA,NA,NA,NA,NA,NA,NA,NA,NA,NA,NA,NA,NA,NA,NA,NA,NA,NA,NA,NA,NA,NA,NA,NA,NA,NA,NA,NA,NA,NA,NA,0.7951751,0.9381678,NA,NA,NA,NA,NA,NA,NA,NA,NA,0.9381678,NA,NA,NA,NA,NA,NA,NA,NA,NA,NA,NA,NA,NA,NA,NA,NA,5,TREM2,54209,GWAS,1,230,28
0.553635987822193,ENSG00000136717,BIN1,protein_coding,0.862059382453275,NA,NA,GCST007320/GCST007320/GCST90558250/FINNGEN_R12_AD_LO_EXMORE/GCST90449062/GCST009019/GCST90276157/GCST90624093/GCST90654656/GCST002813/GCST90276158/GCST002817/GCST005922/GCST90012877/GCST90449058/GCST90044699/GCST90449055/GCST90449053/GCST007319/GCST90565439/GCST009021/FINNGEN_R12_G6_AD_WIDE/GCST007320/GCST90301303/GCST90399479/GCST90654655/GCST007827/GCST90095190/GCST90027158/GCST90038452/FINNGEN_R12_AD_EO_EXMORE/GCST009496/GCST001026/FINNGEN_R12_G6_ALZHEIMER/GCST90132260/GCST002245/FINNGEN_R12_F5_ALZHDEMENT/GCST001529/GCST001087/GCST001025/GCST000986,0.888217926025391/0.871334195137024/0.844770789146423/0.842603504657745/0.842603504657745/0.842603504657745/0.842603504657745/0.842603504657745/0.842603504657745/0.842603504657745/0.842603504657745/0.842603504657745/0.836410939693451/0.836410939693451/0.836410939693451/0.836410939693451/0.836410939693451/0.836410939693451/0.836410939693451/0.836410939693451/0.836410939693451/0.836410939693451/0.836410939693451/0.832777798175812/0.832777798175812/0.823742389678955/0.823742389678955/0.823742389678955/0.819560587406158/0.816544055938721/0.815301358699799/0.814576387405396/0.814576387405396/0.813785314559937/0.813785314559937/0.809561789035797/0.805182099342346/0.804159998893738/0.784897983074188/0.769894480705261/0.760685920715332,0.8364109,0.8195606,0.8327778,0.8327778,NA,0.8137853,0.8364109,0.8426035,0.8051821,NA,NA,NA,NA,NA,NA,NA,NA,0.8426035,NA,NA,NA,NA,NA,NA,NA,NA,NA,0.8153014,NA,NA,NA,NA,0.8426035,0.8426035,NA,NA,NA,NA,NA,NA,NA,NA,NA,NA,0.8237424,NA,0.8426035,0.8165441,NA,NA,0.8426035,0.8145764,0.8447708,NA,NA,NA,NA,NA,NA,0.80416,NA,NA,0.8364109,NA,NA,0.8364109,0.8095618,0.8364109,0.8364109,0.8237424,0.8364109,0.8364109,0.8364109,NA,NA,NA,NA,0.8137853,0.8364109,NA,NA,0.8426035,0.8364109,0.8145764,0.8426035,0.7698945,0.8237424,NA,NA,0.8426035,0.784898,0.7606859,NA,NA,NA,NA,NA,NA,NA,NA,NA,NA,NA,NA,NA,18,BIN1,274,GWAS,1,294,23
0.544761100207114,ENSG00000197943,PLCG2,protein_coding,0.851901943889858,NA,NA,GCST90027158/GCST005549/GCST90565439/GCST90301303/GCST90027158/GCST012182/GCST90399479,0.918340027332306/0.918340027332306/0.795060038566589/0.795060038566589/0.780247747898102/0.764215350151062/0.68458366394043,NA,0.7802477,0.6845837,0.79506,0.7642154,NA,NA,NA,NA,NA,NA,NA,NA,NA,NA,NA,NA,NA,0.91834,NA,NA,NA,NA,NA,NA,NA,NA,NA,NA,NA,NA,NA,NA,NA,NA,NA,NA,NA,NA,NA,NA,NA,NA,NA,NA,NA,NA,NA,NA,NA,NA,NA,NA,NA,NA,NA,NA,NA,NA,NA,NA,NA,NA,NA,NA,NA,NA,NA,NA,NA,NA,NA,NA,NA,NA,NA,NA,NA,0.79506,NA,NA,NA,NA,NA,NA,NA,NA,NA,NA,NA,NA,NA,NA,NA,NA,NA,NA,NA,NA,NA,NA,NA,NA,NA,NA,5,PLCG2,5336,GWAS,1,318,9
0.542609741154577,ENSG00000120885,CLU,protein_coding,0.843073123162963,NA,NA,GCST90399479/GCST007320/GCST002245/FINNGEN_R12_G6_ALZHEIMER/GCST90301303/GCST005922/FINNGEN_R12_F5_ALZHDEMENT/GCST007319/GCST90558250/GCST90095190/GCST90449055/GCST90449058/GCST90027158/GCST90044699/GCST90565439/GCST009021/GCST90012877/FINNGEN_R12_G6_AD_WIDE/GCST007826/GCST90449062/GCST90449053/GCST000479/GCST005549/GCST002813,0.867928981781006/0.864827394485474/0.858313798904419/0.857091665267944/0.853778421878815/0.853778421878815/0.853778421878815/0.851785957813263/0.851785957813263/0.851785957813263/0.851785957813263/0.851785957813263/0.850741982460022/0.847406327724457/0.846717178821564/0.846717178821564/0.846717178821564/0.845342814922333/0.844974040985107/0.844747066497803/0.844747066497803/0.844747066497803/0.842303037643433/0.839482963085175,0.8474063,0.850742,0.867929,0.8537784,NA,0.8570917,0.8453428,NA,0.8537784,NA,NA,NA,NA,NA,NA,NA,NA,NA,0.842303,NA,NA,NA,NA,NA,NA,NA,NA,NA,NA,NA,NA,NA,NA,NA,NA,NA,NA,NA,NA,NA,NA,NA,NA,NA,NA,NA,NA,NA,NA,NA,NA,NA,0.851786,NA,NA,NA,NA,NA,NA,NA,NA,NA,0.8648274,NA,NA,0.8467172,0.8583138,0.851786,0.851786,0.851786,0.8467172,0.8537784,0.851786,NA,NA,NA,NA,NA,0.8467172,NA,0.844974,0.839483,0.8447471,NA,0.8447471,NA,NA,NA,NA,NA,NA,NA,0.8447471,NA,NA,NA,NA,NA,NA,NA,NA,NA,NA,NA,NA,14,CLU,1191,GWAS,1,317,27
0.541187150712749,ENSG00000071051,NCK2,protein_coding,0.788071023504808,NA,NA,GCST90027158/GCST90012877/GCST90399479,0.900656759738922/0.900656759738922/0.892743408679962,NA,0.9006568,0.8927434,NA,NA,NA,NA,NA,NA,NA,NA,NA,NA,NA,NA,NA,NA,NA,NA,NA,NA,NA,NA,NA,NA,NA,NA,NA,NA,NA,NA,NA,NA,NA,NA,NA,NA,NA,NA,NA,NA,NA,NA,NA,NA,NA,NA,NA,NA,NA,NA,NA,NA,NA,NA,NA,NA,NA,NA,NA,NA,NA,NA,NA,NA,0.9006568,NA,NA,NA,NA,NA,NA,NA,NA,NA,NA,NA,NA,NA,NA,NA,NA,NA,NA,NA,NA,NA,NA,NA,NA,NA,NA,NA,NA,NA,NA,NA,NA,NA,NA,NA,NA,NA,NA,NA,2,NCK2,8440,GWAS,1,164,2
0.534623045787407,ENSG00000110077,MS4A6A,protein_coding,0.867598465141203,NA,NA,GCST007320/GCST90301303/FINNGEN_R12_F5_ALZHDEMENT/GCST90565439/FINNGEN_R12_G6_ALZHEIMER/GCST90449055/GCST90449058/GCST007319/GCST90558250/GCST001025/GCST005922/GCST009021/GCST90132260/FINNGEN_R12_G6_AD_WIDE,0.923161506652832/0.92122757434845/0.92014753818512/0.913261353969574/0.829628109931946/0.715613961219788/0.715613961219788/0.699494779109955/0.695278346538544/0.653394520282745/0.640521109104156/0.542195975780487/0.512598097324371/0.51124632358551,NA,NA,NA,0.9212276,NA,0.8296281,0.5112463,NA,0.9201475,NA,NA,NA,NA,NA,NA,NA,NA,NA,NA,NA,NA,NA,NA,NA,NA,NA,NA,NA,NA,NA,NA,NA,NA,NA,NA,NA,NA,NA,NA,NA,NA,NA,NA,NA,NA,NA,NA,NA,NA,NA,NA,NA,0.6952783,NA,NA,NA,NA,NA,NA,NA,NA,NA,0.9231615,NA,NA,NA,NA,0.715614,0.6994948,NA,0.542196,0.6405211,0.715614,NA,NA,NA,NA,0.5125981,0.9132614,NA,NA,NA,NA,NA,NA,0.6533945,NA,NA,NA,NA,NA,NA,NA,NA,NA,NA,NA,NA,NA,NA,NA,NA,NA,NA,NA,13,MS4A6A,64231,GWAS,1,95,21
0.5136010592615,ENSG00000198087,CD2AP,protein_coding,0.799540510169193,NA,NA,GCST90267627/GCST007319/GCST90654655/GCST005922/GCST90565439/GCST001026/GCST90399479/GCST90027158/GCST90012877/GCST009021/GCST90044699/GCST90132260/GCST90301303,0.812150478363037/0.790393233299255/0.768249452114105/0.761117517948151/0.753762602806091/0.730581521987915/0.722827017307281/0.719210207462311/0.710961580276489/0.707151353359222/0.700753271579742/0.678008913993835/0.671537041664124,0.7007533,0.7192102,0.722827,0.671537,NA,NA,NA,NA,NA,NA,NA,NA,NA,NA,NA,NA,NA,NA,NA,NA,NA,NA,NA,NA,NA,NA,NA,NA,NA,NA,NA,NA,NA,NA,NA,NA,NA,NA,NA,NA,NA,NA,0.8121505,NA,0.7682495,NA,NA,NA,NA,NA,NA,NA,NA,NA,NA,NA,NA,NA,NA,NA,NA,NA,NA,NA,NA,0.7109616,NA,NA,0.7903932,NA,0.7071514,0.7611175,NA,NA,NA,NA,NA,0.6780089,0.7537626,NA,NA,NA,NA,0.7305815,NA,NA,NA,NA,NA,NA,NA,NA,NA,NA,NA,NA,NA,NA,NA,NA,NA,NA,NA,NA,NA,13,CD2AP,23607,GWAS,1,187,22
0.503091086610402,ENSG00000073921,PICALM,protein_coding,0.781433213721977,NA,NA,GCST90654656/GCST90654655/GCST001087/GCST90449055/GCST001026/GCST007320/GCST007320/GCST90449058/GCST90558250/GCST90044699/GCST90565439/GCST90012877/GCST009019/GCST002245/GCST90399479/GCST007827/GCST90095190/GCST90027158/GCST005922/GCST90132260/GCST007319/GCST90027158/GCST009021/GCST90301303/GCST90449053/GCST000479/GCST90449062,0.816546559333801/0.8107550740242/0.755676805973053/0.753695070743561/0.751694202423096/0.747776210308075/0.744179844856262/0.739135205745697/0.735286176204681/0.72195965051651/0.706229627132416/0.696126461029053/0.695920884609222/0.695172548294067/0.691732227802277/0.685638129711151/0.685638129711151/0.681355476379395/0.681355476379395/0.681355476379395/0.680651724338531/0.67890465259552/0.676978707313538/0.669977307319641/0.669762432575226/0.669762432575226/0.565363645553589,0.7219597,0.6789047,0.6917322,0.6699773,NA,NA,NA,NA,NA,NA,NA,NA,NA,NA,NA,NA,NA,0.8165466,NA,NA,NA,NA,NA,NA,NA,NA,NA,NA,NA,NA,NA,NA,NA,NA,NA,NA,NA,NA,NA,NA,NA,NA,NA,NA,0.8107551,NA,0.6959209,NA,NA,NA,NA,NA,0.7352862,NA,NA,NA,NA,NA,NA,NA,NA,NA,0.7441798,NA,NA,0.6961265,0.6951725,0.7536951,0.6806517,0.6856381,0.6769787,0.6813555,0.7391352,NA,NA,NA,NA,0.6813555,0.7062296,NA,NA,NA,0.6697624,0.7516942,0.5653636,NA,0.6856381,NA,NA,NA,0.7556768,NA,0.6697624,NA,NA,NA,NA,NA,NA,NA,NA,NA,NA,NA,NA,23,PICALM,8301,GWAS,1,219,24
0.499414670250825,ENSG00000168918,INPP5D,protein_coding,0.777233431266871,NA,NA,GCST90132260/GCST90012877/GCST90399479/GCST90027158/GCST90301303/GCST90565439/GCST007320/GCST005922/GCST90044699/GCST90027158,0.846061229705811/0.764299392700195/0.742203116416931/0.742203116416931/0.742203116416931/0.737917721271515/0.657788276672363/0.642418801784515/0.613420724868774/0.51810622215271,0.6134207,0.5181062,0.7422031,0.7422031,NA,NA,NA,NA,NA,NA,NA,NA,NA,NA,NA,NA,NA,NA,NA,NA,NA,NA,NA,NA,NA,NA,NA,NA,NA,NA,NA,NA,NA,NA,NA,NA,NA,NA,NA,NA,NA,NA,NA,NA,NA,NA,NA,NA,NA,NA,NA,NA,NA,NA,NA,NA,NA,NA,NA,NA,NA,NA,0.6577883,NA,NA,0.7642994,NA,NA,NA,NA,NA,0.6424188,NA,NA,NA,NA,NA,0.8460612,0.7379177,NA,NA,NA,NA,NA,NA,NA,NA,NA,NA,NA,NA,NA,NA,NA,NA,NA,NA,NA,NA,NA,NA,NA,NA,NA,NA,8,INPP5D,3635,GWAS,1,176,20
0.498701172647773,ENSG00000087589,CASS4,protein_coding,0.80771699212333,NA,NA,GCST90565439/GCST90027158/GCST90301303/GCST90399479/GCST90012877/GCST90449058/GCST90044699,0.851392447948456/0.800370633602142/0.793318629264832/0.793318629264832/0.792855620384216/0.78925746679306/0.780418455600739,0.7804185,0.8003706,0.7933186,0.7933186,NA,NA,NA,NA,NA,NA,NA,NA,NA,NA,NA,NA,NA,NA,NA,NA,NA,NA,NA,NA,NA,NA,NA,NA,NA,NA,NA,NA,NA,NA,NA,NA,NA,NA,NA,NA,NA,NA,NA,NA,NA,NA,NA,NA,NA,NA,NA,NA,NA,NA,NA,NA,NA,NA,NA,NA,NA,NA,NA,NA,NA,0.7928556,NA,NA,NA,NA,NA,NA,0.7892575,NA,NA,NA,NA,NA,0.8513924,NA,NA,NA,NA,NA,NA,NA,NA,NA,NA,NA,NA,NA,NA,NA,NA,NA,NA,NA,NA,NA,NA,NA,NA,NA,NA,6,CASS4,57091,GWAS,1,49,20
0.489918171521312,ENSG00000164733,CTSB,protein_coding,0.761511605329076,NA,NA,GCST90027158/GCST90399479/GCST90301303,0.922742247581482/0.913531899452209/0.913531899452209,NA,0.9227422,0.9135319,0.9135319,NA,NA,NA,NA,NA,NA,NA,NA,NA,NA,NA,NA,NA,NA,NA,NA,NA,NA,NA,NA,NA,NA,NA,NA,NA,NA,NA,NA,NA,NA,NA,NA,NA,NA,NA,NA,NA,NA,NA,NA,NA,NA,NA,NA,NA,NA,NA,NA,NA,NA,NA,NA,NA,NA,NA,NA,NA,NA,NA,NA,NA,NA,NA,NA,NA,NA,NA,NA,NA,NA,NA,NA,NA,NA,NA,NA,NA,NA,NA,NA,NA,NA,NA,NA,NA,NA,NA,NA,NA,NA,NA,NA,NA,NA,NA,NA,NA,NA,NA,NA,NA,2,CTSB,1508,GWAS,1,303,7
0.468881887396372,ENSG00000179526,SHARPIN,protein_coding,0.753182752384211,NA,NA,GCST90565439/GCST90027158/GCST90654655/GCST90399479,0.832866966724396/0.832866966724396/0.826295673847198/0.826295673847198,NA,0.832867,0.8262957,NA,NA,NA,NA,NA,NA,NA,NA,NA,NA,NA,NA,NA,NA,NA,NA,NA,NA,NA,NA,NA,NA,NA,NA,NA,NA,NA,NA,NA,NA,NA,NA,NA,NA,NA,NA,NA,NA,NA,NA,NA,0.8262957,NA,NA,NA,NA,NA,NA,NA,NA,NA,NA,NA,NA,NA,NA,NA,NA,NA,NA,NA,NA,NA,NA,NA,NA,NA,NA,NA,NA,NA,NA,NA,NA,NA,0.832867,NA,NA,NA,NA,NA,NA,NA,NA,NA,NA,NA,NA,NA,NA,NA,NA,NA,NA,NA,NA,NA,NA,NA,NA,NA,NA,2,SHARPIN,81858,GWAS,1,111,1
0.461644041215609,ENSG00000106460,TMEM106B,protein_coding,0.714391894678656,NA,NA,GCST90044699/FINNGEN_R12_G6_ALZHEIMER,0.826756596565247/0.816433310508728,0.8267566,NA,NA,NA,NA,0.8164333,NA,NA,NA,NA,NA,NA,NA,NA,NA,NA,NA,NA,NA,NA,NA,NA,NA,NA,NA,NA,NA,NA,NA,NA,NA,NA,NA,NA,NA,NA,NA,NA,NA,NA,NA,NA,NA,NA,NA,NA,NA,NA,NA,NA,NA,NA,NA,NA,NA,NA,NA,NA,NA,NA,NA,NA,NA,NA,NA,NA,NA,NA,NA,NA,NA,NA,NA,NA,NA,NA,NA,NA,NA,NA,NA,NA,NA,NA,NA,NA,NA,NA,NA,NA,NA,NA,NA,NA,NA,NA,NA,NA,NA,NA,NA,NA,NA,NA,NA,2,TMEM106B,54664,GWAS,1,34,3
0.459417101104516,ENSG00000140090,SLC24A4,protein_coding,0.745787680244441,NA,NA,GCST90095190/GCST90012877/GCST90449058/GCST90301303/GCST90044699/GCST90565439/GCST90399479/GCST90132260/GCST007320/GCST90027158/GCST90012877,0.788036644458771/0.788036644458771/0.788036644458771/0.788036644458771/0.788036644458771/0.788036644458771/0.788036644458771/0.742591559886932/0.559803247451782/0.559107959270477/0.557372391223907,0.7880366,0.559108,0.7880366,0.7880366,NA,NA,NA,NA,NA,NA,NA,NA,NA,NA,NA,NA,NA,NA,NA,NA,NA,NA,NA,NA,NA,NA,NA,NA,NA,NA,NA,NA,NA,NA,NA,NA,NA,NA,NA,NA,NA,NA,NA,NA,NA,NA,NA,NA,NA,NA,NA,NA,NA,NA,NA,NA,NA,NA,NA,NA,NA,NA,0.5598032,NA,NA,0.5573724,NA,NA,NA,0.7880366,NA,NA,0.7880366,NA,NA,NA,NA,0.7425916,0.7880366,NA,NA,NA,NA,NA,NA,NA,NA,NA,NA,NA,NA,NA,NA,NA,NA,NA,NA,NA,NA,NA,NA,NA,NA,NA,NA,5,SLC24A4,123041,GWAS,1,74,19
0.458642063908551,ENSG00000120899,PTK2B,protein_coding,0.720282408396241,NA,NA,GCST007320/GCST90027158/GCST90012877,0.87111097574234/0.869023025035858/0.867988228797913,NA,0.869023,NA,NA,NA,NA,NA,NA,NA,NA,NA,NA,NA,NA,NA,NA,NA,NA,NA,NA,NA,NA,NA,NA,NA,NA,NA,NA,NA,NA,NA,NA,NA,NA,NA,NA,NA,NA,NA,NA,NA,NA,NA,NA,NA,NA,NA,NA,NA,NA,NA,NA,NA,NA,NA,NA,NA,NA,NA,NA,NA,NA,0.871111,NA,NA,0.8679882,NA,NA,NA,NA,NA,NA,NA,NA,NA,NA,NA,NA,NA,NA,NA,NA,NA,NA,NA,NA,NA,NA,NA,NA,NA,NA,NA,NA,NA,NA,NA,NA,NA,NA,NA,NA,NA,NA,NA,3,PTK2B,2185,GWAS,1,264,20
0.45671488970549,ENSG00000146090,RASGEF1C,protein_coding,0.749126125730391,NA,NA,GCST90027158/GCST90399479/GCST90301303/GCST90565439,0.866270303726196/0.866270303726196/0.861037611961365/0.859949886798859,NA,0.8662703,0.8662703,0.8610376,NA,NA,NA,NA,NA,NA,NA,NA,NA,NA,NA,NA,NA,NA,NA,NA,NA,NA,NA,NA,NA,NA,NA,NA,NA,NA,NA,NA,NA,NA,NA,NA,NA,NA,NA,NA,NA,NA,NA,NA,NA,NA,NA,NA,NA,NA,NA,NA,NA,NA,NA,NA,NA,NA,NA,NA,NA,NA,NA,NA,NA,NA,NA,NA,NA,NA,NA,NA,NA,NA,NA,NA,NA,NA,0.8599499,NA,NA,NA,NA,NA,NA,NA,NA,NA,NA,NA,NA,NA,NA,NA,NA,NA,NA,NA,NA,NA,NA,NA,NA,NA,NA,3,RASGEF1C,255426,GWAS,1,14,0
0.45205031366343,ENSG00000130202,NECTIN2,protein_coding,0.702380117335639,NA,NA,GCST90027158/GCST90027158/GCST90012877/GCST001947,0.882297933101654/0.566367983818054/0.566367983818054/0.562895894050598,NA,0.566368,NA,NA,NA,NA,NA,NA,NA,NA,NA,NA,NA,NA,NA,NA,NA,NA,NA,NA,NA,NA,NA,NA,NA,NA,NA,NA,NA,NA,NA,NA,NA,NA,NA,NA,NA,NA,NA,NA,NA,NA,NA,NA,NA,NA,NA,NA,NA,NA,NA,NA,NA,NA,NA,NA,NA,NA,NA,NA,NA,NA,NA,NA,NA,0.566368,NA,NA,NA,NA,NA,NA,NA,0.5628959,NA,NA,NA,NA,NA,NA,NA,NA,NA,NA,NA,NA,NA,NA,NA,NA,NA,NA,NA,NA,NA,NA,NA,NA,NA,NA,NA,NA,NA,NA,NA,3,NECTIN2,5819,GWAS,1,110,7
0.434984345951537,ENSG00000157368,IL34,protein_coding,0.692348404659513,NA,NA,GCST012182/GCST90132260,0.94686096906662/0.767998337745667,NA,NA,NA,NA,0.946861,NA,NA,NA,NA,NA,NA,NA,NA,NA,NA,NA,NA,NA,NA,NA,NA,NA,NA,NA,NA,NA,NA,NA,NA,NA,NA,NA,NA,NA,NA,NA,NA,NA,NA,NA,NA,NA,NA,NA,NA,NA,NA,NA,NA,NA,NA,NA,NA,NA,NA,NA,NA,NA,NA,NA,NA,NA,NA,NA,NA,NA,NA,NA,NA,NA,NA,NA,NA,NA,NA,NA,NA,0.7679983,NA,NA,NA,NA,NA,NA,NA,NA,NA,NA,NA,NA,NA,NA,NA,NA,NA,NA,NA,NA,NA,NA,NA,NA,NA,NA,NA,2,IL34,146433,GWAS,1,75,3
0.434795895328884,ENSG00000198740,ZNF652,protein_coding,0.702591668364609,NA,NA,GCST90449058/GCST90044699/GCST90449055,0.634864807128906/0.617718696594238/0.614566564559937,0.6177187,NA,NA,NA,NA,NA,NA,NA,NA,NA,NA,NA,NA,NA,NA,NA,NA,NA,NA,NA,NA,NA,NA,NA,NA,NA,NA,NA,NA,NA,NA,NA,NA,NA,NA,NA,NA,NA,NA,NA,NA,NA,NA,NA,NA,NA,NA,NA,NA,NA,NA,NA,NA,NA,NA,NA,NA,NA,NA,NA,NA,NA,NA,NA,NA,NA,NA,0.6145666,NA,NA,NA,NA,0.6348648,NA,NA,NA,NA,NA,NA,NA,NA,NA,NA,NA,NA,NA,NA,NA,NA,NA,NA,NA,NA,NA,NA,NA,NA,NA,NA,NA,NA,NA,NA,NA,NA,3,ZNF652,22834,GWAS,1,10,1
0.433743166874825,ENSG00000214787,MS4A4E,protein_coding,0.709362222890612,NA,NA,GCST90027158/GCST90399479/GCST90044699/GCST001087/GCST90654655,0.839299738407135/0.660653710365295/0.660653710365295/0.623995006084442/0.611321866512299,0.6606537,0.8392997,0.6606537,NA,NA,NA,NA,NA,NA,NA,NA,NA,NA,NA,NA,NA,NA,NA,NA,NA,NA,NA,NA,NA,NA,NA,NA,NA,NA,NA,NA,NA,NA,NA,NA,NA,NA,NA,NA,NA,NA,NA,NA,NA,0.6113219,NA,NA,NA,NA,NA,NA,NA,NA,NA,NA,NA,NA,NA,NA,NA,NA,NA,NA,NA,NA,NA,NA,NA,NA,NA,NA,NA,NA,NA,NA,NA,NA,NA,NA,NA,NA,NA,NA,NA,NA,NA,NA,NA,NA,NA,0.623995,NA,NA,NA,NA,NA,NA,NA,NA,NA,NA,NA,NA,NA,NA,4,MS4A4E,643680,GWAS,1,37,19
0.431341084280613,ENSG00000104043,ATP8B4,protein_coding,0.701545961783893,NA,NA,GCST90027158,0.929481029510498,NA,0.929481,NA,NA,NA,NA,NA,NA,NA,NA,NA,NA,NA,NA,NA,NA,NA,NA,NA,NA,NA,NA,NA,NA,NA,NA,NA,NA,NA,NA,NA,NA,NA,NA,NA,NA,NA,NA,NA,NA,NA,NA,NA,NA,NA,NA,NA,NA,NA,NA,NA,NA,NA,NA,NA,NA,NA,NA,NA,NA,NA,NA,NA,NA,NA,NA,NA,NA,NA,NA,NA,NA,NA,NA,NA,NA,NA,NA,NA,NA,NA,NA,NA,NA,NA,NA,NA,NA,NA,NA,NA,NA,NA,NA,NA,NA,NA,NA,NA,NA,NA,NA,NA,NA,NA,1,ATP8B4,79895,GWAS,1,18,0
0.427305964229039,ENSG00000085514,PILRA,protein_coding,0.669494028680701,NA,NA,GCST005922/GCST90558250/GCST90449058/GCST90449053/GCST007319/GCST90449062/GCST90132260,0.74258953332901/0.73643958568573/0.655006527900696/0.584026157855988/0.535258293151855/0.527501106262207/0.505951344966888,NA,NA,NA,NA,NA,NA,NA,NA,NA,NA,NA,NA,NA,NA,NA,NA,NA,NA,NA,NA,NA,NA,NA,NA,NA,NA,NA,NA,NA,NA,NA,NA,NA,NA,NA,NA,NA,NA,NA,NA,NA,NA,NA,NA,NA,NA,NA,NA,NA,NA,NA,NA,0.7364396,NA,NA,NA,NA,NA,NA,NA,NA,NA,NA,NA,NA,NA,NA,NA,0.5352583,NA,NA,0.7425895,0.6550065,NA,NA,NA,NA,0.5059513,NA,NA,NA,NA,0.5840262,NA,0.5275011,NA,NA,NA,NA,NA,NA,NA,NA,NA,NA,NA,NA,NA,NA,NA,NA,NA,NA,NA,NA,7,PILRA,29992,GWAS,1,59,4
0.426794275643787,ENSG00000108798,ABI3,protein_coding,0.656979812562537,NA,NA,GCST005549/GCST90399479,0.864545524120331/0.864545524120331,NA,NA,0.8645455,NA,NA,NA,NA,NA,NA,NA,NA,NA,NA,NA,NA,NA,NA,NA,0.8645455,NA,NA,NA,NA,NA,NA,NA,NA,NA,NA,NA,NA,NA,NA,NA,NA,NA,NA,NA,NA,NA,NA,NA,NA,NA,NA,NA,NA,NA,NA,NA,NA,NA,NA,NA,NA,NA,NA,NA,NA,NA,NA,NA,NA,NA,NA,NA,NA,NA,NA,NA,NA,NA,NA,NA,NA,NA,NA,NA,NA,NA,NA,NA,NA,NA,NA,NA,NA,NA,NA,NA,NA,NA,NA,NA,NA,NA,NA,NA,NA,NA,NA,NA,NA,NA,NA,1,ABI3,51225,GWAS,1,47,11
0.426330007540394,ENSG00000052344,PRSS8,protein_coding,0.696666126220564,NA,NA,GCST90301303/GCST90012877,0.8915656208992/0.746452808380127,NA,NA,NA,0.8915656,NA,NA,NA,NA,NA,NA,NA,NA,NA,NA,NA,NA,NA,NA,NA,NA,NA,NA,NA,NA,NA,NA,NA,NA,NA,NA,NA,NA,NA,NA,NA,NA,NA,NA,NA,NA,NA,NA,NA,NA,NA,NA,NA,NA,NA,NA,NA,NA,NA,NA,NA,NA,NA,NA,NA,NA,NA,NA,NA,NA,NA,0.7464528,NA,NA,NA,NA,NA,NA,NA,NA,NA,NA,NA,NA,NA,NA,NA,NA,NA,NA,NA,NA,NA,NA,NA,NA,NA,NA,NA,NA,NA,NA,NA,NA,NA,NA,NA,NA,NA,NA,NA,2,PRSS8,5652,GWAS,1,35,0
0.423019755519967,ENSG00000073712,FERMT2,protein_coding,0.667074618671109,NA,NA,FINNGEN_R12_G6_ALZHEIMER/GCST90012877/GCST005922/GCST90399479/GCST90301303/GCST90027158/GCST90044699,0.736859738826752/0.697725236415863/0.68689227104187/0.68689227104187/0.68689227104187/0.68689227104187/0.521032571792603,0.5210326,0.6868923,0.6868923,0.6868923,NA,0.7368597,NA,NA,NA,NA,NA,NA,NA,NA,NA,NA,NA,NA,NA,NA,NA,NA,NA,NA,NA,NA,NA,NA,NA,NA,NA,NA,NA,NA,NA,NA,NA,NA,NA,NA,NA,NA,NA,NA,NA,NA,NA,NA,NA,NA,NA,NA,NA,NA,NA,NA,NA,NA,NA,NA,NA,NA,NA,NA,NA,0.6977252,NA,NA,NA,NA,NA,0.6868923,NA,NA,NA,NA,NA,NA,NA,NA,NA,NA,NA,NA,NA,NA,NA,NA,NA,NA,NA,NA,NA,NA,NA,NA,NA,NA,NA,NA,NA,NA,NA,NA,NA,4,FERMT2,10979,GWAS,1,103,20
0.422318850592332,ENSG00000165029,ABCA1,protein_coding,0.64879387810593,NA,NA,GCST90027158/GCST007827,0.856189727783203/0.844107747077942,NA,0.8561897,NA,NA,NA,NA,NA,NA,NA,NA,NA,NA,NA,NA,NA,NA,NA,NA,NA,NA,NA,NA,NA,NA,NA,NA,NA,NA,NA,NA,NA,NA,NA,NA,NA,NA,NA,NA,NA,NA,NA,NA,NA,NA,NA,NA,NA,NA,NA,NA,NA,NA,NA,NA,NA,NA,NA,NA,NA,NA,NA,NA,NA,NA,NA,NA,NA,NA,NA,NA,NA,NA,NA,NA,NA,NA,NA,NA,NA,NA,NA,NA,NA,NA,NA,NA,0.8441077,NA,NA,NA,NA,NA,NA,NA,NA,NA,NA,NA,NA,NA,NA,NA,NA,NA,NA,2,ABCA1,19,GWAS,1,227,10
0.418094977199653,ENSG00000108219,TSPAN14,protein_coding,0.681198138141884,NA,NA,GCST90399479/GCST90027158/GCST90565439/GCST90301303/GCST90012877,0.769295632839203/0.764213800430298/0.76032567024231/0.750256299972534/0.719962000846863,NA,0.7642138,0.7692956,0.7502563,NA,NA,NA,NA,NA,NA,NA,NA,NA,NA,NA,NA,NA,NA,NA,NA,NA,NA,NA,NA,NA,NA,NA,NA,NA,NA,NA,NA,NA,NA,NA,NA,NA,NA,NA,NA,NA,NA,NA,NA,NA,NA,NA,NA,NA,NA,NA,NA,NA,NA,NA,NA,NA,NA,NA,NA,NA,NA,NA,NA,NA,0.719962,NA,NA,NA,NA,NA,NA,NA,NA,NA,NA,NA,NA,0.7603257,NA,NA,NA,NA,NA,NA,NA,NA,NA,NA,NA,NA,NA,NA,NA,NA,NA,NA,NA,NA,NA,NA,NA,NA,NA,NA,5,TSPAN14,81619,GWAS,1,32,3
0.413819717085862,ENSG00000127415,IDUA,protein_coding,0.674605881686643,NA,NA,GCST90565439/GCST90399479/GCST90027158,0.829764485359192/0.82353675365448/0.666240990161896,NA,0.666241,0.8235368,NA,NA,NA,NA,NA,NA,NA,NA,NA,NA,NA,NA,NA,NA,NA,NA,NA,NA,NA,NA,NA,NA,NA,NA,NA,NA,NA,NA,NA,NA,NA,NA,NA,NA,NA,NA,NA,NA,NA,NA,NA,NA,NA,NA,NA,NA,NA,NA,NA,NA,NA,NA,NA,NA,NA,NA,NA,NA,NA,NA,NA,NA,NA,NA,NA,NA,NA,NA,NA,NA,NA,NA,NA,NA,NA,0.8297645,NA,NA,NA,NA,NA,NA,NA,NA,NA,NA,NA,NA,NA,NA,NA,NA,NA,NA,NA,NA,NA,NA,NA,NA,NA,NA,3,IDUA,3425,GWAS,1,51,1
0.40960324326269,ENSG00000140945,CDH13,protein_coding,0.655841139175555,NA,NA,GCST90624094/GCST90449055,0.896945297718048/0.727454304695129,NA,NA,NA,NA,NA,NA,NA,NA,NA,NA,NA,NA,NA,NA,NA,NA,NA,NA,NA,NA,NA,NA,NA,NA,NA,NA,NA,NA,NA,NA,NA,NA,NA,NA,NA,NA,NA,NA,NA,NA,NA,NA,NA,NA,NA,NA,NA,NA,NA,0.8969453,NA,NA,NA,NA,NA,NA,NA,NA,NA,NA,NA,NA,NA,NA,NA,NA,NA,0.7274543,NA,NA,NA,NA,NA,NA,NA,NA,NA,NA,NA,NA,NA,NA,NA,NA,NA,NA,NA,NA,NA,NA,NA,NA,NA,NA,NA,NA,NA,NA,NA,NA,NA,NA,NA,NA,NA,2,CDH13,1012,GWAS,1,95,2
0.408944150575076,ENSG00000128923,MINDY2,protein_coding,0.670609200148011,NA,NA,GCST90027158/GCST90044699/GCST90132260/GCST90399479/GCST90301303/GCST90565439,0.804960966110229/0.578464031219482/0.573584675788879/0.573584675788879/0.573584675788879/0.565250635147095,0.578464,0.804961,0.5735847,0.5735847,NA,NA,NA,NA,NA,NA,NA,NA,NA,NA,NA,NA,NA,NA,NA,NA,NA,NA,NA,NA,NA,NA,NA,NA,NA,NA,NA,NA,NA,NA,NA,NA,NA,NA,NA,NA,NA,NA,NA,NA,NA,NA,NA,NA,NA,NA,NA,NA,NA,NA,NA,NA,NA,NA,NA,NA,NA,NA,NA,NA,NA,NA,NA,NA,NA,NA,NA,NA,NA,NA,NA,NA,NA,0.5735847,0.5652506,NA,NA,NA,NA,NA,NA,NA,NA,NA,NA,NA,NA,NA,NA,NA,NA,NA,NA,NA,NA,NA,NA,NA,NA,NA,NA,4,MINDY2,54629,GWAS,1,17,0
0.396309707701167,ENSG00000120162,MOB3B,protein_coding,0.651899376143058,NA,NA,FINNGEN_R12_G6_ALZHEIMER/FINNGEN_R12_G6_AD_WIDE/FINNGEN_R12_AD_LO_EXMORE,0.79015451669693/0.79015451669693/0.761686444282532,NA,NA,NA,NA,NA,0.7901545,0.7901545,0.7616864,NA,NA,NA,NA,NA,NA,NA,NA,NA,NA,NA,NA,NA,NA,NA,NA,NA,NA,NA,NA,NA,NA,NA,NA,NA,NA,NA,NA,NA,NA,NA,NA,NA,NA,NA,NA,NA,NA,NA,NA,NA,NA,NA,NA,NA,NA,NA,NA,NA,NA,NA,NA,NA,NA,NA,NA,NA,NA,NA,NA,NA,NA,NA,NA,NA,NA,NA,NA,NA,NA,NA,NA,NA,NA,NA,NA,NA,NA,NA,NA,NA,NA,NA,NA,NA,NA,NA,NA,NA,NA,NA,NA,NA,NA,NA,NA,NA,2,MOB3B,79817,GWAS,1,15,0
0.395139014901802,ENSG00000168038,ULK4,protein_coding,0.643514410657815,NA,NA,GCST90624094/GCST90449055,0.858614683151245/0.75811380147934,NA,NA,NA,NA,NA,NA,NA,NA,NA,NA,NA,NA,NA,NA,NA,NA,NA,NA,NA,NA,NA,NA,NA,NA,NA,NA,NA,NA,NA,NA,NA,NA,NA,NA,NA,NA,NA,NA,NA,NA,NA,NA,NA,NA,NA,NA,NA,NA,NA,0.8586147,NA,NA,NA,NA,NA,NA,NA,NA,NA,NA,NA,NA,NA,NA,NA,NA,NA,0.7581138,NA,NA,NA,NA,NA,NA,NA,NA,NA,NA,NA,NA,NA,NA,NA,NA,NA,NA,NA,NA,NA,NA,NA,NA,NA,NA,NA,NA,NA,NA,NA,NA,NA,NA,NA,NA,NA,2,ULK4,54986,GWAS,1,27,1
0.394804008417141,ENSG00000164181,ELOVL7,protein_coding,0.646671265972594,NA,NA,GCST90095190/GCST90132260,0.877909600734711/0.743262112140656,NA,NA,NA,NA,NA,NA,NA,NA,NA,NA,NA,NA,NA,NA,NA,NA,NA,NA,NA,NA,NA,NA,NA,NA,NA,NA,NA,NA,NA,NA,NA,NA,NA,NA,NA,NA,NA,NA,NA,NA,NA,NA,NA,NA,NA,NA,NA,NA,NA,NA,NA,NA,NA,NA,NA,NA,NA,NA,NA,NA,NA,NA,NA,NA,NA,NA,NA,NA,NA,0.8779096,NA,NA,NA,NA,NA,NA,NA,0.7432621,NA,NA,NA,NA,NA,NA,NA,NA,NA,NA,NA,NA,NA,NA,NA,NA,NA,NA,NA,NA,NA,NA,NA,NA,NA,NA,NA,2,ELOVL7,79993,GWAS,1,20,0
0.388543554940403,ENSG00000174469,CNTNAP2,protein_coding,0.622532933800845,NA,NA,GCST007320/GCST90132260,0.846569240093231/0.709800660610199,NA,NA,NA,NA,NA,NA,NA,NA,NA,NA,NA,NA,NA,NA,NA,NA,NA,NA,NA,NA,NA,NA,NA,NA,NA,NA,NA,NA,NA,NA,NA,NA,NA,NA,NA,NA,NA,NA,NA,NA,NA,NA,NA,NA,NA,NA,NA,NA,NA,NA,NA,NA,NA,NA,NA,NA,NA,NA,NA,NA,NA,NA,0.8465692,NA,NA,NA,NA,NA,NA,NA,NA,NA,NA,NA,NA,NA,NA,0.7098007,NA,NA,NA,NA,NA,NA,NA,NA,NA,NA,NA,NA,NA,NA,NA,NA,NA,NA,NA,NA,NA,NA,NA,NA,NA,NA,NA,2,CNTNAP2,26047,GWAS,1,157,3
0.387532576099727,ENSG00000184588,PDE4B,protein_coding,0.615514126656998,NA,NA,GCST90134605,0.809979200363159,NA,NA,NA,NA,NA,NA,NA,NA,NA,NA,NA,NA,NA,NA,NA,NA,NA,NA,NA,NA,NA,NA,NA,NA,NA,NA,NA,NA,NA,NA,NA,NA,NA,NA,NA,NA,NA,NA,NA,NA,NA,NA,NA,NA,NA,NA,NA,NA,NA,NA,NA,NA,NA,NA,NA,NA,NA,NA,NA,NA,NA,NA,NA,NA,NA,NA,NA,NA,NA,NA,NA,NA,NA,NA,NA,NA,NA,NA,NA,NA,NA,NA,NA,NA,NA,NA,NA,NA,NA,NA,NA,NA,NA,0.8099792,NA,NA,NA,NA,NA,NA,NA,NA,NA,NA,NA,1,PDE4B,5142,GWAS,1,130,1
0.37976454882361,ENSG00000108091,CCDC6,protein_coding,0.618939333020272,NA,NA,GCST90027158/GCST90301303/GCST90399479,0.727538824081421/0.681123852729797/0.679326891899109,NA,0.7275388,0.6793269,0.6811239,NA,NA,NA,NA,NA,NA,NA,NA,NA,NA,NA,NA,NA,NA,NA,NA,NA,NA,NA,NA,NA,NA,NA,NA,NA,NA,NA,NA,NA,NA,NA,NA,NA,NA,NA,NA,NA,NA,NA,NA,NA,NA,NA,NA,NA,NA,NA,NA,NA,NA,NA,NA,NA,NA,NA,NA,NA,NA,NA,NA,NA,NA,NA,NA,NA,NA,NA,NA,NA,NA,NA,NA,NA,NA,NA,NA,NA,NA,NA,NA,NA,NA,NA,NA,NA,NA,NA,NA,NA,NA,NA,NA,NA,NA,NA,NA,NA,NA,NA,NA,NA,3,CCDC6,8030,GWAS,1,87,4
0.378970846302595,ENSG00000086991,NOX4,protein_coding,0.580925349680284,NA,NA,GCST90449055,0.955578088760376,NA,NA,NA,NA,NA,NA,NA,NA,NA,NA,NA,NA,NA,NA,NA,NA,NA,NA,NA,NA,NA,NA,NA,NA,NA,NA,NA,NA,NA,NA,NA,NA,NA,NA,NA,NA,NA,NA,NA,NA,NA,NA,NA,NA,NA,NA,NA,NA,NA,NA,NA,NA,NA,NA,NA,NA,NA,NA,NA,NA,NA,NA,NA,NA,NA,NA,NA,0.9555781,NA,NA,NA,NA,NA,NA,NA,NA,NA,NA,NA,NA,NA,NA,NA,NA,NA,NA,NA,NA,NA,NA,NA,NA,NA,NA,NA,NA,NA,NA,NA,NA,NA,NA,NA,NA,NA,1,NOX4,50507,GWAS,1,169,3
0.373115512291166,ENSG00000165304,MELK,protein_coding,0.609871127066032,NA,NA,GCST90624094/GCST90132260,0.848803102970123/0.617554366588593,NA,NA,NA,NA,NA,NA,NA,NA,NA,NA,NA,NA,NA,NA,NA,NA,NA,NA,NA,NA,NA,NA,NA,NA,NA,NA,NA,NA,NA,NA,NA,NA,NA,NA,NA,NA,NA,NA,NA,NA,NA,NA,NA,NA,NA,NA,NA,NA,NA,0.8488031,NA,NA,NA,NA,NA,NA,NA,NA,NA,NA,NA,NA,NA,NA,NA,NA,NA,NA,NA,NA,NA,NA,NA,NA,NA,NA,NA,0.6175544,NA,NA,NA,NA,NA,NA,NA,NA,NA,NA,NA,NA,NA,NA,NA,NA,NA,NA,NA,NA,NA,NA,NA,NA,NA,NA,NA,2,MELK,9833,GWAS,1,201,0
0.367737641673402,ENSG00000187116,LILRA5,protein_coding,0.603000713350445,NA,NA,GCST007827,0.946487069129944,NA,NA,NA,NA,NA,NA,NA,NA,NA,NA,NA,NA,NA,NA,NA,NA,NA,NA,NA,NA,NA,NA,NA,NA,NA,NA,NA,NA,NA,NA,NA,NA,NA,NA,NA,NA,NA,NA,NA,NA,NA,NA,NA,NA,NA,NA,NA,NA,NA,NA,NA,NA,NA,NA,NA,NA,NA,NA,NA,NA,NA,NA,NA,NA,NA,NA,NA,NA,NA,NA,NA,NA,NA,NA,NA,NA,NA,NA,NA,NA,NA,NA,NA,NA,NA,NA,0.9464871,NA,NA,NA,NA,NA,NA,NA,NA,NA,NA,NA,NA,NA,NA,NA,NA,NA,NA,1,LILRA5,353514,GWAS,1,22,0
0.362365069974809,ENSG00000084674,APOB,protein_coding,0.552311081818205,NA,NA,GCST007827,0.908509790897369,NA,NA,NA,NA,NA,NA,NA,NA,NA,NA,NA,NA,NA,NA,NA,NA,NA,NA,NA,NA,NA,NA,NA,NA,NA,NA,NA,NA,NA,NA,NA,NA,NA,NA,NA,NA,NA,NA,NA,NA,NA,NA,NA,NA,NA,NA,NA,NA,NA,NA,NA,NA,NA,NA,NA,NA,NA,NA,NA,NA,NA,NA,NA,NA,NA,NA,NA,NA,NA,NA,NA,NA,NA,NA,NA,NA,NA,NA,NA,NA,NA,NA,NA,NA,NA,NA,0.9085098,NA,NA,NA,NA,NA,NA,NA,NA,NA,NA,NA,NA,NA,NA,NA,NA,NA,NA,1,APOB,338,GWAS,1,500,9
0.36233541907581,ENSG00000166926,MS4A6E,protein_coding,0.594122910868225,NA,NA,GCST90095190,0.856894850730896,NA,NA,NA,NA,NA,NA,NA,NA,NA,NA,NA,NA,NA,NA,NA,NA,NA,NA,NA,NA,NA,NA,NA,NA,NA,NA,NA,NA,NA,NA,NA,NA,NA,NA,NA,NA,NA,NA,NA,NA,NA,NA,NA,NA,NA,NA,NA,NA,NA,NA,NA,NA,NA,NA,NA,NA,NA,NA,NA,NA,NA,NA,NA,NA,NA,NA,NA,NA,NA,0.8568949,NA,NA,NA,NA,NA,NA,NA,NA,NA,NA,NA,NA,NA,NA,NA,NA,NA,NA,NA,NA,NA,NA,NA,NA,NA,NA,NA,NA,NA,NA,NA,NA,NA,NA,NA,1,MS4A6E,245802,GWAS,1,39,17
0.362324034633637,ENSG00000148429,USP6NL,protein_coding,0.589135279207073,NA,NA,GCST004249/FINNGEN_R12_F5_ALZHDEMENT/GCST90044699/FINNGEN_R12_AD_LO_EXMORE/GCST90399479/FINNGEN_R12_G6_ALZHEIMER/GCST90132260/FINNGEN_R12_G6_AD_WIDE/GCST90565439/GCST90301303/GCST90027158,0.623664796352386/0.622594892978668/0.618015229701996/0.618015229701996/0.552472472190857/0.551358222961426/0.550231099128723/0.550231099128723/0.550231099128723/0.545414447784424/0.545414447784424,0.6180152,0.5454144,0.5524725,0.5454144,NA,0.5513582,0.5502311,0.6180152,0.6225949,NA,NA,NA,NA,NA,NA,NA,NA,NA,NA,NA,NA,NA,NA,NA,NA,NA,NA,NA,NA,NA,NA,NA,NA,NA,NA,NA,NA,NA,NA,NA,NA,NA,NA,NA,NA,NA,NA,NA,NA,NA,NA,NA,NA,NA,NA,NA,NA,NA,NA,NA,NA,NA,NA,NA,NA,NA,NA,NA,NA,NA,NA,NA,NA,NA,NA,NA,NA,0.5502311,0.5502311,NA,NA,NA,NA,NA,NA,NA,NA,NA,NA,NA,NA,NA,NA,NA,0.6236648,NA,NA,NA,NA,NA,NA,NA,NA,NA,NA,7,USP6NL,9712,GWAS,1,29,1
0.359178977053426,ENSG00000005379,TSPOAP1,protein_coding,0.584922913116891,NA,NA,GCST90044699/GCST007319,0.764826416969299/0.764826416969299,0.7648264,NA,NA,NA,NA,NA,NA,NA,NA,NA,NA,NA,NA,NA,NA,NA,NA,NA,NA,NA,NA,NA,NA,NA,NA,NA,NA,NA,NA,NA,NA,NA,NA,NA,NA,NA,NA,NA,NA,NA,NA,NA,NA,NA,NA,NA,NA,NA,NA,NA,NA,NA,NA,NA,NA,NA,NA,NA,NA,NA,NA,NA,NA,NA,NA,NA,NA,NA,0.7648264,NA,NA,NA,NA,NA,NA,NA,NA,NA,NA,NA,NA,NA,NA,NA,NA,NA,NA,NA,NA,NA,NA,NA,NA,NA,NA,NA,NA,NA,NA,NA,NA,NA,NA,NA,NA,1,TSPOAP1,9256,GWAS,1,41,1
0.358956846153981,ENSG00000197361,FBXL22,protein_coding,0.590456755216573,NA,NA,FINNGEN_R12_G6_ALZHEIMER,0.714012205600739,NA,NA,NA,NA,NA,0.7140122,NA,NA,NA,NA,NA,NA,NA,NA,NA,NA,NA,NA,NA,NA,NA,NA,NA,NA,NA,NA,NA,NA,NA,NA,NA,NA,NA,NA,NA,NA,NA,NA,NA,NA,NA,NA,NA,NA,NA,NA,NA,NA,NA,NA,NA,NA,NA,NA,NA,NA,NA,NA,NA,NA,NA,NA,NA,NA,NA,NA,NA,NA,NA,NA,NA,NA,NA,NA,NA,NA,NA,NA,NA,NA,NA,NA,NA,NA,NA,NA,NA,NA,NA,NA,NA,NA,NA,NA,NA,NA,NA,NA,NA,NA,NA,NA,NA,NA,NA,1,FBXL22,283807,GWAS,1,28,0
0.357636786141611,ENSG00000126856,PRDM7,protein_coding,0.584448215746717,NA,NA,GCST90565439/GCST90399479/GCST90027158/GCST90301303,0.687236905097961/0.67799973487854/0.627846002578735/0.558006882667542,NA,0.627846,0.6779997,0.5580069,NA,NA,NA,NA,NA,NA,NA,NA,NA,NA,NA,NA,NA,NA,NA,NA,NA,NA,NA,NA,NA,NA,NA,NA,NA,NA,NA,NA,NA,NA,NA,NA,NA,NA,NA,NA,NA,NA,NA,NA,NA,NA,NA,NA,NA,NA,NA,NA,NA,NA,NA,NA,NA,NA,NA,NA,NA,NA,NA,NA,NA,NA,NA,NA,NA,NA,NA,NA,NA,NA,NA,NA,NA,NA,0.6872369,NA,NA,NA,NA,NA,NA,NA,NA,NA,NA,NA,NA,NA,NA,NA,NA,NA,NA,NA,NA,NA,NA,NA,NA,NA,NA,4,PRDM7,11105,GWAS,1,18,0
0.35737557651647,ENSG00000164256,PRDM9,protein_coding,0.584020151199345,NA,NA,GCST90624094,0.960668802261353,NA,NA,NA,NA,NA,NA,NA,NA,NA,NA,NA,NA,NA,NA,NA,NA,NA,NA,NA,NA,NA,NA,NA,NA,NA,NA,NA,NA,NA,NA,NA,NA,NA,NA,NA,NA,NA,NA,NA,NA,NA,NA,NA,NA,NA,NA,NA,NA,NA,0.9606688,NA,NA,NA,NA,NA,NA,NA,NA,NA,NA,NA,NA,NA,NA,NA,NA,NA,NA,NA,NA,NA,NA,NA,NA,NA,NA,NA,NA,NA,NA,NA,NA,NA,NA,NA,NA,NA,NA,NA,NA,NA,NA,NA,NA,NA,NA,NA,NA,NA,NA,NA,NA,NA,NA,NA,1,PRDM9,56979,GWAS,1,116,1
0.35651211897886,ENSG00000130208,APOC1,protein_coding,0.544940448766747,NA,NA,GCST007320/GCST90012877/GCST002245/GCST002245/GCST90012877,0.587441086769104/0.587441086769104/0.587441086769104/0.533790290355682/0.533790290355682,NA,NA,NA,NA,NA,NA,NA,NA,NA,NA,NA,NA,NA,NA,NA,NA,NA,NA,NA,NA,NA,NA,NA,NA,NA,NA,NA,NA,NA,NA,NA,NA,NA,NA,NA,NA,NA,NA,NA,NA,NA,NA,NA,NA,NA,NA,NA,NA,NA,NA,NA,NA,NA,NA,NA,NA,NA,NA,NA,NA,NA,NA,0.5874411,NA,NA,0.5337903,0.5337903,NA,NA,NA,NA,NA,NA,NA,NA,NA,NA,NA,NA,NA,NA,NA,NA,NA,NA,NA,NA,NA,NA,NA,NA,NA,NA,NA,NA,NA,NA,NA,NA,NA,NA,NA,NA,NA,NA,2,APOC1,341,GWAS,1,104,11
0.356270285509823,ENSG00000130204,TOMM40,protein_coding,0.545775806738522,NA,NA,GCST001285/GCST90449062/GCST000682/GCST002422/GCST000479,0.603697001934052/0.514558851718903/0.503244936466217/0.502941429615021/0.502941429615021,NA,NA,NA,NA,NA,NA,NA,NA,NA,NA,NA,NA,NA,NA,NA,NA,NA,NA,NA,NA,NA,NA,NA,NA,NA,NA,NA,NA,NA,NA,NA,NA,NA,NA,NA,NA,NA,NA,NA,NA,NA,NA,NA,NA,NA,NA,NA,NA,NA,NA,NA,NA,NA,NA,NA,NA,NA,NA,NA,NA,NA,NA,NA,NA,NA,NA,NA,NA,NA,NA,NA,NA,NA,NA,NA,NA,NA,NA,NA,NA,NA,NA,NA,NA,0.5145589,NA,NA,NA,NA,NA,NA,NA,0.5029414,NA,NA,0.603697,0.5032449,0.5029414,NA,NA,NA,NA,NA,NA,NA,4,TOMM40,10452,GWAS,1,217,14
0.354896175305912,ENSG00000160712,IL6R,protein_coding,0.563080235956733,NA,NA,GCST002665_3,0.926224231719971,NA,NA,NA,NA,NA,NA,NA,NA,NA,NA,NA,NA,NA,NA,NA,NA,NA,NA,NA,NA,NA,NA,NA,NA,NA,NA,NA,NA,NA,NA,NA,NA,NA,NA,NA,NA,NA,NA,NA,NA,NA,NA,NA,NA,NA,NA,NA,NA,NA,NA,NA,NA,NA,NA,NA,NA,NA,NA,NA,NA,NA,NA,NA,NA,NA,NA,NA,NA,NA,NA,NA,NA,NA,NA,NA,NA,NA,NA,NA,NA,NA,NA,NA,NA,NA,NA,NA,NA,NA,NA,NA,NA,NA,NA,NA,NA,NA,NA,0.9262242,NA,NA,NA,NA,NA,NA,1,IL6R,3570,GWAS,1,257,4
0.354891774064505,ENSG00000165629,ATP5F1C,protein_coding,0.575434548244999,NA,NA,GCST005549,0.946546137332916,NA,NA,NA,NA,NA,NA,NA,NA,NA,NA,NA,NA,NA,NA,NA,NA,NA,NA,0.9465461,NA,NA,NA,NA,NA,NA,NA,NA,NA,NA,NA,NA,NA,NA,NA,NA,NA,NA,NA,NA,NA,NA,NA,NA,NA,NA,NA,NA,NA,NA,NA,NA,NA,NA,NA,NA,NA,NA,NA,NA,NA,NA,NA,NA,NA,NA,NA,NA,NA,NA,NA,NA,NA,NA,NA,NA,NA,NA,NA,NA,NA,NA,NA,NA,NA,NA,NA,NA,NA,NA,NA,NA,NA,NA,NA,NA,NA,NA,NA,NA,NA,NA,NA,NA,NA,NA,1,ATP5F1C,509,GWAS,1,488,0
0.353337658161955,ENSG00000140836,ZFHX3,protein_coding,0.571140514760852,NA,NA,GCST90449053,0.884476065635681,NA,NA,NA,NA,NA,NA,NA,NA,NA,NA,NA,NA,NA,NA,NA,NA,NA,NA,NA,NA,NA,NA,NA,NA,NA,NA,NA,NA,NA,NA,NA,NA,NA,NA,NA,NA,NA,NA,NA,NA,NA,NA,NA,NA,NA,NA,NA,NA,NA,NA,NA,NA,NA,NA,NA,NA,NA,NA,NA,NA,NA,NA,NA,NA,NA,NA,NA,NA,NA,NA,NA,NA,NA,NA,NA,NA,NA,NA,NA,NA,NA,NA,0.8844761,NA,NA,NA,NA,NA,NA,NA,NA,NA,NA,NA,NA,NA,NA,NA,NA,NA,NA,NA,NA,NA,NA,1,ZFHX3,463,GWAS,1,67,2
0.353122329990047,ENSG00000149968,MMP3,protein_coding,0.550778755026358,NA,NA,GCST002665_2,0.905989229679108,NA,NA,NA,NA,NA,NA,NA,NA,NA,NA,NA,NA,NA,NA,NA,NA,NA,NA,NA,NA,NA,NA,NA,NA,NA,NA,NA,NA,NA,NA,NA,NA,NA,NA,NA,NA,NA,NA,NA,NA,NA,NA,NA,NA,NA,NA,NA,NA,NA,NA,NA,NA,NA,NA,NA,NA,NA,NA,NA,NA,NA,NA,NA,NA,NA,NA,NA,NA,NA,NA,NA,NA,NA,NA,NA,NA,NA,NA,NA,NA,NA,NA,NA,NA,NA,NA,NA,NA,NA,NA,NA,NA,NA,NA,NA,NA,NA,NA,NA,0.9059892,NA,NA,NA,NA,NA,1,MMP3,4314,GWAS,1,292,7
0.352739503240613,ENSG00000140455,USP3,protein_coding,0.574377266646374,NA,NA,GCST90132260/FINNGEN_R12_G6_ALZHEIMER,0.722119987010956/0.607583463191986,NA,NA,NA,NA,NA,0.6075835,NA,NA,NA,NA,NA,NA,NA,NA,NA,NA,NA,NA,NA,NA,NA,NA,NA,NA,NA,NA,NA,NA,NA,NA,NA,NA,NA,NA,NA,NA,NA,NA,NA,NA,NA,NA,NA,NA,NA,NA,NA,NA,NA,NA,NA,NA,NA,NA,NA,NA,NA,NA,NA,NA,NA,NA,NA,NA,NA,NA,NA,NA,NA,NA,NA,NA,NA,NA,NA,NA,NA,0.72212,NA,NA,NA,NA,NA,NA,NA,NA,NA,NA,NA,NA,NA,NA,NA,NA,NA,NA,NA,NA,NA,NA,NA,NA,NA,NA,NA,2,USP3,9960,GWAS,1,120,0
0.352326995743128,ENSG00000146555,SDK1,protein_coding,0.578487275820005,NA,NA,GCST90132260,0.826973557472229,NA,NA,NA,NA,NA,NA,NA,NA,NA,NA,NA,NA,NA,NA,NA,NA,NA,NA,NA,NA,NA,NA,NA,NA,NA,NA,NA,NA,NA,NA,NA,NA,NA,NA,NA,NA,NA,NA,NA,NA,NA,NA,NA,NA,NA,NA,NA,NA,NA,NA,NA,NA,NA,NA,NA,NA,NA,NA,NA,NA,NA,NA,NA,NA,NA,NA,NA,NA,NA,NA,NA,NA,NA,NA,NA,NA,NA,0.8269736,NA,NA,NA,NA,NA,NA,NA,NA,NA,NA,NA,NA,NA,NA,NA,NA,NA,NA,NA,NA,NA,NA,NA,NA,NA,NA,NA,1,SDK1,221935,GWAS,1,5,0
0.352074317954819,ENSG00000089225,TBX5,protein_coding,0.5756483603377,NA,NA,GCST90449053,0.834402024745941,NA,NA,NA,NA,NA,NA,NA,NA,NA,NA,NA,NA,NA,NA,NA,NA,NA,NA,NA,NA,NA,NA,NA,NA,NA,NA,NA,NA,NA,NA,NA,NA,NA,NA,NA,NA,NA,NA,NA,NA,NA,NA,NA,NA,NA,NA,NA,NA,NA,NA,NA,NA,NA,NA,NA,NA,NA,NA,NA,NA,NA,NA,NA,NA,NA,NA,NA,NA,NA,NA,NA,NA,NA,NA,NA,NA,NA,NA,NA,NA,NA,NA,0.834402,NA,NA,NA,NA,NA,NA,NA,NA,NA,NA,NA,NA,NA,NA,NA,NA,NA,NA,NA,NA,NA,NA,1,TBX5,6910,GWAS,1,131,3
0.350916218690049,ENSG00000054282,SDCCAG8,protein_coding,0.577230533588188,NA,NA,GCST90449055/GCST90095190,0.767583608627319/0.727667152881622,NA,NA,NA,NA,NA,NA,NA,NA,NA,NA,NA,NA,NA,NA,NA,NA,NA,NA,NA,NA,NA,NA,NA,NA,NA,NA,NA,NA,NA,NA,NA,NA,NA,NA,NA,NA,NA,NA,NA,NA,NA,NA,NA,NA,NA,NA,NA,NA,NA,NA,NA,NA,NA,NA,NA,NA,NA,NA,NA,NA,NA,NA,NA,NA,NA,NA,NA,0.7675836,NA,0.7276672,NA,NA,NA,NA,NA,NA,NA,NA,NA,NA,NA,NA,NA,NA,NA,NA,NA,NA,NA,NA,NA,NA,NA,NA,NA,NA,NA,NA,NA,NA,NA,NA,NA,NA,NA,2,SDCCAG8,10806,GWAS,1,90,1
0.349546818255076,ENSG00000153904,DDAH1,protein_coding,0.565611040989003,NA,NA,GCST90132260/GCST90624094,0.764987289905548/0.661599695682526,NA,NA,NA,NA,NA,NA,NA,NA,NA,NA,NA,NA,NA,NA,NA,NA,NA,NA,NA,NA,NA,NA,NA,NA,NA,NA,NA,NA,NA,NA,NA,NA,NA,NA,NA,NA,NA,NA,NA,NA,NA,NA,NA,NA,NA,NA,NA,NA,NA,0.6615997,NA,NA,NA,NA,NA,NA,NA,NA,NA,NA,NA,NA,NA,NA,NA,NA,NA,NA,NA,NA,NA,NA,NA,NA,NA,NA,NA,0.7649873,NA,NA,NA,NA,NA,NA,NA,NA,NA,NA,NA,NA,NA,NA,NA,NA,NA,NA,NA,NA,NA,NA,NA,NA,NA,NA,NA,2,DDAH1,23576,GWAS,1,23,0
0.349476132549698,ENSG00000088367,EPB41L1,protein_coding,0.574861701237519,NA,NA,GCST90624094,0.945603847503662,NA,NA,NA,NA,NA,NA,NA,NA,NA,NA,NA,NA,NA,NA,NA,NA,NA,NA,NA,NA,NA,NA,NA,NA,NA,NA,NA,NA,NA,NA,NA,NA,NA,NA,NA,NA,NA,NA,NA,NA,NA,NA,NA,NA,NA,NA,NA,NA,NA,0.9456038,NA,NA,NA,NA,NA,NA,NA,NA,NA,NA,NA,NA,NA,NA,NA,NA,NA,NA,NA,NA,NA,NA,NA,NA,NA,NA,NA,NA,NA,NA,NA,NA,NA,NA,NA,NA,NA,NA,NA,NA,NA,NA,NA,NA,NA,NA,NA,NA,NA,NA,NA,NA,NA,NA,NA,1,EPB41L1,2036,GWAS,1,100,0
0.34889396460472,ENSG00000146674,IGFBP3,protein_coding,0.53119209073835,NA,NA,GCST90449055,0.873770654201508,NA,NA,NA,NA,NA,NA,NA,NA,NA,NA,NA,NA,NA,NA,NA,NA,NA,NA,NA,NA,NA,NA,NA,NA,NA,NA,NA,NA,NA,NA,NA,NA,NA,NA,NA,NA,NA,NA,NA,NA,NA,NA,NA,NA,NA,NA,NA,NA,NA,NA,NA,NA,NA,NA,NA,NA,NA,NA,NA,NA,NA,NA,NA,NA,NA,NA,NA,0.8737707,NA,NA,NA,NA,NA,NA,NA,NA,NA,NA,NA,NA,NA,NA,NA,NA,NA,NA,NA,NA,NA,NA,NA,NA,NA,NA,NA,NA,NA,NA,NA,NA,NA,NA,NA,NA,NA,1,IGFBP3,3486,GWAS,1,202,4
0.34795179223099,ENSG00000198453,ZNF568,protein_coding,0.572354277161133,NA,NA,GCST90624094,0.941479325294495,NA,NA,NA,NA,NA,NA,NA,NA,NA,NA,NA,NA,NA,NA,NA,NA,NA,NA,NA,NA,NA,NA,NA,NA,NA,NA,NA,NA,NA,NA,NA,NA,NA,NA,NA,NA,NA,NA,NA,NA,NA,NA,NA,NA,NA,NA,NA,NA,NA,0.9414793,NA,NA,NA,NA,NA,NA,NA,NA,NA,NA,NA,NA,NA,NA,NA,NA,NA,NA,NA,NA,NA,NA,NA,NA,NA,NA,NA,NA,NA,NA,NA,NA,NA,NA,NA,NA,NA,NA,NA,NA,NA,NA,NA,NA,NA,NA,NA,NA,NA,NA,NA,NA,NA,NA,NA,1,ZNF568,374900,GWAS,1,7,0
0.345089339004249,ENSG00000116199,FAM20B,protein_coding,0.566323512433928,NA,NA,GCST90132260/GCST90624094,0.775857746601105/0.622805714607239,NA,NA,NA,NA,NA,NA,NA,NA,NA,NA,NA,NA,NA,NA,NA,NA,NA,NA,NA,NA,NA,NA,NA,NA,NA,NA,NA,NA,NA,NA,NA,NA,NA,NA,NA,NA,NA,NA,NA,NA,NA,NA,NA,NA,NA,NA,NA,NA,NA,0.6228057,NA,NA,NA,NA,NA,NA,NA,NA,NA,NA,NA,NA,NA,NA,NA,NA,NA,NA,NA,NA,NA,NA,NA,NA,NA,NA,NA,0.7758577,NA,NA,NA,NA,NA,NA,NA,NA,NA,NA,NA,NA,NA,NA,NA,NA,NA,NA,NA,NA,NA,NA,NA,NA,NA,NA,NA,2,FAM20B,9917,GWAS,1,52,0
0.344647291989416,ENSG00000138600,SPPL2A,protein_coding,0.555758228272997,NA,NA,GCST90132260/GCST90012877,0.752804398536682/0.645502746105194,NA,NA,NA,NA,NA,NA,NA,NA,NA,NA,NA,NA,NA,NA,NA,NA,NA,NA,NA,NA,NA,NA,NA,NA,NA,NA,NA,NA,NA,NA,NA,NA,NA,NA,NA,NA,NA,NA,NA,NA,NA,NA,NA,NA,NA,NA,NA,NA,NA,NA,NA,NA,NA,NA,NA,NA,NA,NA,NA,NA,NA,NA,NA,NA,NA,0.6455027,NA,NA,NA,NA,NA,NA,NA,NA,NA,NA,NA,0.7528044,NA,NA,NA,NA,NA,NA,NA,NA,NA,NA,NA,NA,NA,NA,NA,NA,NA,NA,NA,NA,NA,NA,NA,NA,NA,NA,NA,2,SPPL2A,84888,GWAS,1,27,3
0.343906634580482,ENSG00000088538,DOCK3,protein_coding,0.557545299683374,NA,NA,GCST90132260/GCST90624094,0.73988276720047/0.708947658538818,NA,NA,NA,NA,NA,NA,NA,NA,NA,NA,NA,NA,NA,NA,NA,NA,NA,NA,NA,NA,NA,NA,NA,NA,NA,NA,NA,NA,NA,NA,NA,NA,NA,NA,NA,NA,NA,NA,NA,NA,NA,NA,NA,NA,NA,NA,NA,NA,NA,0.7089477,NA,NA,NA,NA,NA,NA,NA,NA,NA,NA,NA,NA,NA,NA,NA,NA,NA,NA,NA,NA,NA,NA,NA,NA,NA,NA,NA,0.7398828,NA,NA,NA,NA,NA,NA,NA,NA,NA,NA,NA,NA,NA,NA,NA,NA,NA,NA,NA,NA,NA,NA,NA,NA,NA,NA,NA,2,DOCK3,1795,GWAS,1,56,1
0.342286780517456,ENSG00000105974,CAV1,protein_coding,0.537003069044917,NA,NA,GCST90449053,0.883329272270203,NA,NA,NA,NA,NA,NA,NA,NA,NA,NA,NA,NA,NA,NA,NA,NA,NA,NA,NA,NA,NA,NA,NA,NA,NA,NA,NA,NA,NA,NA,NA,NA,NA,NA,NA,NA,NA,NA,NA,NA,NA,NA,NA,NA,NA,NA,NA,NA,NA,NA,NA,NA,NA,NA,NA,NA,NA,NA,NA,NA,NA,NA,NA,NA,NA,NA,NA,NA,NA,NA,NA,NA,NA,NA,NA,NA,NA,NA,NA,NA,NA,NA,0.8833293,NA,NA,NA,NA,NA,NA,NA,NA,NA,NA,NA,NA,NA,NA,NA,NA,NA,NA,NA,NA,NA,NA,1,CAV1,857,GWAS,1,500,13
0.340173867277403,ENSG00000155093,PTPRN2,protein_coding,0.550663743551771,NA,NA,GCST90624094/GCST90624094,0.74177348613739/0.656106233596802,NA,NA,NA,NA,NA,NA,NA,NA,NA,NA,NA,NA,NA,NA,NA,NA,NA,NA,NA,NA,NA,NA,NA,NA,NA,NA,NA,NA,NA,NA,NA,NA,NA,NA,NA,NA,NA,NA,NA,NA,NA,NA,NA,NA,NA,NA,NA,NA,NA,0.6561062,NA,NA,NA,NA,NA,NA,NA,NA,NA,NA,NA,NA,NA,NA,NA,NA,NA,NA,NA,NA,NA,NA,NA,NA,NA,NA,NA,NA,NA,NA,NA,NA,NA,NA,NA,NA,NA,NA,NA,NA,NA,NA,NA,NA,NA,NA,NA,NA,NA,NA,NA,NA,NA,NA,NA,2,PTPRN2,5799,GWAS,1,48,0
0.339617834021336,ENSG00000120029,ARMH3,protein_coding,0.556973739036117,NA,NA,GCST90624094,0.791946828365326,NA,NA,NA,NA,NA,NA,NA,NA,NA,NA,NA,NA,NA,NA,NA,NA,NA,NA,NA,NA,NA,NA,NA,NA,NA,NA,NA,NA,NA,NA,NA,NA,NA,NA,NA,NA,NA,NA,NA,NA,NA,NA,NA,NA,NA,NA,NA,NA,NA,0.7919468,NA,NA,NA,NA,NA,NA,NA,NA,NA,NA,NA,NA,NA,NA,NA,NA,NA,NA,NA,NA,NA,NA,NA,NA,NA,NA,NA,NA,NA,NA,NA,NA,NA,NA,NA,NA,NA,NA,NA,NA,NA,NA,NA,NA,NA,NA,NA,NA,NA,NA,NA,NA,NA,NA,NA,1,ARMH3,79591,GWAS,1,14,0
0.338151247908782,ENSG00000150630,VEGFC,protein_coding,0.54038706608341,NA,NA,GCST90624094,0.888895690441132,NA,NA,NA,NA,NA,NA,NA,NA,NA,NA,NA,NA,NA,NA,NA,NA,NA,NA,NA,NA,NA,NA,NA,NA,NA,NA,NA,NA,NA,NA,NA,NA,NA,NA,NA,NA,NA,NA,NA,NA,NA,NA,NA,NA,NA,NA,NA,NA,NA,0.8888957,NA,NA,NA,NA,NA,NA,NA,NA,NA,NA,NA,NA,NA,NA,NA,NA,NA,NA,NA,NA,NA,NA,NA,NA,NA,NA,NA,NA,NA,NA,NA,NA,NA,NA,NA,NA,NA,NA,NA,NA,NA,NA,NA,NA,NA,NA,NA,NA,NA,NA,NA,NA,NA,NA,NA,1,VEGFC,7424,GWAS,1,179,3
0.336944215647362,ENSG00000055609,KMT2C,protein_coding,0.545280670255726,NA,NA,GCST90624094,0.896945297718048,NA,NA,NA,NA,NA,NA,NA,NA,NA,NA,NA,NA,NA,NA,NA,NA,NA,NA,NA,NA,NA,NA,NA,NA,NA,NA,NA,NA,NA,NA,NA,NA,NA,NA,NA,NA,NA,NA,NA,NA,NA,NA,NA,NA,NA,NA,NA,NA,NA,0.8969453,NA,NA,NA,NA,NA,NA,NA,NA,NA,NA,NA,NA,NA,NA,NA,NA,NA,NA,NA,NA,NA,NA,NA,NA,NA,NA,NA,NA,NA,NA,NA,NA,NA,NA,NA,NA,NA,NA,NA,NA,NA,NA,NA,NA,NA,NA,NA,NA,NA,NA,NA,NA,NA,NA,NA,1,KMT2C,58508,GWAS,1,282,4
0.33683347861235,ENSG00000137198,GMPR,protein_coding,0.519103710779004,NA,NA,GCST90624094,0.853886187076569,NA,NA,NA,NA,NA,NA,NA,NA,NA,NA,NA,NA,NA,NA,NA,NA,NA,NA,NA,NA,NA,NA,NA,NA,NA,NA,NA,NA,NA,NA,NA,NA,NA,NA,NA,NA,NA,NA,NA,NA,NA,NA,NA,NA,NA,NA,NA,NA,NA,0.8538862,NA,NA,NA,NA,NA,NA,NA,NA,NA,NA,NA,NA,NA,NA,NA,NA,NA,NA,NA,NA,NA,NA,NA,NA,NA,NA,NA,NA,NA,NA,NA,NA,NA,NA,NA,NA,NA,NA,NA,NA,NA,NA,NA,NA,NA,NA,NA,NA,NA,NA,NA,NA,NA,NA,NA,1,GMPR,2766,GWAS,1,87,2
0.336688570417215,ENSG00000144218,AFF3,protein_coding,0.549876454859791,NA,NA,GCST90095190/GCST90624094,0.725066781044006/0.717752933502197,NA,NA,NA,NA,NA,NA,NA,NA,NA,NA,NA,NA,NA,NA,NA,NA,NA,NA,NA,NA,NA,NA,NA,NA,NA,NA,NA,NA,NA,NA,NA,NA,NA,NA,NA,NA,NA,NA,NA,NA,NA,NA,NA,NA,NA,NA,NA,NA,NA,0.7177529,NA,NA,NA,NA,NA,NA,NA,NA,NA,NA,NA,NA,NA,NA,NA,NA,NA,NA,NA,0.7250668,NA,NA,NA,NA,NA,NA,NA,NA,NA,NA,NA,NA,NA,NA,NA,NA,NA,NA,NA,NA,NA,NA,NA,NA,NA,NA,NA,NA,NA,NA,NA,NA,NA,NA,NA,2,AFF3,3899,GWAS,1,92,0
0.336350486897963,ENSG00000107249,GLIS3,protein_coding,0.550519589676921,NA,NA,GCST001951_2,0.712918937206268,NA,NA,NA,NA,NA,NA,NA,NA,NA,NA,NA,NA,NA,NA,NA,NA,NA,NA,NA,NA,NA,NA,NA,NA,NA,NA,NA,NA,NA,NA,NA,NA,NA,NA,NA,NA,NA,NA,NA,NA,NA,NA,NA,NA,NA,NA,NA,NA,NA,NA,NA,NA,NA,NA,NA,NA,NA,NA,NA,NA,NA,NA,NA,0.7129189,NA,NA,NA,NA,NA,NA,NA,NA,NA,NA,NA,NA,NA,NA,NA,NA,NA,NA,NA,NA,NA,NA,NA,NA,NA,NA,NA,NA,NA,NA,NA,NA,NA,NA,NA,NA,NA,NA,NA,NA,NA,1,GLIS3,169792,GWAS,1,92,1
0.336334830119158,ENSG00000134463,ECHDC3,protein_coding,0.547104482668641,NA,NA,GCST90044699/GCST90012877/GCST007511/GCST005922/GCST90399479/FINNGEN_R12_G6_ALZHEIMER/GCST90132260/GCST90565439/FINNGEN_R12_F5_ALZHDEMENT/FINNGEN_R12_G6_AD_WIDE/GCST90027158/FINNGEN_R12_AD_LO_EXMORE/GCST90301303,0.587658703327179/0.551358222961426/0.551358222961426/0.551358222961426/0.520944833755493/0.519820272922516/0.518683075904846/0.518683075904846/0.518683075904846/0.518683075904846/0.513827085494995/0.513827085494995/0.513827085494995,0.5876587,0.5138271,0.5209448,0.5138271,NA,0.5198203,0.5186831,0.5138271,0.5186831,NA,NA,NA,NA,NA,NA,NA,NA,NA,NA,NA,NA,NA,NA,NA,NA,NA,NA,NA,NA,NA,NA,NA,NA,NA,NA,NA,NA,NA,NA,NA,NA,NA,NA,NA,NA,NA,NA,NA,NA,NA,NA,NA,NA,NA,NA,NA,NA,NA,NA,NA,NA,NA,NA,NA,NA,0.5513582,NA,NA,NA,NA,NA,0.5513582,NA,NA,0.5513582,NA,NA,0.5186831,0.5186831,NA,NA,NA,NA,NA,NA,NA,NA,NA,NA,NA,NA,NA,NA,NA,NA,NA,NA,NA,NA,NA,NA,NA,NA,NA,NA,6,ECHDC3,79746,GWAS,1,17,9
0.334269164560503,ENSG00000120254,MTHFD1L,protein_coding,0.541677158562839,NA,NA,GCST000808,0.89101779460907,NA,NA,NA,NA,NA,NA,NA,NA,NA,NA,NA,NA,NA,NA,NA,NA,NA,NA,NA,NA,NA,NA,NA,NA,NA,NA,NA,NA,NA,NA,NA,NA,NA,NA,NA,NA,NA,NA,NA,NA,NA,NA,NA,NA,NA,NA,NA,NA,NA,NA,NA,NA,NA,NA,NA,NA,NA,NA,NA,NA,NA,NA,NA,NA,NA,NA,NA,NA,NA,NA,NA,NA,NA,NA,NA,NA,NA,NA,NA,NA,NA,NA,NA,NA,NA,NA,NA,NA,NA,NA,NA,NA,NA,NA,NA,NA,NA,NA,NA,NA,0.8910178,NA,NA,NA,NA,1,MTHFD1L,25902,GWAS,1,101,1
0.333122932173289,ENSG00000242221,PSG2,protein_coding,0.538606018824782,NA,NA,FINNGEN_R12_G6_AD_WIDE,0.710881173610687,NA,NA,NA,NA,NA,NA,0.7108812,NA,NA,NA,NA,NA,NA,NA,NA,NA,NA,NA,NA,NA,NA,NA,NA,NA,NA,NA,NA,NA,NA,NA,NA,NA,NA,NA,NA,NA,NA,NA,NA,NA,NA,NA,NA,NA,NA,NA,NA,NA,NA,NA,NA,NA,NA,NA,NA,NA,NA,NA,NA,NA,NA,NA,NA,NA,NA,NA,NA,NA,NA,NA,NA,NA,NA,NA,NA,NA,NA,NA,NA,NA,NA,NA,NA,NA,NA,NA,NA,NA,NA,NA,NA,NA,NA,NA,NA,NA,NA,NA,NA,NA,NA,NA,NA,NA,NA,1,PSG2,5670,GWAS,1,26,0
0.332520479063021,ENSG00000152767,FARP1,protein_coding,0.544843180955656,NA,NA,GCST90624094,0.805878937244415,NA,NA,NA,NA,NA,NA,NA,NA,NA,NA,NA,NA,NA,NA,NA,NA,NA,NA,NA,NA,NA,NA,NA,NA,NA,NA,NA,NA,NA,NA,NA,NA,NA,NA,NA,NA,NA,NA,NA,NA,NA,NA,NA,NA,NA,NA,NA,NA,NA,0.8058789,NA,NA,NA,NA,NA,NA,NA,NA,NA,NA,NA,NA,NA,NA,NA,NA,NA,NA,NA,NA,NA,NA,NA,NA,NA,NA,NA,NA,NA,NA,NA,NA,NA,NA,NA,NA,NA,NA,NA,NA,NA,NA,NA,NA,NA,NA,NA,NA,NA,NA,NA,NA,NA,NA,NA,1,FARP1,10160,GWAS,1,47,1
0.330693735246288,ENSG00000120915,EPHX2,protein_coding,0.501936878042127,NA,NA,GCST90132260,0.802189528942108,NA,NA,NA,NA,NA,NA,NA,NA,NA,NA,NA,NA,NA,NA,NA,NA,NA,NA,NA,NA,NA,NA,NA,NA,NA,NA,NA,NA,NA,NA,NA,NA,NA,NA,NA,NA,NA,NA,NA,NA,NA,NA,NA,NA,NA,NA,NA,NA,NA,NA,NA,NA,NA,NA,NA,NA,NA,NA,NA,NA,NA,NA,NA,NA,NA,NA,NA,NA,NA,NA,NA,NA,NA,NA,NA,NA,NA,0.8021895,NA,NA,NA,NA,NA,NA,NA,NA,NA,NA,NA,NA,NA,NA,NA,NA,NA,NA,NA,NA,NA,NA,NA,NA,NA,NA,NA,1,EPHX2,2053,GWAS,1,254,4
0.33002419487884,ENSG00000143032,BARHL2,protein_coding,0.54286474081492,NA,NA,GCST90095190,0.892971277236938,NA,NA,NA,NA,NA,NA,NA,NA,NA,NA,NA,NA,NA,NA,NA,NA,NA,NA,NA,NA,NA,NA,NA,NA,NA,NA,NA,NA,NA,NA,NA,NA,NA,NA,NA,NA,NA,NA,NA,NA,NA,NA,NA,NA,NA,NA,NA,NA,NA,NA,NA,NA,NA,NA,NA,NA,NA,NA,NA,NA,NA,NA,NA,NA,NA,NA,NA,NA,NA,0.8929713,NA,NA,NA,NA,NA,NA,NA,NA,NA,NA,NA,NA,NA,NA,NA,NA,NA,NA,NA,NA,NA,NA,NA,NA,NA,NA,NA,NA,NA,NA,NA,NA,NA,NA,NA,1,BARHL2,343472,GWAS,1,24,0
0.329789848658603,ENSG00000148737,TCF7L2,protein_coding,0.519641735471715,NA,NA,GCST007825,0.854771196842194,NA,NA,NA,NA,NA,NA,NA,NA,NA,NA,NA,NA,NA,NA,NA,NA,NA,NA,NA,NA,NA,NA,NA,NA,NA,NA,NA,NA,NA,NA,NA,NA,NA,NA,NA,NA,NA,NA,NA,NA,NA,NA,NA,NA,NA,NA,NA,NA,NA,NA,NA,NA,NA,NA,NA,NA,NA,NA,NA,NA,NA,NA,NA,NA,NA,NA,NA,NA,NA,NA,NA,NA,NA,NA,NA,NA,NA,NA,NA,NA,NA,NA,NA,NA,NA,NA,NA,NA,NA,NA,NA,NA,NA,NA,NA,NA,NA,NA,NA,NA,NA,0.8547712,NA,NA,NA,1,TCF7L2,6934,GWAS,1,247,5
0.329299582620699,ENSG00000150244,TRIM48,protein_coding,0.538633154684275,NA,NA,GCST90624094,0.805878937244415,NA,NA,NA,NA,NA,NA,NA,NA,NA,NA,NA,NA,NA,NA,NA,NA,NA,NA,NA,NA,NA,NA,NA,NA,NA,NA,NA,NA,NA,NA,NA,NA,NA,NA,NA,NA,NA,NA,NA,NA,NA,NA,NA,NA,NA,NA,NA,NA,NA,0.8058789,NA,NA,NA,NA,NA,NA,NA,NA,NA,NA,NA,NA,NA,NA,NA,NA,NA,NA,NA,NA,NA,NA,NA,NA,NA,NA,NA,NA,NA,NA,NA,NA,NA,NA,NA,NA,NA,NA,NA,NA,NA,NA,NA,NA,NA,NA,NA,NA,NA,NA,NA,NA,NA,NA,NA,1,TRIM48,79097,GWAS,1,29,0
0.327644758628649,ENSG00000101670,LIPG,protein_coding,0.536921104345637,NA,NA,GCST007827,0.883194446563721,NA,NA,NA,NA,NA,NA,NA,NA,NA,NA,NA,NA,NA,NA,NA,NA,NA,NA,NA,NA,NA,NA,NA,NA,NA,NA,NA,NA,NA,NA,NA,NA,NA,NA,NA,NA,NA,NA,NA,NA,NA,NA,NA,NA,NA,NA,NA,NA,NA,NA,NA,NA,NA,NA,NA,NA,NA,NA,NA,NA,NA,NA,NA,NA,NA,NA,NA,NA,NA,NA,NA,NA,NA,NA,NA,NA,NA,NA,NA,NA,NA,NA,NA,NA,NA,NA,0.8831944,NA,NA,NA,NA,NA,NA,NA,NA,NA,NA,NA,NA,NA,NA,NA,NA,NA,NA,1,LIPG,9388,GWAS,1,93,3
0.327183316127716,ENSG00000169139,UBE2V2,protein_coding,0.536975849390832,NA,NA,GCST90624094,0.84169739484787,NA,NA,NA,NA,NA,NA,NA,NA,NA,NA,NA,NA,NA,NA,NA,NA,NA,NA,NA,NA,NA,NA,NA,NA,NA,NA,NA,NA,NA,NA,NA,NA,NA,NA,NA,NA,NA,NA,NA,NA,NA,NA,NA,NA,NA,NA,NA,NA,NA,0.8416974,NA,NA,NA,NA,NA,NA,NA,NA,NA,NA,NA,NA,NA,NA,NA,NA,NA,NA,NA,NA,NA,NA,NA,NA,NA,NA,NA,NA,NA,NA,NA,NA,NA,NA,NA,NA,NA,NA,NA,NA,NA,NA,NA,NA,NA,NA,NA,NA,NA,NA,NA,NA,NA,NA,NA,1,UBE2V2,7336,GWAS,1,265,0
0.326920212689647,ENSG00000196498,NCOR2,protein_coding,0.529102244555202,NA,NA,GCST90624094,0.870333015918732,NA,NA,NA,NA,NA,NA,NA,NA,NA,NA,NA,NA,NA,NA,NA,NA,NA,NA,NA,NA,NA,NA,NA,NA,NA,NA,NA,NA,NA,NA,NA,NA,NA,NA,NA,NA,NA,NA,NA,NA,NA,NA,NA,NA,NA,NA,NA,NA,NA,0.870333,NA,NA,NA,NA,NA,NA,NA,NA,NA,NA,NA,NA,NA,NA,NA,NA,NA,NA,NA,NA,NA,NA,NA,NA,NA,NA,NA,NA,NA,NA,NA,NA,NA,NA,NA,NA,NA,NA,NA,NA,NA,NA,NA,NA,NA,NA,NA,NA,NA,NA,NA,NA,NA,NA,NA,1,NCOR2,9612,GWAS,1,362,5
0.326665795815696,ENSG00000196427,NBPF4,protein_coding,0.536732498572094,NA,NA,GCST90132260,0.882884204387665,NA,NA,NA,NA,NA,NA,NA,NA,NA,NA,NA,NA,NA,NA,NA,NA,NA,NA,NA,NA,NA,NA,NA,NA,NA,NA,NA,NA,NA,NA,NA,NA,NA,NA,NA,NA,NA,NA,NA,NA,NA,NA,NA,NA,NA,NA,NA,NA,NA,NA,NA,NA,NA,NA,NA,NA,NA,NA,NA,NA,NA,NA,NA,NA,NA,NA,NA,NA,NA,NA,NA,NA,NA,NA,NA,NA,NA,0.8828842,NA,NA,NA,NA,NA,NA,NA,NA,NA,NA,NA,NA,NA,NA,NA,NA,NA,NA,NA,NA,NA,NA,NA,NA,NA,NA,NA,1,NBPF4,148545,GWAS,1,15,1
0.326622538192839,ENSG00000165023,DIRAS2,protein_coding,0.536509360367777,NA,NA,GCST90132260,0.882517158985138,NA,NA,NA,NA,NA,NA,NA,NA,NA,NA,NA,NA,NA,NA,NA,NA,NA,NA,NA,NA,NA,NA,NA,NA,NA,NA,NA,NA,NA,NA,NA,NA,NA,NA,NA,NA,NA,NA,NA,NA,NA,NA,NA,NA,NA,NA,NA,NA,NA,NA,NA,NA,NA,NA,NA,NA,NA,NA,NA,NA,NA,NA,NA,NA,NA,NA,NA,NA,NA,NA,NA,NA,NA,NA,NA,NA,NA,0.8825172,NA,NA,NA,NA,NA,NA,NA,NA,NA,NA,NA,NA,NA,NA,NA,NA,NA,NA,NA,NA,NA,NA,NA,NA,NA,NA,NA,1,DIRAS2,54769,GWAS,1,17,0
0.324344043140443,ENSG00000136999,CCN3,protein_coding,0.515737106780147,NA,NA,GCST90449055,0.848348379135132,NA,NA,NA,NA,NA,NA,NA,NA,NA,NA,NA,NA,NA,NA,NA,NA,NA,NA,NA,NA,NA,NA,NA,NA,NA,NA,NA,NA,NA,NA,NA,NA,NA,NA,NA,NA,NA,NA,NA,NA,NA,NA,NA,NA,NA,NA,NA,NA,NA,NA,NA,NA,NA,NA,NA,NA,NA,NA,NA,NA,NA,NA,NA,NA,NA,NA,NA,0.8483484,NA,NA,NA,NA,NA,NA,NA,NA,NA,NA,NA,NA,NA,NA,NA,NA,NA,NA,NA,NA,NA,NA,NA,NA,NA,NA,NA,NA,NA,NA,NA,NA,NA,NA,NA,NA,NA,1,CCN3,4856,GWAS,1,30,0
0.321716339753772,ENSG00000183049,CAMK1D,protein_coding,0.517693606326093,NA,NA,GCST90624094,0.851566672325134,NA,NA,NA,NA,NA,NA,NA,NA,NA,NA,NA,NA,NA,NA,NA,NA,NA,NA,NA,NA,NA,NA,NA,NA,NA,NA,NA,NA,NA,NA,NA,NA,NA,NA,NA,NA,NA,NA,NA,NA,NA,NA,NA,NA,NA,NA,NA,NA,NA,0.8515667,NA,NA,NA,NA,NA,NA,NA,NA,NA,NA,NA,NA,NA,NA,NA,NA,NA,NA,NA,NA,NA,NA,NA,NA,NA,NA,NA,NA,NA,NA,NA,NA,NA,NA,NA,NA,NA,NA,NA,NA,NA,NA,NA,NA,NA,NA,NA,NA,NA,NA,NA,NA,NA,NA,NA,1,CAMK1D,57118,GWAS,1,69,1
0.321538838308024,ENSG00000147642,SYBU,protein_coding,0.516531280216982,NA,NA,GCST90132260,0.849654734134674,NA,NA,NA,NA,NA,NA,NA,NA,NA,NA,NA,NA,NA,NA,NA,NA,NA,NA,NA,NA,NA,NA,NA,NA,NA,NA,NA,NA,NA,NA,NA,NA,NA,NA,NA,NA,NA,NA,NA,NA,NA,NA,NA,NA,NA,NA,NA,NA,NA,NA,NA,NA,NA,NA,NA,NA,NA,NA,NA,NA,NA,NA,NA,NA,NA,NA,NA,NA,NA,NA,NA,NA,NA,NA,NA,NA,NA,0.8496547,NA,NA,NA,NA,NA,NA,NA,NA,NA,NA,NA,NA,NA,NA,NA,NA,NA,NA,NA,NA,NA,NA,NA,NA,NA,NA,NA,1,SYBU,55638,GWAS,1,32,0
0.319942201226074,ENSG00000177565,TBL1XR1,protein_coding,0.521721145831082,NA,NA,GCST90624094,0.858191668987274,NA,NA,NA,NA,NA,NA,NA,NA,NA,NA,NA,NA,NA,NA,NA,NA,NA,NA,NA,NA,NA,NA,NA,NA,NA,NA,NA,NA,NA,NA,NA,NA,NA,NA,NA,NA,NA,NA,NA,NA,NA,NA,NA,NA,NA,NA,NA,NA,NA,0.8581917,NA,NA,NA,NA,NA,NA,NA,NA,NA,NA,NA,NA,NA,NA,NA,NA,NA,NA,NA,NA,NA,NA,NA,NA,NA,NA,NA,NA,NA,NA,NA,NA,NA,NA,NA,NA,NA,NA,NA,NA,NA,NA,NA,NA,NA,NA,NA,NA,NA,NA,NA,NA,NA,NA,NA,1,TBL1XR1,79718,GWAS,1,213,4
0.319402165591605,ENSG00000198874,TYW1,protein_coding,0.525392309201049,NA,NA,GCST90132260,0.864230453968048,NA,NA,NA,NA,NA,NA,NA,NA,NA,NA,NA,NA,NA,NA,NA,NA,NA,NA,NA,NA,NA,NA,NA,NA,NA,NA,NA,NA,NA,NA,NA,NA,NA,NA,NA,NA,NA,NA,NA,NA,NA,NA,NA,NA,NA,NA,NA,NA,NA,NA,NA,NA,NA,NA,NA,NA,NA,NA,NA,NA,NA,NA,NA,NA,NA,NA,NA,NA,NA,NA,NA,NA,NA,NA,NA,NA,NA,0.8642305,NA,NA,NA,NA,NA,NA,NA,NA,NA,NA,NA,NA,NA,NA,NA,NA,NA,NA,NA,NA,NA,NA,NA,NA,NA,NA,NA,1,TYW1,55253,GWAS,1,42,0
0.319100440719403,ENSG00000112232,KHDRBS2,protein_coding,0.514560721297331,NA,NA,GCST90132260/GCST90132260,0.701923668384552/0.577958583831787,NA,NA,NA,NA,NA,NA,NA,NA,NA,NA,NA,NA,NA,NA,NA,NA,NA,NA,NA,NA,NA,NA,NA,NA,NA,NA,NA,NA,NA,NA,NA,NA,NA,NA,NA,NA,NA,NA,NA,NA,NA,NA,NA,NA,NA,NA,NA,NA,NA,NA,NA,NA,NA,NA,NA,NA,NA,NA,NA,NA,NA,NA,NA,NA,NA,NA,NA,NA,NA,NA,NA,NA,NA,NA,NA,NA,NA,0.5779586,NA,NA,NA,NA,NA,NA,NA,NA,NA,NA,NA,NA,NA,NA,NA,NA,NA,NA,NA,NA,NA,NA,NA,NA,NA,NA,NA,2,KHDRBS2,202559,GWAS,1,49,0
0.318913253718378,ENSG00000101096,NFATC2,protein_coding,0.517445320685303,NA,NA,GCST90624094,0.851158261299133,NA,NA,NA,NA,NA,NA,NA,NA,NA,NA,NA,NA,NA,NA,NA,NA,NA,NA,NA,NA,NA,NA,NA,NA,NA,NA,NA,NA,NA,NA,NA,NA,NA,NA,NA,NA,NA,NA,NA,NA,NA,NA,NA,NA,NA,NA,NA,NA,NA,0.8511583,NA,NA,NA,NA,NA,NA,NA,NA,NA,NA,NA,NA,NA,NA,NA,NA,NA,NA,NA,NA,NA,NA,NA,NA,NA,NA,NA,NA,NA,NA,NA,NA,NA,NA,NA,NA,NA,NA,NA,NA,NA,NA,NA,NA,NA,NA,NA,NA,NA,NA,NA,NA,NA,NA,NA,1,NFATC2,4773,GWAS,1,152,1
0.318850369287618,ENSG00000119522,DENND1A,protein_coding,0.524484646180595,NA,NA,GCST90624094,0.862737417221069,NA,NA,NA,NA,NA,NA,NA,NA,NA,NA,NA,NA,NA,NA,NA,NA,NA,NA,NA,NA,NA,NA,NA,NA,NA,NA,NA,NA,NA,NA,NA,NA,NA,NA,NA,NA,NA,NA,NA,NA,NA,NA,NA,NA,NA,NA,NA,NA,NA,0.8627374,NA,NA,NA,NA,NA,NA,NA,NA,NA,NA,NA,NA,NA,NA,NA,NA,NA,NA,NA,NA,NA,NA,NA,NA,NA,NA,NA,NA,NA,NA,NA,NA,NA,NA,NA,NA,NA,NA,NA,NA,NA,NA,NA,NA,NA,NA,NA,NA,NA,NA,NA,NA,NA,NA,NA,1,DENND1A,57706,GWAS,1,61,1
0.318746925626834,ENSG00000187554,TLR5,protein_coding,0.517445320685303,NA,NA,GCST90624094,0.851158261299133,NA,NA,NA,NA,NA,NA,NA,NA,NA,NA,NA,NA,NA,NA,NA,NA,NA,NA,NA,NA,NA,NA,NA,NA,NA,NA,NA,NA,NA,NA,NA,NA,NA,NA,NA,NA,NA,NA,NA,NA,NA,NA,NA,NA,NA,NA,NA,NA,NA,0.8511583,NA,NA,NA,NA,NA,NA,NA,NA,NA,NA,NA,NA,NA,NA,NA,NA,NA,NA,NA,NA,NA,NA,NA,NA,NA,NA,NA,NA,NA,NA,NA,NA,NA,NA,NA,NA,NA,NA,NA,NA,NA,NA,NA,NA,NA,NA,NA,NA,NA,NA,NA,NA,NA,NA,NA,1,TLR5,7100,GWAS,1,181,3
0.318434976307436,ENSG00000205592,MUC19,protein_coding,0.520761702282214,NA,NA,GCST90132260,0.856613457202911,NA,NA,NA,NA,NA,NA,NA,NA,NA,NA,NA,NA,NA,NA,NA,NA,NA,NA,NA,NA,NA,NA,NA,NA,NA,NA,NA,NA,NA,NA,NA,NA,NA,NA,NA,NA,NA,NA,NA,NA,NA,NA,NA,NA,NA,NA,NA,NA,NA,NA,NA,NA,NA,NA,NA,NA,NA,NA,NA,NA,NA,NA,NA,NA,NA,NA,NA,NA,NA,NA,NA,NA,NA,NA,NA,NA,NA,0.8566135,NA,NA,NA,NA,NA,NA,NA,NA,NA,NA,NA,NA,NA,NA,NA,NA,NA,NA,NA,NA,NA,NA,NA,NA,NA,NA,NA,1,MUC19,283463,GWAS,1,73,1
0.318296480259415,ENSG00000138622,HCN4,protein_coding,0.523573540787713,NA,NA,GCST90449053,0.861238718032837,NA,NA,NA,NA,NA,NA,NA,NA,NA,NA,NA,NA,NA,NA,NA,NA,NA,NA,NA,NA,NA,NA,NA,NA,NA,NA,NA,NA,NA,NA,NA,NA,NA,NA,NA,NA,NA,NA,NA,NA,NA,NA,NA,NA,NA,NA,NA,NA,NA,NA,NA,NA,NA,NA,NA,NA,NA,NA,NA,NA,NA,NA,NA,NA,NA,NA,NA,NA,NA,NA,NA,NA,NA,NA,NA,NA,NA,NA,NA,NA,NA,NA,0.8612387,NA,NA,NA,NA,NA,NA,NA,NA,NA,NA,NA,NA,NA,NA,NA,NA,NA,NA,NA,NA,NA,NA,1,HCN4,10021,GWAS,1,121,3
0.317823813653441,ENSG00000125826,RBCK1,protein_coding,0.5205716044365,NA,NA,FINNGEN_R12_G6_ALZHEIMER,0.834083318710327,NA,NA,NA,NA,NA,0.8340833,NA,NA,NA,NA,NA,NA,NA,NA,NA,NA,NA,NA,NA,NA,NA,NA,NA,NA,NA,NA,NA,NA,NA,NA,NA,NA,NA,NA,NA,NA,NA,NA,NA,NA,NA,NA,NA,NA,NA,NA,NA,NA,NA,NA,NA,NA,NA,NA,NA,NA,NA,NA,NA,NA,NA,NA,NA,NA,NA,NA,NA,NA,NA,NA,NA,NA,NA,NA,NA,NA,NA,NA,NA,NA,NA,NA,NA,NA,NA,NA,NA,NA,NA,NA,NA,NA,NA,NA,NA,NA,NA,NA,NA,NA,NA,NA,NA,NA,NA,1,RBCK1,10616,GWAS,1,110,1
0.317581452347751,ENSG00000136261,BZW2,protein_coding,0.520877547173283,NA,NA,GCST001915,0.856804013252258,NA,NA,NA,NA,NA,NA,NA,NA,NA,NA,NA,NA,NA,NA,NA,NA,NA,NA,NA,NA,NA,NA,NA,NA,NA,NA,NA,NA,NA,NA,NA,NA,NA,NA,NA,NA,NA,NA,NA,NA,NA,NA,NA,NA,NA,NA,NA,NA,NA,NA,NA,NA,NA,NA,NA,NA,NA,NA,NA,NA,NA,NA,NA,NA,NA,NA,NA,NA,NA,NA,NA,NA,NA,NA,NA,NA,NA,NA,NA,NA,NA,NA,NA,NA,NA,NA,NA,NA,NA,NA,NA,NA,NA,NA,NA,NA,NA,NA,NA,NA,NA,NA,0.856804,NA,NA,1,BZW2,28969,GWAS,1,11,0
0.317203046256482,ENSG00000119487,MAPKAP1,protein_coding,0.517445320685303,NA,NA,GCST90624094,0.851158261299133,NA,NA,NA,NA,NA,NA,NA,NA,NA,NA,NA,NA,NA,NA,NA,NA,NA,NA,NA,NA,NA,NA,NA,NA,NA,NA,NA,NA,NA,NA,NA,NA,NA,NA,NA,NA,NA,NA,NA,NA,NA,NA,NA,NA,NA,NA,NA,NA,NA,0.8511583,NA,NA,NA,NA,NA,NA,NA,NA,NA,NA,NA,NA,NA,NA,NA,NA,NA,NA,NA,NA,NA,NA,NA,NA,NA,NA,NA,NA,NA,NA,NA,NA,NA,NA,NA,NA,NA,NA,NA,NA,NA,NA,NA,NA,NA,NA,NA,NA,NA,NA,NA,NA,NA,NA,NA,1,MAPKAP1,79109,GWAS,1,93,0
0.316873008096183,ENSG00000162989,KCNJ3,protein_coding,0.516373692030789,NA,NA,GCST90132260,0.849395513534546,NA,NA,NA,NA,NA,NA,NA,NA,NA,NA,NA,NA,NA,NA,NA,NA,NA,NA,NA,NA,NA,NA,NA,NA,NA,NA,NA,NA,NA,NA,NA,NA,NA,NA,NA,NA,NA,NA,NA,NA,NA,NA,NA,NA,NA,NA,NA,NA,NA,NA,NA,NA,NA,NA,NA,NA,NA,NA,NA,NA,NA,NA,NA,NA,NA,NA,NA,NA,NA,NA,NA,NA,NA,NA,NA,NA,NA,0.8493955,NA,NA,NA,NA,NA,NA,NA,NA,NA,NA,NA,NA,NA,NA,NA,NA,NA,NA,NA,NA,NA,NA,NA,NA,NA,NA,NA,1,KCNJ3,3760,GWAS,1,106,2
0.316707838235595,ENSG00000241484,ARHGAP8,protein_coding,0.520960345289046,NA,NA,GCST90624094,0.85694020986557,NA,NA,NA,NA,NA,NA,NA,NA,NA,NA,NA,NA,NA,NA,NA,NA,NA,NA,NA,NA,NA,NA,NA,NA,NA,NA,NA,NA,NA,NA,NA,NA,NA,NA,NA,NA,NA,NA,NA,NA,NA,NA,NA,NA,NA,NA,NA,NA,NA,0.8569402,NA,NA,NA,NA,NA,NA,NA,NA,NA,NA,NA,NA,NA,NA,NA,NA,NA,NA,NA,NA,NA,NA,NA,NA,NA,NA,NA,NA,NA,NA,NA,NA,NA,NA,NA,NA,NA,NA,NA,NA,NA,NA,NA,NA,NA,NA,NA,NA,NA,NA,NA,NA,NA,NA,NA,1,ARHGAP8,23779,GWAS,1,10,0
0.31645002524473,ENSG00000170340,B3GNT2,protein_coding,0.519295070450489,NA,NA,GCST90624094,0.854200959205627,NA,NA,NA,NA,NA,NA,NA,NA,NA,NA,NA,NA,NA,NA,NA,NA,NA,NA,NA,NA,NA,NA,NA,NA,NA,NA,NA,NA,NA,NA,NA,NA,NA,NA,NA,NA,NA,NA,NA,NA,NA,NA,NA,NA,NA,NA,NA,NA,NA,0.854201,NA,NA,NA,NA,NA,NA,NA,NA,NA,NA,NA,NA,NA,NA,NA,NA,NA,NA,NA,NA,NA,NA,NA,NA,NA,NA,NA,NA,NA,NA,NA,NA,NA,NA,NA,NA,NA,NA,NA,NA,NA,NA,NA,NA,NA,NA,NA,NA,NA,NA,NA,NA,NA,NA,NA,1,B3GNT2,10678,GWAS,1,87,1
0.316331818750276,ENSG00000152990,ADGRA3,protein_coding,0.517445320685303,NA,NA,GCST90624094,0.851158261299133,NA,NA,NA,NA,NA,NA,NA,NA,NA,NA,NA,NA,NA,NA,NA,NA,NA,NA,NA,NA,NA,NA,NA,NA,NA,NA,NA,NA,NA,NA,NA,NA,NA,NA,NA,NA,NA,NA,NA,NA,NA,NA,NA,NA,NA,NA,NA,NA,NA,0.8511583,NA,NA,NA,NA,NA,NA,NA,NA,NA,NA,NA,NA,NA,NA,NA,NA,NA,NA,NA,NA,NA,NA,NA,NA,NA,NA,NA,NA,NA,NA,NA,NA,NA,NA,NA,NA,NA,NA,NA,NA,NA,NA,NA,NA,NA,NA,NA,NA,NA,NA,NA,NA,NA,NA,NA,1,ADGRA3,166647,GWAS,1,40,0
0.315104935904339,ENSG00000068878,PSME4,protein_coding,0.516499900274641,NA,NA,GCST90624094,0.849603116512299,NA,NA,NA,NA,NA,NA,NA,NA,NA,NA,NA,NA,NA,NA,NA,NA,NA,NA,NA,NA,NA,NA,NA,NA,NA,NA,NA,NA,NA,NA,NA,NA,NA,NA,NA,NA,NA,NA,NA,NA,NA,NA,NA,NA,NA,NA,NA,NA,NA,0.8496031,NA,NA,NA,NA,NA,NA,NA,NA,NA,NA,NA,NA,NA,NA,NA,NA,NA,NA,NA,NA,NA,NA,NA,NA,NA,NA,NA,NA,NA,NA,NA,NA,NA,NA,NA,NA,NA,NA,NA,NA,NA,NA,NA,NA,NA,NA,NA,NA,NA,NA,NA,NA,NA,NA,NA,1,PSME4,23198,GWAS,1,190,0
0.314833129074551,ENSG00000172260,NEGR1,protein_coding,0.514408097374534,NA,NA,GCST90095190,0.846162259578705,NA,NA,NA,NA,NA,NA,NA,NA,NA,NA,NA,NA,NA,NA,NA,NA,NA,NA,NA,NA,NA,NA,NA,NA,NA,NA,NA,NA,NA,NA,NA,NA,NA,NA,NA,NA,NA,NA,NA,NA,NA,NA,NA,NA,NA,NA,NA,NA,NA,NA,NA,NA,NA,NA,NA,NA,NA,NA,NA,NA,NA,NA,NA,NA,NA,NA,NA,NA,NA,0.8461623,NA,NA,NA,NA,NA,NA,NA,NA,NA,NA,NA,NA,NA,NA,NA,NA,NA,NA,NA,NA,NA,NA,NA,NA,NA,NA,NA,NA,NA,NA,NA,NA,NA,NA,NA,1,NEGR1,257194,GWAS,1,83,1
0.314599400935976,ENSG00000168421,RHOH,protein_coding,0.515643003188621,NA,NA,GCST90301303,0.84819358587265,NA,NA,NA,0.8481936,NA,NA,NA,NA,NA,NA,NA,NA,NA,NA,NA,NA,NA,NA,NA,NA,NA,NA,NA,NA,NA,NA,NA,NA,NA,NA,NA,NA,NA,NA,NA,NA,NA,NA,NA,NA,NA,NA,NA,NA,NA,NA,NA,NA,NA,NA,NA,NA,NA,NA,NA,NA,NA,NA,NA,NA,NA,NA,NA,NA,NA,NA,NA,NA,NA,NA,NA,NA,NA,NA,NA,NA,NA,NA,NA,NA,NA,NA,NA,NA,NA,NA,NA,NA,NA,NA,NA,NA,NA,NA,NA,NA,NA,NA,NA,NA,NA,NA,NA,NA,NA,1,RHOH,399,GWAS,1,102,2
0.314570946524617,ENSG00000180611,MB21D2,protein_coding,0.517445320685303,NA,NA,GCST90624094,0.851158261299133,NA,NA,NA,NA,NA,NA,NA,NA,NA,NA,NA,NA,NA,NA,NA,NA,NA,NA,NA,NA,NA,NA,NA,NA,NA,NA,NA,NA,NA,NA,NA,NA,NA,NA,NA,NA,NA,NA,NA,NA,NA,NA,NA,NA,NA,NA,NA,NA,NA,0.8511583,NA,NA,NA,NA,NA,NA,NA,NA,NA,NA,NA,NA,NA,NA,NA,NA,NA,NA,NA,NA,NA,NA,NA,NA,NA,NA,NA,NA,NA,NA,NA,NA,NA,NA,NA,NA,NA,NA,NA,NA,NA,NA,NA,NA,NA,NA,NA,NA,NA,NA,NA,NA,NA,NA,NA,1,MB21D2,151963,GWAS,1,13,0
0.314563016201273,ENSG00000153107,ANAPC1,protein_coding,0.517432275905576,NA,NA,GCST90624094,0.851136803627014,NA,NA,NA,NA,NA,NA,NA,NA,NA,NA,NA,NA,NA,NA,NA,NA,NA,NA,NA,NA,NA,NA,NA,NA,NA,NA,NA,NA,NA,NA,NA,NA,NA,NA,NA,NA,NA,NA,NA,NA,NA,NA,NA,NA,NA,NA,NA,NA,NA,0.8511368,NA,NA,NA,NA,NA,NA,NA,NA,NA,NA,NA,NA,NA,NA,NA,NA,NA,NA,NA,NA,NA,NA,NA,NA,NA,NA,NA,NA,NA,NA,NA,NA,NA,NA,NA,NA,NA,NA,NA,NA,NA,NA,NA,NA,NA,NA,NA,NA,NA,NA,NA,NA,NA,NA,NA,1,ANAPC1,64682,GWAS,1,222,0
0.314251399432366,ENSG00000074964,ARHGEF10L,protein_coding,0.515399862988723,NA,NA,GCST90624094,0.847793638706207,NA,NA,NA,NA,NA,NA,NA,NA,NA,NA,NA,NA,NA,NA,NA,NA,NA,NA,NA,NA,NA,NA,NA,NA,NA,NA,NA,NA,NA,NA,NA,NA,NA,NA,NA,NA,NA,NA,NA,NA,NA,NA,NA,NA,NA,NA,NA,NA,NA,0.8477936,NA,NA,NA,NA,NA,NA,NA,NA,NA,NA,NA,NA,NA,NA,NA,NA,NA,NA,NA,NA,NA,NA,NA,NA,NA,NA,NA,NA,NA,NA,NA,NA,NA,NA,NA,NA,NA,NA,NA,NA,NA,NA,NA,NA,NA,NA,NA,NA,NA,NA,NA,NA,NA,NA,NA,1,ARHGEF10L,55160,GWAS,1,26,0
0.314123370161019,ENSG00000187079,TEAD1,protein_coding,0.506360374170901,NA,NA,GCST90095190,0.832924365997314,NA,NA,NA,NA,NA,NA,NA,NA,NA,NA,NA,NA,NA,NA,NA,NA,NA,NA,NA,NA,NA,NA,NA,NA,NA,NA,NA,NA,NA,NA,NA,NA,NA,NA,NA,NA,NA,NA,NA,NA,NA,NA,NA,NA,NA,NA,NA,NA,NA,NA,NA,NA,NA,NA,NA,NA,NA,NA,NA,NA,NA,NA,NA,NA,NA,NA,NA,NA,NA,0.8329244,NA,NA,NA,NA,NA,NA,NA,NA,NA,NA,NA,NA,NA,NA,NA,NA,NA,NA,NA,NA,NA,NA,NA,NA,NA,NA,NA,NA,NA,NA,NA,NA,NA,NA,NA,1,TEAD1,7003,GWAS,1,102,2
0.313238741198732,ENSG00000101489,CELF4,protein_coding,0.513734117088676,NA,NA,GCST90095190,0.845053613185883,NA,NA,NA,NA,NA,NA,NA,NA,NA,NA,NA,NA,NA,NA,NA,NA,NA,NA,NA,NA,NA,NA,NA,NA,NA,NA,NA,NA,NA,NA,NA,NA,NA,NA,NA,NA,NA,NA,NA,NA,NA,NA,NA,NA,NA,NA,NA,NA,NA,NA,NA,NA,NA,NA,NA,NA,NA,NA,NA,NA,NA,NA,NA,NA,NA,NA,NA,NA,NA,0.8450536,NA,NA,NA,NA,NA,NA,NA,NA,NA,NA,NA,NA,NA,NA,NA,NA,NA,NA,NA,NA,NA,NA,NA,NA,NA,NA,NA,NA,NA,NA,NA,NA,NA,NA,NA,1,CELF4,56853,GWAS,1,24,0
0.312925258154916,ENSG00000155052,CNTNAP5,protein_coding,0.512328687015166,NA,NA,GCST003452,0.842741787433624,NA,NA,NA,NA,NA,NA,NA,NA,NA,NA,NA,NA,NA,NA,NA,NA,NA,NA,NA,NA,NA,NA,NA,NA,NA,NA,NA,NA,NA,NA,NA,NA,NA,NA,NA,NA,NA,NA,NA,NA,NA,NA,NA,NA,NA,NA,NA,NA,NA,NA,NA,NA,NA,NA,NA,NA,NA,NA,NA,NA,NA,NA,NA,NA,NA,NA,NA,NA,NA,NA,NA,NA,NA,NA,NA,NA,NA,NA,NA,NA,NA,NA,NA,NA,NA,NA,NA,NA,NA,NA,NA,NA,NA,NA,NA,NA,NA,NA,NA,NA,NA,NA,NA,0.8427418,NA,1,CNTNAP5,129684,GWAS,1,21,0
0.312618105562615,ENSG00000211448,DIO2,protein_coding,0.504637521124052,NA,NA,GCST90134416,0.830090403556824,NA,NA,NA,NA,NA,NA,NA,NA,NA,NA,NA,NA,NA,NA,NA,NA,NA,NA,NA,NA,NA,NA,NA,NA,NA,NA,NA,NA,NA,NA,NA,NA,NA,NA,NA,NA,NA,NA,NA,NA,NA,NA,NA,NA,NA,NA,NA,NA,NA,NA,NA,NA,NA,NA,NA,NA,NA,NA,NA,NA,NA,NA,NA,NA,NA,NA,NA,NA,NA,NA,NA,NA,NA,NA,NA,NA,NA,NA,NA,NA,NA,NA,NA,NA,NA,NA,NA,NA,NA,NA,NA,NA,NA,NA,NA,NA,NA,NA,NA,NA,NA,NA,NA,NA,0.8300904,1,DIO2,1734,GWAS,1,88,0
0.312372723543308,ENSG00000095794,CREM,protein_coding,0.512157601105506,NA,NA,GCST90624094,0.798567414283752,NA,NA,NA,NA,NA,NA,NA,NA,NA,NA,NA,NA,NA,NA,NA,NA,NA,NA,NA,NA,NA,NA,NA,NA,NA,NA,NA,NA,NA,NA,NA,NA,NA,NA,NA,NA,NA,NA,NA,NA,NA,NA,NA,NA,NA,NA,NA,NA,NA,0.7985674,NA,NA,NA,NA,NA,NA,NA,NA,NA,NA,NA,NA,NA,NA,NA,NA,NA,NA,NA,NA,NA,NA,NA,NA,NA,NA,NA,NA,NA,NA,NA,NA,NA,NA,NA,NA,NA,NA,NA,NA,NA,NA,NA,NA,NA,NA,NA,NA,NA,NA,NA,NA,NA,NA,NA,1,CREM,1390,GWAS,1,81,4
0.312283905308668,ENSG00000074266,EED,protein_coding,0.510573407778084,NA,NA,GCST90012877/GCST90095190/GCST005922/GCST90027158/GCST90132260/GCST002245/GCST90565439/GCST007319/GCST007827/GCST009021/GCST90301303/GCST90399479,0.540247738361359/0.524947285652161/0.523090660572052/0.523090660572052/0.523090660572052/0.520744383335114/0.518526434898376/0.517772138118744/0.515759766101837/0.513564646244049/0.510124325752258/0.505553305149078,NA,0.5230907,0.5055533,0.5101243,NA,NA,NA,NA,NA,NA,NA,NA,NA,NA,NA,NA,NA,NA,NA,NA,NA,NA,NA,NA,NA,NA,NA,NA,NA,NA,NA,NA,NA,NA,NA,NA,NA,NA,NA,NA,NA,NA,NA,NA,NA,NA,NA,NA,NA,NA,NA,NA,NA,NA,NA,NA,NA,NA,NA,NA,NA,NA,NA,NA,NA,0.5402477,0.5207444,NA,0.5177721,0.5249473,0.5135646,0.5230907,NA,NA,NA,NA,NA,0.5230907,0.5185264,NA,NA,NA,NA,NA,NA,NA,0.5157598,NA,NA,NA,NA,NA,NA,NA,NA,NA,NA,NA,NA,NA,NA,NA,NA,NA,NA,10,EED,8726,GWAS,1,287,3
0.312255409210322,ENSG00000171877,FRMD5,protein_coding,0.511693768597489,NA,NA,GCST90624094,0.84169739484787,NA,NA,NA,NA,NA,NA,NA,NA,NA,NA,NA,NA,NA,NA,NA,NA,NA,NA,NA,NA,NA,NA,NA,NA,NA,NA,NA,NA,NA,NA,NA,NA,NA,NA,NA,NA,NA,NA,NA,NA,NA,NA,NA,NA,NA,NA,NA,NA,NA,0.8416974,NA,NA,NA,NA,NA,NA,NA,NA,NA,NA,NA,NA,NA,NA,NA,NA,NA,NA,NA,NA,NA,NA,NA,NA,NA,NA,NA,NA,NA,NA,NA,NA,NA,NA,NA,NA,NA,NA,NA,NA,NA,NA,NA,NA,NA,NA,NA,NA,NA,NA,NA,NA,NA,NA,NA,1,FRMD5,84978,GWAS,1,11,0
0.311198620580076,ENSG00000066777,ARFGEF1,protein_coding,0.511898100577702,NA,NA,GCST90624094,0.842033505439758,NA,NA,NA,NA,NA,NA,NA,NA,NA,NA,NA,NA,NA,NA,NA,NA,NA,NA,NA,NA,NA,NA,NA,NA,NA,NA,NA,NA,NA,NA,NA,NA,NA,NA,NA,NA,NA,NA,NA,NA,NA,NA,NA,NA,NA,NA,NA,NA,NA,0.8420335,NA,NA,NA,NA,NA,NA,NA,NA,NA,NA,NA,NA,NA,NA,NA,NA,NA,NA,NA,NA,NA,NA,NA,NA,NA,NA,NA,NA,NA,NA,NA,NA,NA,NA,NA,NA,NA,NA,NA,NA,NA,NA,NA,NA,NA,NA,NA,NA,NA,NA,NA,NA,NA,NA,NA,1,ARFGEF1,10565,GWAS,1,69,0
0.310919180517666,ENSG00000124596,OARD1,protein_coding,0.50676266068346,NA,NA,GCST007511/GCST90012877,0.683720290660858/0.599463224411011,NA,NA,NA,NA,NA,NA,NA,NA,NA,NA,NA,NA,NA,NA,NA,NA,NA,NA,NA,NA,NA,NA,NA,NA,NA,NA,NA,NA,NA,NA,NA,NA,NA,NA,NA,NA,NA,NA,NA,NA,NA,NA,NA,NA,NA,NA,NA,NA,NA,NA,NA,NA,NA,NA,NA,NA,NA,NA,NA,NA,NA,NA,NA,NA,NA,0.5994632,NA,NA,NA,NA,NA,NA,NA,NA,0.6837203,NA,NA,NA,NA,NA,NA,NA,NA,NA,NA,NA,NA,NA,NA,NA,NA,NA,NA,NA,NA,NA,NA,NA,NA,NA,NA,NA,NA,NA,NA,2,OARD1,221443,GWAS,1,27,0
0.309913497231424,ENSG00000172572,PDE3A,protein_coding,0.508112360559139,NA,NA,GCST90624094,0.835806250572205,NA,NA,NA,NA,NA,NA,NA,NA,NA,NA,NA,NA,NA,NA,NA,NA,NA,NA,NA,NA,NA,NA,NA,NA,NA,NA,NA,NA,NA,NA,NA,NA,NA,NA,NA,NA,NA,NA,NA,NA,NA,NA,NA,NA,NA,NA,NA,NA,NA,0.8358063,NA,NA,NA,NA,NA,NA,NA,NA,NA,NA,NA,NA,NA,NA,NA,NA,NA,NA,NA,NA,NA,NA,NA,NA,NA,NA,NA,NA,NA,NA,NA,NA,NA,NA,NA,NA,NA,NA,NA,NA,NA,NA,NA,NA,NA,NA,NA,NA,NA,NA,NA,NA,NA,NA,NA,1,PDE3A,5139,GWAS,1,94,2
0.309284513621295,ENSG00000176681,LRRC37A,protein_coding,0.506773764882348,NA,NA,GCST002817,0.796762943267822,NA,NA,NA,NA,NA,NA,NA,NA,NA,NA,NA,NA,NA,NA,NA,NA,NA,NA,NA,NA,NA,NA,NA,NA,NA,NA,NA,NA,NA,NA,NA,NA,NA,NA,NA,NA,NA,NA,NA,NA,NA,NA,NA,NA,NA,NA,NA,NA,NA,NA,NA,NA,NA,NA,NA,NA,NA,NA,NA,NA,NA,NA,NA,NA,NA,NA,NA,NA,NA,NA,NA,NA,NA,NA,NA,NA,NA,NA,NA,NA,NA,NA,NA,NA,NA,NA,NA,NA,NA,0.7967629,NA,NA,NA,NA,NA,NA,NA,NA,NA,NA,NA,NA,NA,NA,NA,1,LRRC37A,9884,GWAS,1,29,1
0.308107687718364,ENSG00000145217,SLC26A1,protein_coding,0.506813750724304,NA,NA,GCST90399479/GCST90565439,0.648305118083954/0.623098850250244,NA,NA,0.6483051,NA,NA,NA,NA,NA,NA,NA,NA,NA,NA,NA,NA,NA,NA,NA,NA,NA,NA,NA,NA,NA,NA,NA,NA,NA,NA,NA,NA,NA,NA,NA,NA,NA,NA,NA,NA,NA,NA,NA,NA,NA,NA,NA,NA,NA,NA,NA,NA,NA,NA,NA,NA,NA,NA,NA,NA,NA,NA,NA,NA,NA,NA,NA,NA,NA,NA,NA,NA,NA,NA,NA,NA,NA,NA,NA,0.6230989,NA,NA,NA,NA,NA,NA,NA,NA,NA,NA,NA,NA,NA,NA,NA,NA,NA,NA,NA,NA,NA,NA,NA,NA,NA,NA,2,SLC26A1,10861,GWAS,1,29,1
0.306788020700708,ENSG00000143702,CEP170,protein_coding,0.503576215057384,NA,NA,GCST90095190,0.733430564403534,NA,NA,NA,NA,NA,NA,NA,NA,NA,NA,NA,NA,NA,NA,NA,NA,NA,NA,NA,NA,NA,NA,NA,NA,NA,NA,NA,NA,NA,NA,NA,NA,NA,NA,NA,NA,NA,NA,NA,NA,NA,NA,NA,NA,NA,NA,NA,NA,NA,NA,NA,NA,NA,NA,NA,NA,NA,NA,NA,NA,NA,NA,NA,NA,NA,NA,NA,NA,NA,0.7334306,NA,NA,NA,NA,NA,NA,NA,NA,NA,NA,NA,NA,NA,NA,NA,NA,NA,NA,NA,NA,NA,NA,NA,NA,NA,NA,NA,NA,NA,NA,NA,NA,NA,NA,NA,1,CEP170,9859,GWAS,1,103,2
0.306610994611794,ENSG00000149115,TNKS1BP1,protein_coding,0.504351804212548,NA,NA,GCST90132260,0.82962042093277,NA,NA,NA,NA,NA,NA,NA,NA,NA,NA,NA,NA,NA,NA,NA,NA,NA,NA,NA,NA,NA,NA,NA,NA,NA,NA,NA,NA,NA,NA,NA,NA,NA,NA,NA,NA,NA,NA,NA,NA,NA,NA,NA,NA,NA,NA,NA,NA,NA,NA,NA,NA,NA,NA,NA,NA,NA,NA,NA,NA,NA,NA,NA,NA,NA,NA,NA,NA,NA,NA,NA,NA,NA,NA,NA,NA,NA,0.8296204,NA,NA,NA,NA,NA,NA,NA,NA,NA,NA,NA,NA,NA,NA,NA,NA,NA,NA,NA,NA,NA,NA,NA,NA,NA,NA,NA,1,TNKS1BP1,85456,GWAS,1,126,0
0.304012183594724,ENSG00000070778,PTPN21,protein_coding,0.500076957425248,NA,NA,GCST90624094,0.822588622570038,NA,NA,NA,NA,NA,NA,NA,NA,NA,NA,NA,NA,NA,NA,NA,NA,NA,NA,NA,NA,NA,NA,NA,NA,NA,NA,NA,NA,NA,NA,NA,NA,NA,NA,NA,NA,NA,NA,NA,NA,NA,NA,NA,NA,NA,NA,NA,NA,NA,0.8225886,NA,NA,NA,NA,NA,NA,NA,NA,NA,NA,NA,NA,NA,NA,NA,NA,NA,NA,NA,NA,NA,NA,NA,NA,NA,NA,NA,NA,NA,NA,NA,NA,NA,NA,NA,NA,NA,NA,NA,NA,NA,NA,NA,NA,NA,NA,NA,NA,NA,NA,NA,NA,NA,NA,NA,1,PTPN21,11099,GWAS,1,25,0
