score,target.id,target.approvedSymbol,target.biotype,gwas_credible_sets,clingen,geneburden,GWAS.id,L2G,GCST010017,GCST90029028,GCST009600,GCST90624573,GCST90451690,FINNGEN_R12_KRA_PSY_ANXIETY_EXMORE,GCST90627736,GCST90627735,GCST90103929,GCST90480756,GCST90480753,FINNGEN_R12_F5_ALLANXIOUS,GCST90624566,GCST90095187,GCST90103931,GCST90297545,GCST90624575,GCST90446654,GCST008559,GCST008565,GCST008562,GCST008563,GCST008564,GCST90103928,GCST90624574,GCST90103930,GCST90271775,GCST90624568,GCST90624570,GCST90624559,GCST90480752,GCST90624565,GCST009575,GCST90451693,GCST90624569,GCST002681,GCST90480754,GCST90451691,GWAS.count,name,NCBI.id,list.name,list.count,N.PPI,degree
0.670883829855025,ENSG00000149295,DRD2,protein_coding,0.709513843227191,NA,NA,GCST010017/GCST90029028/GCST009600/GCST90624573/GCST90029028/GCST90451690,0.800605237483978/0.772019386291504/0.763465225696564/0.738591015338898/0.541054546833038/0.541054546833038,0.8006052,0.5410545,0.7634652,0.738591,0.5410545,NA,NA,NA,NA,NA,NA,NA,NA,NA,NA,NA,NA,NA,NA,NA,NA,NA,NA,NA,NA,NA,NA,NA,NA,NA,NA,NA,NA,NA,NA,NA,NA,NA,5,DRD2,1813,GWAS,1,297,12
0.513350158842353,ENSG00000091831,ESR1,protein_coding,0.733816294428247,NA,NA,GCST90451690/FINNGEN_R12_KRA_PSY_ANXIETY_EXMORE/GCST90627736/GCST90627735,0.830229640007019/0.82377964258194/0.775079369544983/0.764399230480194,NA,NA,NA,NA,0.8302296,0.8237796,0.7750794,0.7643992,NA,NA,NA,NA,NA,NA,NA,NA,NA,NA,NA,NA,NA,NA,NA,NA,NA,NA,NA,NA,NA,NA,NA,NA,NA,NA,NA,NA,NA,NA,4,ESR1,2099,GWAS,1,500,9
0.51191459823819,ENSG00000182511,FES,protein_coding,0.841300729341529,NA,NA,GCST90103929/GCST90627736/GCST90627735/GCST90451690/GCST009600,0.970352828502655/0.921069085597992/0.921069085597992/0.812402963638306/0.753488063812256,NA,NA,0.7534881,NA,0.812403,NA,0.9210691,0.9210691,0.9703528,NA,NA,NA,NA,NA,NA,NA,NA,NA,NA,NA,NA,NA,NA,NA,NA,NA,NA,NA,NA,NA,NA,NA,NA,NA,NA,NA,NA,NA,4,FES,2242,GWAS,1,69,2
0.497776929977019,ENSG00000101489,CELF4,protein_coding,0.812269995991594,NA,NA,GCST90480756/GCST90480753/GCST90451690/GCST010017/GCST90029028/FINNGEN_R12_F5_ALLANXIOUS/FINNGEN_R12_KRA_PSY_ANXIETY_EXMORE,0.888373792171478/0.888373792171478/0.884158909320831/0.880087912082672/0.843798398971558/0.829632818698883/0.765015423297882,0.8800879,0.8437984,NA,NA,0.8841589,0.7650154,NA,NA,NA,0.8883738,0.8883738,0.8296328,NA,NA,NA,NA,NA,NA,NA,NA,NA,NA,NA,NA,NA,NA,NA,NA,NA,NA,NA,NA,NA,NA,NA,NA,NA,NA,6,CELF4,56853,GWAS,1,24,1
0.481578707316544,ENSG00000198216,CACNA1E,protein_coding,0.5743014551249,NA,NA,GCST90627736/GCST90627735,0.758555352687836/0.744507730007172,NA,NA,NA,NA,NA,NA,0.7585554,0.7445077,NA,NA,NA,NA,NA,NA,NA,NA,NA,NA,NA,NA,NA,NA,NA,NA,NA,NA,NA,NA,NA,NA,NA,NA,NA,NA,NA,NA,NA,NA,2,CACNA1E,777,GWAS,1,90,2
0.479117378704676,ENSG00000165379,LRFN5,protein_coding,0.786895845505298,NA,NA,GCST90480753/GCST90624566/GCST90480756/GCST90029028,0.888657689094543/0.8848015666008/0.765779495239258/0.530257999897003,NA,0.530258,NA,NA,NA,NA,NA,NA,NA,0.7657795,0.8886577,NA,0.8848016,NA,NA,NA,NA,NA,NA,NA,NA,NA,NA,NA,NA,NA,NA,NA,NA,NA,NA,NA,NA,NA,NA,NA,NA,NA,4,LRFN5,145581,GWAS,1,46,3
0.475936412363321,ENSG00000128573,FOXP2,protein_coding,0.780821159955218,NA,NA,GCST90627735/GCST90627736/GCST90451690/GCST90103929/GCST90095187,0.885043978691101/0.885043978691101/0.843585729598999/0.838410079479218/0.798854172229767,NA,NA,NA,NA,0.8435857,NA,0.885044,0.885044,0.8384101,NA,NA,NA,NA,0.7988542,NA,NA,NA,NA,NA,NA,NA,NA,NA,NA,NA,NA,NA,NA,NA,NA,NA,NA,NA,NA,NA,NA,NA,NA,4,FOXP2,93986,GWAS,1,121,4
0.472958355165244,ENSG00000149294,NCAM1,protein_coding,0.767461473103928,NA,NA,GCST90627735/GCST90480753/GCST90103931/GCST90297545/GCST90627736/GCST90624575/GCST90103929/GCST90029028,0.828562915325165/0.828562915325165/0.824125111103058/0.824125111103058/0.819355130195618/0.817356169223785/0.81269383430481/0.740530908107758,NA,0.7405309,NA,NA,NA,NA,0.8193551,0.8285629,0.8126938,NA,0.8285629,NA,NA,NA,0.8241251,0.8241251,0.8173562,NA,NA,NA,NA,NA,NA,NA,NA,NA,NA,NA,NA,NA,NA,NA,NA,NA,NA,NA,NA,NA,6,NCAM1,4684,GWAS,1,500,6
0.472276718264821,ENSG00000196628,TCF4,protein_coding,0.774620451720287,NA,NA,GCST009600/GCST90627735/GCST90627736/GCST90103929/GCST90103931/GCST90029028,0.838076114654541/0.831321358680725/0.831321358680725/0.811985790729523/0.759821832180023/0.75104284286499,NA,0.7510428,0.8380761,NA,NA,NA,0.8313214,0.8313214,0.8119858,NA,NA,NA,NA,NA,0.7598218,NA,NA,NA,NA,NA,NA,NA,NA,NA,NA,NA,NA,NA,NA,NA,NA,NA,NA,NA,NA,NA,NA,NA,5,TCF4,6925,GWAS,1,162,3
0.472022962231169,ENSG00000155052,CNTNAP5,protein_coding,0.776441930702651,NA,NA,GCST90446654/GCST90627735/GCST90627736,0.792193651199341/0.770532846450806/0.770532846450806,NA,NA,NA,NA,NA,NA,0.7705328,0.7705328,NA,NA,NA,NA,NA,NA,NA,NA,NA,0.7921937,NA,NA,NA,NA,NA,NA,NA,NA,NA,NA,NA,NA,NA,NA,NA,NA,NA,NA,NA,NA,2,CNTNAP5,129684,GWAS,1,21,0
0.470716080552826,ENSG00000184588,PDE4B,protein_coding,0.743094810475233,NA,NA,GCST008559/GCST008565/GCST008562/GCST008563/GCST008564,0.835380911827087/0.835380911827087/0.835380911827087/0.835380911827087/0.826924741268158,NA,NA,NA,NA,NA,NA,NA,NA,NA,NA,NA,NA,NA,NA,NA,NA,NA,NA,0.8353809,0.8353809,0.8353809,0.8353809,0.8269247,NA,NA,NA,NA,NA,NA,NA,NA,NA,NA,NA,NA,NA,NA,NA,2,PDE4B,5142,GWAS,1,130,2
0.469123113010678,ENSG00000110693,SOX6,protein_coding,0.771063968131876,NA,NA,GCST90029028/GCST010017/GCST90103931/GCST90103928,0.905663907527924/0.863330364227295/0.845828235149384/0.845828235149384,0.8633304,0.9056639,NA,NA,NA,NA,NA,NA,NA,NA,NA,NA,NA,NA,0.8458282,NA,NA,NA,NA,NA,NA,NA,NA,0.8458282,NA,NA,NA,NA,NA,NA,NA,NA,NA,NA,NA,NA,NA,NA,3,SOX6,55553,GWAS,1,97,1
0.455797148238551,ENSG00000095951,HIVEP1,protein_coding,0.612967269298564,NA,NA,GCST010017/GCST90029028,0.806627690792084/0.806627690792084,0.8066277,0.8066277,NA,NA,NA,NA,NA,NA,NA,NA,NA,NA,NA,NA,NA,NA,NA,NA,NA,NA,NA,NA,NA,NA,NA,NA,NA,NA,NA,NA,NA,NA,NA,NA,NA,NA,NA,NA,1,HIVEP1,3096,GWAS,1,28,2
0.450799236369368,ENSG00000154822,PLCL2,protein_coding,0.741530513243323,NA,NA,GCST010017/GCST90029028/GCST90451690/GCST90627736/GCST90627735,0.88701069355011/0.690183758735657/0.690183758735657/0.690183758735657/0.689086675643921,0.8870107,0.6901838,NA,NA,0.6901838,NA,0.6901838,0.6890867,NA,NA,NA,NA,NA,NA,NA,NA,NA,NA,NA,NA,NA,NA,NA,NA,NA,NA,NA,NA,NA,NA,NA,NA,NA,NA,NA,NA,NA,NA,3,PLCL2,23228,GWAS,1,7,0
0.448079600825614,ENSG00000170396,ZNF804A,protein_coding,0.735207796441474,NA,NA,GCST90029028/GCST90103929/GCST90624574/GCST009600,0.881952285766602/0.83157604932785/0.71106082201004/0.64812707901001,NA,0.8819523,0.6481271,NA,NA,NA,NA,NA,0.831576,NA,NA,NA,NA,NA,NA,NA,NA,NA,NA,NA,NA,NA,NA,NA,0.7110608,NA,NA,NA,NA,NA,NA,NA,NA,NA,NA,NA,NA,NA,4,ZNF804A,91752,GWAS,1,68,6
0.445736861829703,ENSG00000182732,RGS6,protein_coding,0.733203291527374,NA,NA,GCST009600,0.909358561038971,NA,NA,0.9093586,NA,NA,NA,NA,NA,NA,NA,NA,NA,NA,NA,NA,NA,NA,NA,NA,NA,NA,NA,NA,NA,NA,NA,NA,NA,NA,NA,NA,NA,NA,NA,NA,NA,NA,NA,1,RGS6,9628,GWAS,1,103,0
0.445512220887134,ENSG00000198822,GRM3,protein_coding,0.701173582643249,NA,NA,GCST010017/GCST90029028/GCST009600,0.849241256713867/0.84406590461731/0.838076114654541,0.8492413,0.8440659,0.8380761,NA,NA,NA,NA,NA,NA,NA,NA,NA,NA,NA,NA,NA,NA,NA,NA,NA,NA,NA,NA,NA,NA,NA,NA,NA,NA,NA,NA,NA,NA,NA,NA,NA,NA,NA,3,GRM3,2913,GWAS,1,152,6
0.438134175902637,ENSG00000107249,GLIS3,protein_coding,0.718730118863939,NA,NA,GCST90029028/GCST010017,0.894853889942169/0.83838427066803,0.8383843,0.8948539,NA,NA,NA,NA,NA,NA,NA,NA,NA,NA,NA,NA,NA,NA,NA,NA,NA,NA,NA,NA,NA,NA,NA,NA,NA,NA,NA,NA,NA,NA,NA,NA,NA,NA,NA,NA,2,GLIS3,169792,GWAS,1,92,3
0.433463430566187,ENSG00000002822,MAD1L1,protein_coding,0.707566480459474,NA,NA,GCST90451690/GCST90103928/GCST90103929/GCST90029028/GCST90103931/GCST90103930/GCST90627735/GCST90627736/GCST009600/GCST90271775,0.758312821388245/0.744788646697998/0.733165323734283/0.733165323734283/0.733165323734283/0.725088059902191/0.696829557418823/0.696829557418823/0.693034529685974/0.541767597198486,NA,0.7331653,0.6930345,NA,0.7583128,NA,0.6968296,0.6968296,0.7331653,NA,NA,NA,NA,NA,0.7331653,NA,NA,NA,NA,NA,NA,NA,NA,0.7447886,NA,0.7250881,0.5417676,NA,NA,NA,NA,NA,NA,NA,NA,NA,NA,NA,7,MAD1L1,8379,GWAS,1,124,3
0.433314855426708,ENSG00000145743,FBXL17,protein_coding,0.712770034235925,NA,NA,GCST90103929/GCST90029028/GCST010017/GCST90103931,0.823659241199493/0.823659241199493/0.800439059734344/0.778384745121002,0.8004391,0.8236592,NA,NA,NA,NA,NA,NA,0.8236592,NA,NA,NA,NA,NA,0.7783847,NA,NA,NA,NA,NA,NA,NA,NA,NA,NA,NA,NA,NA,NA,NA,NA,NA,NA,NA,NA,NA,NA,NA,3,FBXL17,64839,GWAS,1,55,1
0.423533583759391,ENSG00000080854,IGSF9B,protein_coding,0.696680585065485,NA,NA,GCST90029028/GCST009600,0.930652976036072/0.86133474111557,NA,0.930653,0.8613347,NA,NA,NA,NA,NA,NA,NA,NA,NA,NA,NA,NA,NA,NA,NA,NA,NA,NA,NA,NA,NA,NA,NA,NA,NA,NA,NA,NA,NA,NA,NA,NA,NA,NA,NA,2,IGSF9B,22997,GWAS,1,13,0
0.420958089141242,ENSG00000077063,CTTNBP2,protein_coding,0.690924264989896,NA,NA,GCST90627735/GCST90627736,0.740755438804626/0.566597700119019,NA,NA,NA,NA,NA,NA,0.5665977,0.7407554,NA,NA,NA,NA,NA,NA,NA,NA,NA,NA,NA,NA,NA,NA,NA,NA,NA,NA,NA,NA,NA,NA,NA,NA,NA,NA,NA,NA,NA,NA,2,CTTNBP2,83992,GWAS,1,64,1
0.417494714211479,ENSG00000155511,GRIA1,protein_coding,0.559200912980311,NA,NA,GCST90627736/GCST90627735/GCST90627736/GCST90627735,0.665005922317505/0.651113748550415/0.530257999897003/0.530257999897003,NA,NA,NA,NA,NA,NA,0.530258,0.530258,NA,NA,NA,NA,NA,NA,NA,NA,NA,NA,NA,NA,NA,NA,NA,NA,NA,NA,NA,NA,NA,NA,NA,NA,NA,NA,NA,NA,NA,NA,3,GRIA1,2890,GWAS,1,350,10
0.417024336733346,ENSG00000106460,TMEM106B,protein_coding,0.685083593704786,NA,NA,GCST90103930/GCST90103931/GCST010017,0.83075362443924/0.823276162147522/0.813040435314178,0.8130404,NA,NA,NA,NA,NA,NA,NA,NA,NA,NA,NA,NA,NA,0.8232762,NA,NA,NA,NA,NA,NA,NA,NA,NA,NA,0.8307536,NA,NA,NA,NA,NA,NA,NA,NA,NA,NA,NA,NA,3,TMEM106B,54664,GWAS,1,34,1
0.416191887660277,ENSG00000156395,SORCS3,protein_coding,0.677105648245825,NA,NA,GCST90029028/GCST009600,0.727333188056946/0.697466671466827,NA,0.7273332,0.6974667,NA,NA,NA,NA,NA,NA,NA,NA,NA,NA,NA,NA,NA,NA,NA,NA,NA,NA,NA,NA,NA,NA,NA,NA,NA,NA,NA,NA,NA,NA,NA,NA,NA,NA,NA,2,SORCS3,22986,GWAS,1,36,0
0.412788609824926,ENSG00000186472,PCLO,protein_coding,0.675586308105924,NA,NA,GCST90446654/GCST90627735/GCST90029028/GCST90627736,0.793882131576538/0.772059738636017/0.720493733882904/0.709380030632019,NA,0.7204937,NA,NA,NA,NA,0.70938,0.7720597,NA,NA,NA,NA,NA,NA,NA,NA,NA,0.7938821,NA,NA,NA,NA,NA,NA,NA,NA,NA,NA,NA,NA,NA,NA,NA,NA,NA,NA,NA,NA,4,PCLO,27445,GWAS,1,58,2
0.411751959462736,ENSG00000218336,TENM3,protein_coding,0.677300707712763,NA,NA,GCST90029028/GCST010017,0.892975926399231/0.884529232978821,0.8845292,0.8929759,NA,NA,NA,NA,NA,NA,NA,NA,NA,NA,NA,NA,NA,NA,NA,NA,NA,NA,NA,NA,NA,NA,NA,NA,NA,NA,NA,NA,NA,NA,NA,NA,NA,NA,NA,NA,2,TENM3,55714,GWAS,1,16,1
0.409989292881455,ENSG00000172995,ARPP21,protein_coding,0.670981644294733,NA,NA,GCST010017/GCST90029028,0.890357673168182/0.853424727916718,0.8903577,0.8534247,NA,NA,NA,NA,NA,NA,NA,NA,NA,NA,NA,NA,NA,NA,NA,NA,NA,NA,NA,NA,NA,NA,NA,NA,NA,NA,NA,NA,NA,NA,NA,NA,NA,NA,NA,NA,2,ARPP21,10777,GWAS,1,43,3
0.406000231953964,ENSG00000171045,TSNARE1,protein_coding,0.667231621909733,NA,NA,GCST90624568/GCST009600/GCST90627736/GCST90627735,0.773722767829895/0.767035961151123/0.765388906002045/0.752326130867004,NA,NA,0.767036,NA,NA,NA,0.7653889,0.7523261,NA,NA,NA,NA,NA,NA,NA,NA,NA,NA,NA,NA,NA,NA,NA,NA,NA,NA,NA,0.7737228,NA,NA,NA,NA,NA,NA,NA,NA,NA,NA,4,TSNARE1,203062,GWAS,1,78,2
0.404492720188971,ENSG00000133794,BMAL1,protein_coding,0.662218750101482,NA,NA,GCST010017/GCST90029028,0.872558832168579/0.866962909698486,0.8725588,0.8669629,NA,NA,NA,NA,NA,NA,NA,NA,NA,NA,NA,NA,NA,NA,NA,NA,NA,NA,NA,NA,NA,NA,NA,NA,NA,NA,NA,NA,NA,NA,NA,NA,NA,NA,NA,NA,2,ARNTL,406,GWAS,1,1,NA
0.404112791048106,ENSG00000138821,SLC39A8,protein_coding,0.662691532777812,NA,NA,GCST90297545/GCST009600,0.872386991977692/0.870761036872864,NA,NA,0.870761,NA,NA,NA,NA,NA,NA,NA,NA,NA,NA,NA,NA,0.872387,NA,NA,NA,NA,NA,NA,NA,NA,NA,NA,NA,NA,NA,NA,NA,NA,NA,NA,NA,NA,NA,NA,2,SLC39A8,64116,GWAS,1,57,0
0.403749226025486,ENSG00000105866,SP4,protein_coding,0.66413681888086,NA,NA,GCST90627736/GCST90103929/GCST90627735,0.807888388633728/0.788029611110687/0.788029611110687,NA,NA,NA,NA,NA,NA,0.8078884,0.7880296,0.7880296,NA,NA,NA,NA,NA,NA,NA,NA,NA,NA,NA,NA,NA,NA,NA,NA,NA,NA,NA,NA,NA,NA,NA,NA,NA,NA,NA,NA,NA,2,SP4,6671,GWAS,1,18,0
0.398851306575338,ENSG00000100626,GALNT16,protein_coding,0.656080113299582,NA,NA,GCST90627736/GCST90627735,0.855688571929932/0.855688571929932,NA,NA,NA,NA,NA,NA,0.8556886,0.8556886,NA,NA,NA,NA,NA,NA,NA,NA,NA,NA,NA,NA,NA,NA,NA,NA,NA,NA,NA,NA,NA,NA,NA,NA,NA,NA,NA,NA,NA,NA,1,GALNT16,57452,GWAS,1,29,0
0.397319572997301,ENSG00000184349,EFNA5,protein_coding,0.650301343319132,NA,NA,GCST90627736/GCST90627735,0.850502133369446/0.847670614719391,NA,NA,NA,NA,NA,NA,0.8505021,0.8476706,NA,NA,NA,NA,NA,NA,NA,NA,NA,NA,NA,NA,NA,NA,NA,NA,NA,NA,NA,NA,NA,NA,NA,NA,NA,NA,NA,NA,NA,NA,2,EFNA5,1946,GWAS,1,157,2
0.390798057981917,ENSG00000170624,SGCD,protein_coding,0.641313303877522,NA,NA,GCST90627736/GCST90627735,0.843929350376129/0.843929350376129,NA,NA,NA,NA,NA,NA,0.8439294,0.8439294,NA,NA,NA,NA,NA,NA,NA,NA,NA,NA,NA,NA,NA,NA,NA,NA,NA,NA,NA,NA,NA,NA,NA,NA,NA,NA,NA,NA,NA,NA,1,SGCD,6444,GWAS,1,98,1
0.387676312852382,ENSG00000147255,IGSF1,protein_coding,0.637698097177256,NA,NA,GCST90627736/GCST90627735,0.843354344367981/0.822442412376404,NA,NA,NA,NA,NA,NA,0.8433543,0.8224424,NA,NA,NA,NA,NA,NA,NA,NA,NA,NA,NA,NA,NA,NA,NA,NA,NA,NA,NA,NA,NA,NA,NA,NA,NA,NA,NA,NA,NA,NA,2,IGSF1,3547,GWAS,1,23,1
0.386503590538095,ENSG00000168959,GRM5,protein_coding,0.591605862728797,NA,NA,GCST010017/GCST90029028,0.795696556568146/0.709800660610199,0.7956966,0.7098007,NA,NA,NA,NA,NA,NA,NA,NA,NA,NA,NA,NA,NA,NA,NA,NA,NA,NA,NA,NA,NA,NA,NA,NA,NA,NA,NA,NA,NA,NA,NA,NA,NA,NA,NA,NA,2,GRM5,2915,GWAS,1,230,7
0.386142513288047,ENSG00000185920,PTCH1,protein_coding,0.633503303666651,NA,NA,GCST90029028/GCST010017,0.843758583068848/0.793224990367889,0.793225,0.8437586,NA,NA,NA,NA,NA,NA,NA,NA,NA,NA,NA,NA,NA,NA,NA,NA,NA,NA,NA,NA,NA,NA,NA,NA,NA,NA,NA,NA,NA,NA,NA,NA,NA,NA,NA,NA,2,PTCH1,5727,GWAS,1,203,2
0.385090633040933,ENSG00000007372,PAX6,protein_coding,0.631591505641725,NA,NA,GCST009600/GCST010017/GCST90029028,0.801610589027405/0.669673323631287/0.6290203332901,0.6696733,0.6290203,0.8016106,NA,NA,NA,NA,NA,NA,NA,NA,NA,NA,NA,NA,NA,NA,NA,NA,NA,NA,NA,NA,NA,NA,NA,NA,NA,NA,NA,NA,NA,NA,NA,NA,NA,NA,NA,3,PAX6,5080,GWAS,1,412,10
0.38362457542451,ENSG00000140836,ZFHX3,protein_coding,0.631033296769397,NA,NA,GCST90451690,0.760060131549835,NA,NA,NA,NA,0.7600601,NA,NA,NA,NA,NA,NA,NA,NA,NA,NA,NA,NA,NA,NA,NA,NA,NA,NA,NA,NA,NA,NA,NA,NA,NA,NA,NA,NA,NA,NA,NA,NA,NA,1,ZFHX3,463,GWAS,1,67,2
0.383420229471555,ENSG00000163788,SNRK,protein_coding,0.630697163193408,NA,NA,FINNGEN_R12_KRA_PSY_ANXIETY_EXMORE/GCST90627735,0.858575761318207/0.715492725372314,NA,NA,NA,NA,NA,0.8585758,NA,0.7154927,NA,NA,NA,NA,NA,NA,NA,NA,NA,NA,NA,NA,NA,NA,NA,NA,NA,NA,NA,NA,NA,NA,NA,NA,NA,NA,NA,NA,NA,NA,2,SNRK,54861,GWAS,1,29,0
0.382530468694292,ENSG00000188938,FAM120AOS,protein_coding,0.629233574277106,NA,NA,GCST90103931/GCST90103929/GCST90095187,0.658747553825378/0.654741168022156/0.540292739868164,NA,NA,NA,NA,NA,NA,NA,NA,0.6547412,NA,NA,NA,NA,0.5402927,0.6587476,NA,NA,NA,NA,NA,NA,NA,NA,NA,NA,NA,NA,NA,NA,NA,NA,NA,NA,NA,NA,NA,NA,NA,3,FAM120AOS,158293,GWAS,1,3,0
0.380466795902985,ENSG00000187323,DCC,protein_coding,0.613346016515043,NA,NA,GCST010017/FINNGEN_R12_KRA_PSY_ANXIETY_EXMORE/GCST90029028/GCST009600/GCST90627736/GCST90451690/GCST90624570/GCST90627735,0.716373682022095/0.587965488433838/0.526833236217499/0.523149847984314/0.523149847984314/0.523149847984314/0.523149847984314/0.523149847984314,0.7163737,0.5268332,0.5231498,NA,0.5231498,0.5879655,0.5231498,0.5231498,NA,NA,NA,NA,NA,NA,NA,NA,NA,NA,NA,NA,NA,NA,NA,NA,NA,NA,NA,NA,0.5231498,NA,NA,NA,NA,NA,NA,NA,NA,NA,4,DCC,1630,GWAS,1,73,0
0.377384591605023,ENSG00000041353,RAB27B,protein_coding,0.612181974691402,NA,NA,GCST90451690/GCST90446654,0.798467993736267/0.798467993736267,NA,NA,NA,NA,0.798468,NA,NA,NA,NA,NA,NA,NA,NA,NA,NA,NA,NA,0.798468,NA,NA,NA,NA,NA,NA,NA,NA,NA,NA,NA,NA,NA,NA,NA,NA,NA,NA,NA,NA,1,RAB27B,5874,GWAS,1,60,1
0.375673548531512,ENSG00000089250,NOS1,protein_coding,0.607078292439222,NA,NA,GCST90029028/GCST010017/GCST90627736/GCST90627735,0.70109099149704/0.677263617515564/0.580887377262115/0.519563138484955,0.6772636,0.701091,NA,NA,NA,NA,0.5808874,0.5195631,NA,NA,NA,NA,NA,NA,NA,NA,NA,NA,NA,NA,NA,NA,NA,NA,NA,NA,NA,NA,NA,NA,NA,NA,NA,NA,NA,NA,NA,NA,4,NOS1,4842,GWAS,1,207,2
0.374275875930934,ENSG00000186868,MAPT,protein_coding,0.590037442705464,NA,NA,GCST90103930/GCST90103928/GCST90103931/GCST90103929/GCST90627736,0.654246866703033/0.652372419834137/0.652372419834137/0.652372419834137/0.501255393028259,NA,NA,NA,NA,NA,NA,0.5012554,NA,0.6523724,NA,NA,NA,NA,NA,0.6523724,NA,NA,NA,NA,NA,NA,NA,NA,0.6523724,NA,0.6542469,NA,NA,NA,NA,NA,NA,NA,NA,NA,NA,NA,NA,3,MAPT,4137,GWAS,1,500,8
0.373890823123577,ENSG00000102572,STK24,protein_coding,0.615022013348366,NA,NA,GCST90451690/GCST90029028,0.837838053703308/0.565791666507721,NA,0.5657917,NA,NA,0.8378381,NA,NA,NA,NA,NA,NA,NA,NA,NA,NA,NA,NA,NA,NA,NA,NA,NA,NA,NA,NA,NA,NA,NA,NA,NA,NA,NA,NA,NA,NA,NA,NA,NA,2,STK24,8428,GWAS,1,78,1
0.369348316549446,ENSG00000164180,TMEM161B,protein_coding,0.607549934960535,NA,NA,GCST009600,0.611214756965637,NA,NA,0.6112148,NA,NA,NA,NA,NA,NA,NA,NA,NA,NA,NA,NA,NA,NA,NA,NA,NA,NA,NA,NA,NA,NA,NA,NA,NA,NA,NA,NA,NA,NA,NA,NA,NA,NA,NA,1,TMEM161B,153396,GWAS,1,28,2
0.36913207814404,ENSG00000078328,RBFOX1,protein_coding,0.60465402242192,NA,NA,GCST009600/GCST90029028,0.739212572574615/0.629316389560699,NA,0.6293164,0.7392126,NA,NA,NA,NA,NA,NA,NA,NA,NA,NA,NA,NA,NA,NA,NA,NA,NA,NA,NA,NA,NA,NA,NA,NA,NA,NA,NA,NA,NA,NA,NA,NA,NA,NA,NA,2,RBFOX1,54715,GWAS,1,125,7
0.367770979675782,ENSG00000151012,SLC7A11,protein_coding,0.591361327462178,NA,NA,GCST90029028/GCST010017,0.787250161170959/0.741977274417877,0.7419773,0.7872502,NA,NA,NA,NA,NA,NA,NA,NA,NA,NA,NA,NA,NA,NA,NA,NA,NA,NA,NA,NA,NA,NA,NA,NA,NA,NA,NA,NA,NA,NA,NA,NA,NA,NA,NA,NA,2,SLC7A11,23657,GWAS,1,106,0
0.366013546667335,ENSG00000174891,RSRC1,protein_coding,0.602064491723882,NA,NA,GCST009600,0.765109241008759,NA,NA,0.7651092,NA,NA,NA,NA,NA,NA,NA,NA,NA,NA,NA,NA,NA,NA,NA,NA,NA,NA,NA,NA,NA,NA,NA,NA,NA,NA,NA,NA,NA,NA,NA,NA,NA,NA,NA,1,RSRC1,51319,GWAS,1,397,1
0.362635149374937,ENSG00000197959,DNM3,protein_coding,0.596507284710074,NA,NA,GCST010017/GCST90029028,0.791287541389465/0.759686589241028,0.7912875,0.7596866,NA,NA,NA,NA,NA,NA,NA,NA,NA,NA,NA,NA,NA,NA,NA,NA,NA,NA,NA,NA,NA,NA,NA,NA,NA,NA,NA,NA,NA,NA,NA,NA,NA,NA,NA,NA,2,DNM3,26052,GWAS,1,94,2
0.359649074750922,ENSG00000101017,CD40,protein_coding,0.589339136730641,NA,NA,GCST90627736,0.919077336788177,NA,NA,NA,NA,NA,NA,0.9190773,NA,NA,NA,NA,NA,NA,NA,NA,NA,NA,NA,NA,NA,NA,NA,NA,NA,NA,NA,NA,NA,NA,NA,NA,NA,NA,NA,NA,NA,NA,NA,1,CD40,958,GWAS,1,500,2
0.353519335437017,ENSG00000080644,CHRNA3,protein_coding,0.576532918697951,NA,NA,GCST90624559/GCST009600,0.769048869609833/0.717216014862061,NA,NA,0.717216,NA,NA,NA,NA,NA,NA,NA,NA,NA,NA,NA,NA,NA,NA,NA,NA,NA,NA,NA,NA,NA,NA,NA,NA,NA,NA,0.7690489,NA,NA,NA,NA,NA,NA,NA,NA,2,CHRNA3,1136,GWAS,1,67,1
0.352108282132103,ENSG00000135090,TAOK3,protein_coding,0.579191387433293,NA,NA,GCST90627735/GCST90627736,0.724956333637238/0.703682243824005,NA,NA,NA,NA,NA,NA,0.7036822,0.7249563,NA,NA,NA,NA,NA,NA,NA,NA,NA,NA,NA,NA,NA,NA,NA,NA,NA,NA,NA,NA,NA,NA,NA,NA,NA,NA,NA,NA,NA,NA,2,TAOK3,51347,GWAS,1,55,0
0.351117913379261,ENSG00000167207,NOD2,protein_coding,0.575434548244999,NA,NA,GCST90480752,0.946546137332916,NA,NA,NA,NA,NA,NA,NA,NA,NA,NA,NA,NA,NA,NA,NA,NA,NA,NA,NA,NA,NA,NA,NA,NA,NA,NA,NA,NA,NA,NA,0.9465461,NA,NA,NA,NA,NA,NA,NA,1,NOD2,64127,GWAS,1,288,1
0.348473595388172,ENSG00000171634,BPTF,protein_coding,0.568653122750478,NA,NA,GCST90451690,0.60413521528244,NA,NA,NA,NA,0.6041352,NA,NA,NA,NA,NA,NA,NA,NA,NA,NA,NA,NA,NA,NA,NA,NA,NA,NA,NA,NA,NA,NA,NA,NA,NA,NA,NA,NA,NA,NA,NA,NA,NA,1,BPTF,2186,GWAS,1,154,2
0.34841942370493,ENSG00000117707,PROX1,protein_coding,0.569095953892878,NA,NA,GCST90627735,0.748895704746246,NA,NA,NA,NA,NA,NA,NA,0.7488957,NA,NA,NA,NA,NA,NA,NA,NA,NA,NA,NA,NA,NA,NA,NA,NA,NA,NA,NA,NA,NA,NA,NA,NA,NA,NA,NA,NA,NA,NA,1,PROX1,5629,GWAS,1,75,2
0.341610625148557,ENSG00000114988,LMAN2L,protein_coding,0.560251729121584,NA,NA,GCST009600,0.921571552753448,NA,NA,0.9215716,NA,NA,NA,NA,NA,NA,NA,NA,NA,NA,NA,NA,NA,NA,NA,NA,NA,NA,NA,NA,NA,NA,NA,NA,NA,NA,NA,NA,NA,NA,NA,NA,NA,NA,NA,1,LMAN2L,81562,GWAS,1,75,1
0.341568870476174,ENSG00000107105,ELAVL2,protein_coding,0.561854855549508,NA,NA,GCST90029028,0.81927615404129,NA,0.8192762,NA,NA,NA,NA,NA,NA,NA,NA,NA,NA,NA,NA,NA,NA,NA,NA,NA,NA,NA,NA,NA,NA,NA,NA,NA,NA,NA,NA,NA,NA,NA,NA,NA,NA,NA,NA,1,ELAVL2,1993,GWAS,1,94,3
0.34078089022038,ENSG00000151322,NPAS3,protein_coding,0.559950757064899,NA,NA,GCST009600,0.921076476573944,NA,NA,0.9210765,NA,NA,NA,NA,NA,NA,NA,NA,NA,NA,NA,NA,NA,NA,NA,NA,NA,NA,NA,NA,NA,NA,NA,NA,NA,NA,NA,NA,NA,NA,NA,NA,NA,NA,NA,1,NPAS3,64067,GWAS,1,40,4
0.339026837511302,ENSG00000179603,GRM8,protein_coding,0.555313118194494,NA,NA,GCST90627736/GCST90627735/GCST010017/GCST90029028,0.64739602804184/0.64739602804184/0.609759986400604/0.583228290081024,0.60976,0.5832283,NA,NA,NA,NA,0.647396,0.647396,NA,NA,NA,NA,NA,NA,NA,NA,NA,NA,NA,NA,NA,NA,NA,NA,NA,NA,NA,NA,NA,NA,NA,NA,NA,NA,NA,NA,NA,NA,3,GRM8,2918,GWAS,1,120,5
0.338146343932717,ENSG00000163634,THOC7,protein_coding,0.556225059268577,NA,NA,GCST009600,0.914947986602783,NA,NA,0.914948,NA,NA,NA,NA,NA,NA,NA,NA,NA,NA,NA,NA,NA,NA,NA,NA,NA,NA,NA,NA,NA,NA,NA,NA,NA,NA,NA,NA,NA,NA,NA,NA,NA,NA,NA,1,THOC7,80145,GWAS,1,96,0
0.337895585925504,ENSG00000114861,FOXP1,protein_coding,0.553844658734775,NA,NA,GCST90627736/GCST90627735,0.728825926780701/0.728825926780701,NA,NA,NA,NA,NA,NA,0.7288259,0.7288259,NA,NA,NA,NA,NA,NA,NA,NA,NA,NA,NA,NA,NA,NA,NA,NA,NA,NA,NA,NA,NA,NA,NA,NA,NA,NA,NA,NA,NA,NA,1,FOXP1,27086,GWAS,1,119,3
0.335630140450476,ENSG00000134323,MYCN,protein_coding,0.552086095603426,NA,NA,GCST90029028,0.908139705657959,NA,0.9081397,NA,NA,NA,NA,NA,NA,NA,NA,NA,NA,NA,NA,NA,NA,NA,NA,NA,NA,NA,NA,NA,NA,NA,NA,NA,NA,NA,NA,NA,NA,NA,NA,NA,NA,NA,NA,1,MYCN,4613,GWAS,1,298,6
0.334510560757945,ENSG00000184903,IMMP2L,protein_coding,0.548876627727745,NA,NA,GCST90624565,0.730458915233612,NA,NA,NA,NA,NA,NA,NA,NA,NA,NA,NA,NA,NA,NA,NA,NA,NA,NA,NA,NA,NA,NA,NA,NA,NA,NA,NA,NA,NA,NA,NA,0.7304589,NA,NA,NA,NA,NA,NA,1,IMMP2L,83943,GWAS,1,66,4
0.333410699718339,ENSG00000146463,ZMYM4,protein_coding,0.548435284128079,NA,NA,GCST90627736,0.876689255237579,NA,NA,NA,NA,NA,NA,0.8766893,NA,NA,NA,NA,NA,NA,NA,NA,NA,NA,NA,NA,NA,NA,NA,NA,NA,NA,NA,NA,NA,NA,NA,NA,NA,NA,NA,NA,NA,NA,NA,1,ZMYM4,9202,GWAS,1,43,0
0.331183646701867,ENSG00000175866,BAIAP2,protein_coding,0.544771951023025,NA,NA,GCST010017/GCST90029028,0.7174351811409/0.714693248271942,0.7174352,0.7146932,NA,NA,NA,NA,NA,NA,NA,NA,NA,NA,NA,NA,NA,NA,NA,NA,NA,NA,NA,NA,NA,NA,NA,NA,NA,NA,NA,NA,NA,NA,NA,NA,NA,NA,NA,NA,2,BAIAP2,10458,GWAS,1,183,3
0.330708424667854,ENSG00000148053,NTRK2,protein_coding,0.528882476252314,NA,NA,GCST009575,0.869971513748169,NA,NA,NA,NA,NA,NA,NA,NA,NA,NA,NA,NA,NA,NA,NA,NA,NA,NA,NA,NA,NA,NA,NA,NA,NA,NA,NA,NA,NA,NA,NA,NA,0.8699715,NA,NA,NA,NA,NA,1,NTRK2,4915,GWAS,1,344,13
0.327038797120273,ENSG00000119535,CSF3R,protein_coding,0.537953988192589,NA,NA,GCST010017/GCST90029028/GCST90624575,0.621583700180054/0.621583700180054/0.621583700180054,0.6215837,0.6215837,NA,NA,NA,NA,NA,NA,NA,NA,NA,NA,NA,NA,NA,NA,0.6215837,NA,NA,NA,NA,NA,NA,NA,NA,NA,NA,NA,NA,NA,NA,NA,NA,NA,NA,NA,NA,NA,1,CSF3R,1441,GWAS,1,277,1
0.326713931526101,ENSG00000140564,FURIN,protein_coding,0.534714485778522,NA,NA,GCST90451690/GCST009600,0.649260222911835/0.63638699054718,NA,NA,0.636387,NA,0.6492602,NA,NA,NA,NA,NA,NA,NA,NA,NA,NA,NA,NA,NA,NA,NA,NA,NA,NA,NA,NA,NA,NA,NA,NA,NA,NA,NA,NA,NA,NA,NA,NA,NA,2,FURIN,5045,GWAS,1,302,0
0.326571266008981,ENSG00000170370,EMX2,protein_coding,0.537184935015601,NA,NA,GCST90029028,0.88362842798233,NA,0.8836284,NA,NA,NA,NA,NA,NA,NA,NA,NA,NA,NA,NA,NA,NA,NA,NA,NA,NA,NA,NA,NA,NA,NA,NA,NA,NA,NA,NA,NA,NA,NA,NA,NA,NA,NA,NA,1,EMX2,2018,GWAS,1,75,3
0.32638580107895,ENSG00000120306,CYSTM1,protein_coding,0.536879859288627,NA,NA,GCST90627735/GCST90627736,0.708804547786713/0.69728821516037,NA,NA,NA,NA,NA,NA,0.6972882,0.7088045,NA,NA,NA,NA,NA,NA,NA,NA,NA,NA,NA,NA,NA,NA,NA,NA,NA,NA,NA,NA,NA,NA,NA,NA,NA,NA,NA,NA,NA,NA,2,CYSTM1,84418,GWAS,1,7,0
0.326337386167952,ENSG00000169783,LINGO1,protein_coding,0.535052419393197,NA,NA,GCST90029028/GCST010017,0.65146940946579/0.647023975849152,0.647024,0.6514694,NA,NA,NA,NA,NA,NA,NA,NA,NA,NA,NA,NA,NA,NA,NA,NA,NA,NA,NA,NA,NA,NA,NA,NA,NA,NA,NA,NA,NA,NA,NA,NA,NA,NA,NA,NA,2,LINGO1,84894,GWAS,1,65,4
0.324766280358611,ENSG00000154080,CHST9,protein_coding,0.534215870678902,NA,NA,GCST90451693,0.878744542598724,NA,NA,NA,NA,NA,NA,NA,NA,NA,NA,NA,NA,NA,NA,NA,NA,NA,NA,NA,NA,NA,NA,NA,NA,NA,NA,NA,NA,NA,NA,NA,NA,NA,0.8787445,NA,NA,NA,NA,1,CHST9,83539,GWAS,1,20,0
0.322491176328959,ENSG00000100433,KCNK10,protein_coding,0.500076957425248,NA,NA,GCST90480752,0.822588622570038,NA,NA,NA,NA,NA,NA,NA,NA,NA,NA,NA,NA,NA,NA,NA,NA,NA,NA,NA,NA,NA,NA,NA,NA,NA,NA,NA,NA,NA,NA,0.8225886,NA,NA,NA,NA,NA,NA,NA,1,KCNK10,54207,GWAS,1,41,1
0.32246093183802,ENSG00000127152,BCL11B,protein_coding,0.527004136678227,NA,NA,GCST009600,0.866881787776947,NA,NA,0.8668818,NA,NA,NA,NA,NA,NA,NA,NA,NA,NA,NA,NA,NA,NA,NA,NA,NA,NA,NA,NA,NA,NA,NA,NA,NA,NA,NA,NA,NA,NA,NA,NA,NA,NA,NA,1,BCL11B,64919,GWAS,1,198,7
0.322440407436708,ENSG00000110931,CAMKK2,protein_coding,0.526826836380448,NA,NA,GCST90624569,0.866590142250061,NA,NA,NA,NA,NA,NA,NA,NA,NA,NA,NA,NA,NA,NA,NA,NA,NA,NA,NA,NA,NA,NA,NA,NA,NA,NA,NA,NA,NA,NA,NA,NA,NA,NA,0.8665901,NA,NA,NA,1,CAMKK2,10645,GWAS,1,74,0
0.320128536974142,ENSG00000114054,PCCB,protein_coding,0.52506730797566,NA,NA,GCST010017/GCST90029028,0.726342499256134/0.520598828792572,0.7263425,0.5205988,NA,NA,NA,NA,NA,NA,NA,NA,NA,NA,NA,NA,NA,NA,NA,NA,NA,NA,NA,NA,NA,NA,NA,NA,NA,NA,NA,NA,NA,NA,NA,NA,NA,NA,NA,NA,2,PCCB,5096,GWAS,1,198,2
0.319034555805468,ENSG00000130558,OLFM1,protein_coding,0.524179688218994,NA,NA,GCST90627735/GCST90627736,0.727452278137207/0.53913402557373,NA,NA,NA,NA,NA,NA,0.539134,0.7274523,NA,NA,NA,NA,NA,NA,NA,NA,NA,NA,NA,NA,NA,NA,NA,NA,NA,NA,NA,NA,NA,NA,NA,NA,NA,NA,NA,NA,NA,NA,2,OLFM1,10439,GWAS,1,29,2
0.31890404766375,ENSG00000133895,MEN1,protein_coding,0.524572943033367,NA,NA,GCST90627736,0.690306127071381,NA,NA,NA,NA,NA,NA,0.6903061,NA,NA,NA,NA,NA,NA,NA,NA,NA,NA,NA,NA,NA,NA,NA,NA,NA,NA,NA,NA,NA,NA,NA,NA,NA,NA,NA,NA,NA,NA,NA,1,MEN1,4221,GWAS,1,337,1
0.318226657854812,ENSG00000099256,PRTFDC1,protein_coding,0.515766674947526,NA,NA,GCST002681,0.848397016525269,NA,NA,NA,NA,NA,NA,NA,NA,NA,NA,NA,NA,NA,NA,NA,NA,NA,NA,NA,NA,NA,NA,NA,NA,NA,NA,NA,NA,NA,NA,NA,NA,NA,NA,NA,0.848397,NA,NA,1,PRTFDC1,56952,GWAS,1,65,0
0.316263343612183,ENSG00000118263,KLF7,protein_coding,0.520229185385388,NA,NA,GCST90624569,0.855737507343292,NA,NA,NA,NA,NA,NA,NA,NA,NA,NA,NA,NA,NA,NA,NA,NA,NA,NA,NA,NA,NA,NA,NA,NA,NA,NA,NA,NA,NA,NA,NA,NA,NA,NA,0.8557375,NA,NA,NA,1,KLF7,8609,GWAS,1,20,0
0.315579132937032,ENSG00000143196,DPT,protein_coding,0.519103710779004,NA,NA,GCST90480752,0.853886187076569,NA,NA,NA,NA,NA,NA,NA,NA,NA,NA,NA,NA,NA,NA,NA,NA,NA,NA,NA,NA,NA,NA,NA,NA,NA,NA,NA,NA,NA,NA,0.8538862,NA,NA,NA,NA,NA,NA,NA,1,DPT,1805,GWAS,1,39,0
0.314775923354375,ENSG00000174527,MYO1H,protein_coding,0.517782492005728,NA,NA,GCST90029028/GCST010017,0.726352274417877/0.501442432403564,0.5014424,0.7263523,NA,NA,NA,NA,NA,NA,NA,NA,NA,NA,NA,NA,NA,NA,NA,NA,NA,NA,NA,NA,NA,NA,NA,NA,NA,NA,NA,NA,NA,NA,NA,NA,NA,NA,NA,NA,2,MYO1H,283446,GWAS,1,9,0
0.314721887012258,ENSG00000110435,PDHX,protein_coding,0.517693606326093,NA,NA,GCST90480754,0.851566672325134,NA,NA,NA,NA,NA,NA,NA,NA,NA,NA,NA,NA,NA,NA,NA,NA,NA,NA,NA,NA,NA,NA,NA,NA,NA,NA,NA,NA,NA,NA,NA,NA,NA,NA,NA,NA,0.8515667,NA,1,PDHX,8050,GWAS,1,196,1
0.313794769856958,ENSG00000183117,CSMD1,protein_coding,0.512340462545878,NA,NA,GCST009600/GCST010017/GCST90029028,0.631895184516907/0.604326188564301/0.538059830665588,0.6043262,0.5380598,0.6318952,NA,NA,NA,NA,NA,NA,NA,NA,NA,NA,NA,NA,NA,NA,NA,NA,NA,NA,NA,NA,NA,NA,NA,NA,NA,NA,NA,NA,NA,NA,NA,NA,NA,NA,NA,3,CSMD1,64478,GWAS,1,56,5
0.312200473748154,ENSG00000068796,KIF2A,protein_coding,0.513546072965372,NA,NA,GCST90627735/GCST90627736,0.675795435905457/0.675795435905457,NA,NA,NA,NA,NA,NA,0.6757954,0.6757954,NA,NA,NA,NA,NA,NA,NA,NA,NA,NA,NA,NA,NA,NA,NA,NA,NA,NA,NA,NA,NA,NA,NA,NA,NA,NA,NA,NA,NA,NA,1,KIF2A,3796,GWAS,1,188,0
0.311927130922571,ENSG00000158445,KCNB1,protein_coding,0.513096444773056,NA,NA,GCST009600,0.844004690647125,NA,NA,0.8440047,NA,NA,NA,NA,NA,NA,NA,NA,NA,NA,NA,NA,NA,NA,NA,NA,NA,NA,NA,NA,NA,NA,NA,NA,NA,NA,NA,NA,NA,NA,NA,NA,NA,NA,NA,1,KCNB1,3745,GWAS,1,248,3
0.310891624133199,ENSG00000101445,PPP1R16B,protein_coding,0.511393114733782,NA,NA,GCST009600,0.827086746692657,NA,NA,0.8270867,NA,NA,NA,NA,NA,NA,NA,NA,NA,NA,NA,NA,NA,NA,NA,NA,NA,NA,NA,NA,NA,NA,NA,NA,NA,NA,NA,NA,NA,NA,NA,NA,NA,NA,NA,1,PPP1R16B,26051,GWAS,1,35,0
0.310241166208384,ENSG00000165588,OTX2,protein_coding,0.510323160838749,NA,NA,GCST90029028,0.839442849159241,NA,0.8394428,NA,NA,NA,NA,NA,NA,NA,NA,NA,NA,NA,NA,NA,NA,NA,NA,NA,NA,NA,NA,NA,NA,NA,NA,NA,NA,NA,NA,NA,NA,NA,NA,NA,NA,NA,NA,1,OTX2,5015,GWAS,1,207,7
0.308284813771436,ENSG00000189283,FHIT,protein_coding,0.505281317239043,NA,NA,GCST90624574,0.831149399280548,NA,NA,NA,NA,NA,NA,NA,NA,NA,NA,NA,NA,NA,NA,NA,NA,NA,NA,NA,NA,NA,NA,NA,NA,0.8311494,NA,NA,NA,NA,NA,NA,NA,NA,NA,NA,NA,NA,NA,1,FHIT,2272,GWAS,1,86,5
0.30731586818499,ENSG00000115221,ITGB6,protein_coding,0.505511267717218,NA,NA,GCST90451691,0.831527650356293,NA,NA,NA,NA,NA,NA,NA,NA,NA,NA,NA,NA,NA,NA,NA,NA,NA,NA,NA,NA,NA,NA,NA,NA,NA,NA,NA,NA,NA,NA,NA,NA,NA,NA,NA,NA,NA,0.8315277,1,ITGB6,3694,GWAS,1,144,0
0.304828478210898,ENSG00000087128,TMPRSS11E,protein_coding,0.501419700085073,NA,NA,GCST90480752,0.824797332286835,NA,NA,NA,NA,NA,NA,NA,NA,NA,NA,NA,NA,NA,NA,NA,NA,NA,NA,NA,NA,NA,NA,NA,NA,NA,NA,NA,NA,NA,NA,0.8247973,NA,NA,NA,NA,NA,NA,NA,1,TMPRSS11E,28983,GWAS,1,7,0
0.304063796782485,ENSG00000175806,MSRA,protein_coding,0.500161857199966,NA,NA,GCST010017,0.551429271697998,0.5514293,NA,NA,NA,NA,NA,NA,NA,NA,NA,NA,NA,NA,NA,NA,NA,NA,NA,NA,NA,NA,NA,NA,NA,NA,NA,NA,NA,NA,NA,NA,NA,NA,NA,NA,NA,NA,NA,1,MSRA,4482,GWAS,1,116,1
