score,target.id,target.approvedSymbol,target.biotype,gwas_credible_sets,clingen,geneburden,GWAS.id,L2G,GCST90061435,GCST90448551,GCST006983,GCST90275135,GCST90275147,GCST90568441,GCST010644,GCST90275148,GCST90275137,GCST90429151,GCST90275149,GCST90275136,GCST007543,GCST90134330,GCST010649,GCST90448547,GCST012088,GCST009600,GCST90624564,GCST012093,GCST90624573,GCST90455642,GCST90624687,GCST007582,GCST007586,GCST90624562,GCST90624684,GCST90137499,GCST90624553,GCST90624570,GCST90624551,GCST90624674,GCST90624673,GCST007591,GCST90448552,GCST90271328,GCST90624575,GCST90624693,GCST90133365,GCST001877,GCST90624667,GCST90624686,GCST90624560,GCST90624565,GCST90480762,GCST90624685,GCST90624672,GCST90624675,GWAS.count,name,NCBI.id,list.name,list.count,N.PPI,degree
0.517483237464404,ENSG00000128573,FOXP2,protein_coding,0.831045708167842,NA,NA,GCST90061435/GCST90448551/GCST006983/GCST90275135/GCST90275147/GCST90568441/GCST010644/GCST90275148/GCST90275137/GCST90429151/GCST90275149/GCST90275136,0.883318781852722/0.849475920200348/0.849475920200348/0.847995042800903/0.84754604101181/0.84754604101181/0.84754604101181/0.831935167312622/0.831935167312622/0.83133989572525/0.823339462280273/0.823339462280273,0.8833188,0.8494759,0.8494759,0.847995,0.847546,0.847546,0.847546,0.8319352,0.8319352,0.8313399,0.8233395,0.8233395,NA,NA,NA,NA,NA,NA,NA,NA,NA,NA,NA,NA,NA,NA,NA,NA,NA,NA,NA,NA,NA,NA,NA,NA,NA,NA,NA,NA,NA,NA,NA,NA,NA,NA,NA,NA,7,FOXP2,93986,GWAS,1,121,7
0.501764155055531,ENSG00000139318,DUSP6,protein_coding,0.819554443259924,NA,NA,GCST010644/GCST007543/GCST90429151/GCST90134330/GCST90448551/GCST010649/GCST90448547/GCST90061435/GCST006983/GCST90568441,0.892498791217804/0.830431818962097/0.830431818962097/0.830431818962097/0.830431818962097/0.830431818962097/0.830431818962097/0.822368741035461/0.813469409942627/0.770113587379456,0.8223687,0.8304318,0.8134694,NA,NA,0.7701136,0.8924988,NA,NA,0.8304318,NA,NA,0.8304318,0.8304318,0.8304318,0.8304318,NA,NA,NA,NA,NA,NA,NA,NA,NA,NA,NA,NA,NA,NA,NA,NA,NA,NA,NA,NA,NA,NA,NA,NA,NA,NA,NA,NA,NA,NA,NA,NA,5,DUSP6,1848,GWAS,1,100,2
0.491911822868103,ENSG00000182511,FES,protein_coding,0.807485786534096,NA,NA,GCST90429151/GCST012088/GCST90061435/GCST009600,0.970352828502655/0.908056795597076/0.754134953022003/0.753488063812256,0.754135,NA,NA,NA,NA,NA,NA,NA,NA,0.9703528,NA,NA,NA,NA,NA,NA,0.9080568,0.7534881,NA,NA,NA,NA,NA,NA,NA,NA,NA,NA,NA,NA,NA,NA,NA,NA,NA,NA,NA,NA,NA,NA,NA,NA,NA,NA,NA,NA,NA,NA,4,FES,2242,GWAS,1,69,1
0.485871298554646,ENSG00000156395,SORCS3,protein_coding,0.793039834521173,NA,NA,GCST90061435/GCST90429151/GCST90568441/GCST012088/GCST90624564/GCST90134330/GCST007543/GCST90448551/GCST010644/GCST012093/GCST009600,0.845660865306854/0.840349197387695/0.826398849487305/0.816132783889771/0.752480268478394/0.736748516559601/0.724894225597382/0.724894225597382/0.722055852413177/0.705763220787048/0.697466671466827,0.8456609,0.7248942,NA,NA,NA,0.8263988,0.7220559,NA,NA,0.8403492,NA,NA,0.7248942,0.7367485,NA,NA,0.8161328,0.6974667,0.7524803,0.7057632,NA,NA,NA,NA,NA,NA,NA,NA,NA,NA,NA,NA,NA,NA,NA,NA,NA,NA,NA,NA,NA,NA,NA,NA,NA,NA,NA,NA,10,SORCS3,22986,GWAS,1,36,2
0.484128556670276,ENSG00000149295,DRD2,protein_coding,0.630629892205476,NA,NA,GCST009600/GCST90624573/GCST012088,0.763465225696564/0.738591015338898/0.738063037395477,NA,NA,NA,NA,NA,NA,NA,NA,NA,NA,NA,NA,NA,NA,NA,NA,0.738063,0.7634652,NA,NA,0.738591,NA,NA,NA,NA,NA,NA,NA,NA,NA,NA,NA,NA,NA,NA,NA,NA,NA,NA,NA,NA,NA,NA,NA,NA,NA,NA,NA,3,DRD2,1813,GWAS,1,297,12
0.470057633883445,ENSG00000172260,NEGR1,protein_coding,0.772381653440706,NA,NA,GCST90134330/GCST90061435/GCST012088/GCST009600,0.924286305904388/0.851909995079041/0.836587011814117/0.64466005563736,0.85191,NA,NA,NA,NA,NA,NA,NA,NA,NA,NA,NA,NA,0.9242863,NA,NA,0.836587,0.6446601,NA,NA,NA,NA,NA,NA,NA,NA,NA,NA,NA,NA,NA,NA,NA,NA,NA,NA,NA,NA,NA,NA,NA,NA,NA,NA,NA,NA,NA,NA,4,NEGR1,257194,GWAS,1,83,5
0.464387411345341,ENSG00000080854,IGSF9B,protein_coding,0.730568561447654,NA,NA,GCST90061435/GCST90134330/GCST009600,0.884820759296417/0.884820759296417/0.86133474111557,0.8848208,NA,NA,NA,NA,NA,NA,NA,NA,NA,NA,NA,NA,0.8848208,NA,NA,NA,0.8613347,NA,NA,NA,NA,NA,NA,NA,NA,NA,NA,NA,NA,NA,NA,NA,NA,NA,NA,NA,NA,NA,NA,NA,NA,NA,NA,NA,NA,NA,NA,2,IGSF9B,22997,GWAS,1,13,2
0.460482991408303,ENSG00000081189,MEF2C,protein_coding,0.747306916344581,NA,NA,GCST90455642/GCST90624687/GCST90134330,0.889848053455353/0.819330990314484/0.811618745326996,NA,NA,NA,NA,NA,NA,NA,NA,NA,NA,NA,NA,NA,0.8116187,NA,NA,NA,NA,NA,NA,NA,0.8898481,0.819331,NA,NA,NA,NA,NA,NA,NA,NA,NA,NA,NA,NA,NA,NA,NA,NA,NA,NA,NA,NA,NA,NA,NA,NA,NA,3,MEF2C,4208,GWAS,1,271,12
0.459389049781314,ENSG00000137872,SEMA6D,protein_coding,0.75071745780055,NA,NA,GCST007582/GCST007586/GCST006983/GCST90568441/GCST010644/GCST90061435,0.850092232227325/0.816689550876617/0.716992974281311/0.582062423229218/0.535117328166962/0.535117328166962,0.5351173,NA,0.716993,NA,NA,0.5820624,0.5351173,NA,NA,NA,NA,NA,NA,NA,NA,NA,NA,NA,NA,NA,NA,NA,NA,0.8500922,0.8166896,NA,NA,NA,NA,NA,NA,NA,NA,NA,NA,NA,NA,NA,NA,NA,NA,NA,NA,NA,NA,NA,NA,NA,5,SEMA6D,80031,GWAS,1,29,3
0.456129285526828,ENSG00000196628,TCF4,protein_coding,0.749538125883166,NA,NA,GCST009600/GCST012088/GCST90061435/GCST90061435/GCST90429151,0.838076114654541/0.83405065536499/0.75355052947998/0.535117328166962/0.521923661231995,0.5351173,NA,NA,NA,NA,NA,NA,NA,NA,0.5219237,NA,NA,NA,NA,NA,NA,0.8340507,0.8380761,NA,NA,NA,NA,NA,NA,NA,NA,NA,NA,NA,NA,NA,NA,NA,NA,NA,NA,NA,NA,NA,NA,NA,NA,NA,NA,NA,NA,NA,NA,5,TCF4,6925,GWAS,1,162,5
0.455629768414919,ENSG00000114861,FOXP1,protein_coding,0.714371375572305,NA,NA,GCST90568441/GCST90429151/GCST90134330/GCST90061435,0.832263469696045/0.831777155399323/0.809916436672211/0.718211114406586,0.7182111,NA,NA,NA,NA,0.8322635,NA,NA,NA,0.8317772,NA,NA,NA,0.8099164,NA,NA,NA,NA,NA,NA,NA,NA,NA,NA,NA,NA,NA,NA,NA,NA,NA,NA,NA,NA,NA,NA,NA,NA,NA,NA,NA,NA,NA,NA,NA,NA,NA,NA,4,FOXP1,27086,GWAS,1,119,7
0.45504631277715,ENSG00000151322,NPAS3,protein_coding,0.731209601545933,NA,NA,GCST009600/GCST90429151,0.921076476573944/0.911020040512085,NA,NA,NA,NA,NA,NA,NA,NA,NA,0.91102,NA,NA,NA,NA,NA,NA,NA,0.9210765,NA,NA,NA,NA,NA,NA,NA,NA,NA,NA,NA,NA,NA,NA,NA,NA,NA,NA,NA,NA,NA,NA,NA,NA,NA,NA,NA,NA,NA,NA,2,NPAS3,64067,GWAS,1,40,8
0.451352621874663,ENSG00000150394,CDH8,protein_coding,0.738413248845078,NA,NA,GCST90134330/GCST90429151/GCST90061435/GCST90568441,0.877833783626556/0.845772087574005/0.722055852413177/0.722055852413177,0.7220559,NA,NA,NA,NA,0.7220559,NA,NA,NA,0.8457721,NA,NA,NA,0.8778338,NA,NA,NA,NA,NA,NA,NA,NA,NA,NA,NA,NA,NA,NA,NA,NA,NA,NA,NA,NA,NA,NA,NA,NA,NA,NA,NA,NA,NA,NA,NA,NA,NA,NA,3,CDH8,1006,GWAS,1,57,3
0.447268429729651,ENSG00000183454,GRIN2A,protein_coding,0.690858614317607,NA,NA,GCST90061435/GCST90429151/GCST009600,0.848613977432251/0.834543347358704/0.712441325187683,0.848614,NA,NA,NA,NA,NA,NA,NA,NA,0.8345433,NA,NA,NA,NA,NA,NA,NA,0.7124413,NA,NA,NA,NA,NA,NA,NA,NA,NA,NA,NA,NA,NA,NA,NA,NA,NA,NA,NA,NA,NA,NA,NA,NA,NA,NA,NA,NA,NA,NA,3,GRIN2A,2903,GWAS,1,280,16
0.441615927648003,ENSG00000079102,RUNX1T1,protein_coding,0.726424667713792,NA,NA,GCST90134330/GCST90429151/GCST90568441/GCST90061435,0.813842058181763/0.571656048297882/0.553832411766052/0.550362586975098,0.5503626,NA,NA,NA,NA,0.5538324,NA,NA,NA,0.571656,NA,NA,NA,0.8138421,NA,NA,NA,NA,NA,NA,NA,NA,NA,NA,NA,NA,NA,NA,NA,NA,NA,NA,NA,NA,NA,NA,NA,NA,NA,NA,NA,NA,NA,NA,NA,NA,NA,NA,4,RUNX1T1,862,GWAS,1,105,3
0.437978330568751,ENSG00000206432,TMEM200C,protein_coding,0.720441096732453,NA,NA,GCST90568441/GCST90429151/GCST90061435,0.889614284038544/0.882678747177124/0.67308235168457,0.6730824,NA,NA,NA,NA,0.8896143,NA,NA,NA,0.8826787,NA,NA,NA,NA,NA,NA,NA,NA,NA,NA,NA,NA,NA,NA,NA,NA,NA,NA,NA,NA,NA,NA,NA,NA,NA,NA,NA,NA,NA,NA,NA,NA,NA,NA,NA,NA,NA,NA,3,TMEM200C,645369,GWAS,1,10,0
0.433822466037273,ENSG00000278311,GGNBP2,protein_coding,0.713605015145855,NA,NA,GCST90624562/GCST90624684,0.907552063465118/0.907552063465118,NA,NA,NA,NA,NA,NA,NA,NA,NA,NA,NA,NA,NA,NA,NA,NA,NA,NA,NA,NA,NA,NA,NA,NA,NA,0.9075521,0.9075521,NA,NA,NA,NA,NA,NA,NA,NA,NA,NA,NA,NA,NA,NA,NA,NA,NA,NA,NA,NA,NA,1,GGNBP2,79893,GWAS,1,70,1
0.433388718190733,ENSG00000126091,ST3GAL3,protein_coding,0.69418915676296,NA,NA,GCST90134330/GCST010649/GCST010644/GCST012093/GCST90137499/GCST90624553,0.758782625198364/0.743265688419342/0.743265688419342/0.743265688419342/0.732854425907135/0.731673002243042,NA,NA,NA,NA,NA,NA,0.7432657,NA,NA,NA,NA,NA,NA,0.7587826,0.7432657,NA,NA,NA,NA,0.7432657,NA,NA,NA,NA,NA,NA,NA,0.7328544,0.731673,NA,NA,NA,NA,NA,NA,NA,NA,NA,NA,NA,NA,NA,NA,NA,NA,NA,NA,NA,4,ST3GAL3,6487,GWAS,1,71,0
0.429202884335986,ENSG00000187323,DCC,protein_coding,0.704266796466573,NA,NA,GCST90061435/GCST90061435/GCST90137499/GCST009600/GCST012088/GCST010644/GCST90624570,0.840815424919128/0.631433963775635/0.606585443019867/0.523149847984314/0.523149847984314/0.523149847984314/0.523149847984314,0.631434,NA,NA,NA,NA,NA,0.5231498,NA,NA,NA,NA,NA,NA,NA,NA,NA,0.5231498,0.5231498,NA,NA,NA,NA,NA,NA,NA,NA,NA,0.6065854,NA,0.5231498,NA,NA,NA,NA,NA,NA,NA,NA,NA,NA,NA,NA,NA,NA,NA,NA,NA,NA,4,DCC,1630,GWAS,1,73,1
0.420740354655963,ENSG00000176697,BDNF,protein_coding,0.645889149898131,NA,NA,GCST90061435/GCST90624553,0.854920983314514/0.830070495605469,0.854921,NA,NA,NA,NA,NA,NA,NA,NA,NA,NA,NA,NA,NA,NA,NA,NA,NA,NA,NA,NA,NA,NA,NA,NA,NA,NA,NA,0.8300705,NA,NA,NA,NA,NA,NA,NA,NA,NA,NA,NA,NA,NA,NA,NA,NA,NA,NA,NA,2,BDNF,627,GWAS,1,500,17
0.420355165387673,ENSG00000178342,KCNG2,protein_coding,0.675167381950152,NA,NA,GCST90061435/GCST90624551/GCST012088,0.823162376880646/0.802124321460724/0.782150566577911,0.8231624,NA,NA,NA,NA,NA,NA,NA,NA,NA,NA,NA,NA,NA,NA,NA,0.7821506,NA,NA,NA,NA,NA,NA,NA,NA,NA,NA,NA,NA,NA,0.8021243,NA,NA,NA,NA,NA,NA,NA,NA,NA,NA,NA,NA,NA,NA,NA,NA,NA,3,KCNG2,26251,GWAS,1,151,1
0.419950476834061,ENSG00000008196,TFAP2B,protein_coding,0.686531130666458,NA,NA,GCST90624674/GCST90061435/GCST009600,0.791853070259094/0.790119051933289/0.781810224056244,0.7901191,NA,NA,NA,NA,NA,NA,NA,NA,NA,NA,NA,NA,NA,NA,NA,NA,0.7818102,NA,NA,NA,NA,NA,NA,NA,NA,NA,NA,NA,NA,NA,0.7918531,NA,NA,NA,NA,NA,NA,NA,NA,NA,NA,NA,NA,NA,NA,NA,NA,3,TFAP2B,7021,GWAS,1,58,4
0.418424414872359,ENSG00000077063,CTTNBP2,protein_coding,0.66465219940617,NA,NA,GCST90061435/GCST90624673,0.891824662685394/0.80591094493866,0.8918247,NA,NA,NA,NA,NA,NA,NA,NA,NA,NA,NA,NA,NA,NA,NA,NA,NA,NA,NA,NA,NA,NA,NA,NA,NA,NA,NA,NA,NA,NA,NA,0.8059109,NA,NA,NA,NA,NA,NA,NA,NA,NA,NA,NA,NA,NA,NA,NA,2,CTTNBP2,83992,GWAS,1,64,0
0.417563821005328,ENSG00000168769,TET2,protein_coding,0.686252847840043,NA,NA,GCST90134330/GCST90429151/GCST90061435,0.873055577278137/0.70830899477005/0.70830899477005,0.708309,NA,NA,NA,NA,NA,NA,NA,NA,0.708309,NA,NA,NA,0.8730556,NA,NA,NA,NA,NA,NA,NA,NA,NA,NA,NA,NA,NA,NA,NA,NA,NA,NA,NA,NA,NA,NA,NA,NA,NA,NA,NA,NA,NA,NA,NA,NA,NA,NA,2,TET2,54790,GWAS,1,205,3
0.40805679776491,ENSG00000181449,SOX2,protein_coding,0.67122244730493,NA,NA,GCST90061435/GCST90429151,0.883287966251373/0.883287966251373,0.883288,NA,NA,NA,NA,NA,NA,NA,NA,0.883288,NA,NA,NA,NA,NA,NA,NA,NA,NA,NA,NA,NA,NA,NA,NA,NA,NA,NA,NA,NA,NA,NA,NA,NA,NA,NA,NA,NA,NA,NA,NA,NA,NA,NA,NA,NA,NA,NA,1,SOX2,6657,GWAS,1,500,20
0.40564289185403,ENSG00000237515,SHISA9,protein_coding,0.624089850834131,NA,NA,GCST90134330,0.808124303817749,NA,NA,NA,NA,NA,NA,NA,NA,NA,NA,NA,NA,NA,0.8081243,NA,NA,NA,NA,NA,NA,NA,NA,NA,NA,NA,NA,NA,NA,NA,NA,NA,NA,NA,NA,NA,NA,NA,NA,NA,NA,NA,NA,NA,NA,NA,NA,NA,NA,1,SHISA9,729993,GWAS,1,50,2
0.401492066716809,ENSG00000138821,SLC39A8,protein_coding,0.659512067014777,NA,NA,GCST009600/GCST90134330,0.870761036872864/0.856344938278198,NA,NA,NA,NA,NA,NA,NA,NA,NA,NA,NA,NA,NA,0.8563449,NA,NA,NA,0.870761,NA,NA,NA,NA,NA,NA,NA,NA,NA,NA,NA,NA,NA,NA,NA,NA,NA,NA,NA,NA,NA,NA,NA,NA,NA,NA,NA,NA,NA,NA,2,SLC39A8,64116,GWAS,1,57,1
0.395467881735331,ENSG00000142949,PTPRF,protein_coding,0.631740908958119,NA,NA,GCST009600/GCST90061435/GCST90429151/GCST90568441/GCST90455642/GCST90275147/GCST90448551/GCST90275135/GCST90275136/GCST90275137,0.67424213886261/0.673664808273315/0.657122135162354/0.600276410579681/0.598193109035492/0.56356805562973/0.535362720489502/0.516561090946198/0.515614092350006/0.50206446647644,0.6736648,0.5353627,NA,0.5165611,0.5635681,0.6002764,NA,NA,0.5020645,0.6571221,NA,0.5156141,NA,NA,NA,NA,NA,0.6742421,NA,NA,NA,0.5981931,NA,NA,NA,NA,NA,NA,NA,NA,NA,NA,NA,NA,NA,NA,NA,NA,NA,NA,NA,NA,NA,NA,NA,NA,NA,NA,10,PTPRF,5792,GWAS,1,87,1
0.393436837803797,ENSG00000164180,TMEM161B,protein_coding,0.64528238304857,NA,NA,GCST90137499/GCST007591/GCST90568441/GCST90275136/GCST90275148/GCST90275137/GCST90275135/GCST90275147/GCST90275149/GCST90448552/GCST009600/GCST006983/GCST90429151/GCST90448547/GCST90448551/GCST90061435/GCST90271328,0.678665697574615/0.678665697574615/0.65339183807373/0.625409126281738/0.625409126281738/0.625409126281738/0.625409126281738/0.625409126281738/0.625409126281738/0.611214756965637/0.611214756965637/0.611214756965637/0.607203960418701/0.604745388031006/0.604745388031006/0.550412356853485/0.535114109516144,0.5504124,0.6047454,0.6112148,0.6254091,0.6254091,0.6533918,NA,0.6254091,0.6254091,0.607204,0.6254091,0.6254091,NA,NA,NA,0.6047454,NA,0.6112148,NA,NA,NA,NA,NA,NA,NA,NA,NA,0.6786657,NA,NA,NA,NA,NA,0.6786657,0.6112148,0.5351141,NA,NA,NA,NA,NA,NA,NA,NA,NA,NA,NA,NA,8,TMEM161B,153396,GWAS,1,28,5
0.392449178514174,ENSG00000078328,RBFOX1,protein_coding,0.639729254541044,NA,NA,GCST009600/GCST90624564/GCST90134330/GCST90061435/GCST90061435/GCST90134330/GCST007586,0.739212572574615/0.631433963775635/0.631433963775635/0.627967953681946/0.519670784473419/0.519670784473419/0.519670784473419,0.5196708,NA,NA,NA,NA,NA,NA,NA,NA,NA,NA,NA,NA,0.5196708,NA,NA,NA,0.7392126,0.631434,NA,NA,NA,NA,NA,0.5196708,NA,NA,NA,NA,NA,NA,NA,NA,NA,NA,NA,NA,NA,NA,NA,NA,NA,NA,NA,NA,NA,NA,NA,4,RBFOX1,54715,GWAS,1,125,15
0.392035895876905,ENSG00000049618,ARID1B,protein_coding,0.644041818852519,NA,NA,GCST90061435/GCST90134330,0.84852921962738/0.843482673168182,0.8485292,NA,NA,NA,NA,NA,NA,NA,NA,NA,NA,NA,NA,0.8434827,NA,NA,NA,NA,NA,NA,NA,NA,NA,NA,NA,NA,NA,NA,NA,NA,NA,NA,NA,NA,NA,NA,NA,NA,NA,NA,NA,NA,NA,NA,NA,NA,NA,NA,2,ARID1B,57492,GWAS,1,139,3
0.391624505737125,ENSG00000088930,XRN2,protein_coding,0.643584643876514,NA,NA,GCST90275149/GCST90275148/GCST90275136/GCST90275135/GCST90275137/GCST90275147/GCST90137499,0.700156509876251/0.696042358875275/0.683026731014252/0.66648405790329/0.636673629283905/0.636673629283905/0.61906099319458,NA,NA,NA,0.6664841,0.6366736,NA,NA,0.6960424,0.6366736,NA,0.7001565,0.6830267,NA,NA,NA,NA,NA,NA,NA,NA,NA,NA,NA,NA,NA,NA,NA,0.619061,NA,NA,NA,NA,NA,NA,NA,NA,NA,NA,NA,NA,NA,NA,NA,NA,NA,NA,NA,NA,6,XRN2,22803,GWAS,1,306,1
0.391298912091613,ENSG00000136379,ABHD17C,protein_coding,0.643656997850593,NA,NA,GCST90429151/GCST90061435,0.854927957057953/0.815355718135834,0.8153557,NA,NA,NA,NA,NA,NA,NA,NA,0.854928,NA,NA,NA,NA,NA,NA,NA,NA,NA,NA,NA,NA,NA,NA,NA,NA,NA,NA,NA,NA,NA,NA,NA,NA,NA,NA,NA,NA,NA,NA,NA,NA,NA,NA,NA,NA,NA,NA,2,ABHD17C,58489,GWAS,1,18,0
0.390808398369883,ENSG00000117020,AKT3,protein_coding,0.613478090190221,NA,NA,GCST90061435/GCST90429151,0.808069407939911/0.804221868515015,0.8080694,NA,NA,NA,NA,NA,NA,NA,NA,0.8042219,NA,NA,NA,NA,NA,NA,NA,NA,NA,NA,NA,NA,NA,NA,NA,NA,NA,NA,NA,NA,NA,NA,NA,NA,NA,NA,NA,NA,NA,NA,NA,NA,NA,NA,NA,NA,NA,NA,2,AKT3,10000,GWAS,1,260,2
0.390181195533505,ENSG00000140945,CDH13,protein_coding,0.605750471386871,NA,NA,GCST90061435/GCST90061435,0.838555037975311/0.631433963775635,0.631434,NA,NA,NA,NA,NA,NA,NA,NA,NA,NA,NA,NA,NA,NA,NA,NA,NA,NA,NA,NA,NA,NA,NA,NA,NA,NA,NA,NA,NA,NA,NA,NA,NA,NA,NA,NA,NA,NA,NA,NA,NA,NA,NA,NA,NA,NA,NA,2,CDH13,1012,GWAS,1,95,3
0.389498009701094,ENSG00000171045,TSNARE1,protein_coding,0.640694650166295,NA,NA,GCST90429151/GCST009600/GCST90134330,0.777916133403778/0.767035961151123/0.757970333099365,NA,NA,NA,NA,NA,NA,NA,NA,NA,0.7779161,NA,NA,NA,0.7579703,NA,NA,NA,0.767036,NA,NA,NA,NA,NA,NA,NA,NA,NA,NA,NA,NA,NA,NA,NA,NA,NA,NA,NA,NA,NA,NA,NA,NA,NA,NA,NA,NA,NA,NA,3,TSNARE1,203062,GWAS,1,78,2
0.385302772582792,ENSG00000144229,THSD7B,protein_coding,0.633793803664055,NA,NA,GCST90061435/GCST90061435,0.900547504425049/0.567980706691742,0.5679807,NA,NA,NA,NA,NA,NA,NA,NA,NA,NA,NA,NA,NA,NA,NA,NA,NA,NA,NA,NA,NA,NA,NA,NA,NA,NA,NA,NA,NA,NA,NA,NA,NA,NA,NA,NA,NA,NA,NA,NA,NA,NA,NA,NA,NA,NA,NA,2,THSD7B,80731,GWAS,1,10,0
0.384786927077963,ENSG00000136560,TANK,protein_coding,0.63294527697836,NA,NA,GCST90061435/GCST90134330,0.838149309158325/0.811990439891815,0.8381493,NA,NA,NA,NA,NA,NA,NA,NA,NA,NA,NA,NA,0.8119904,NA,NA,NA,NA,NA,NA,NA,NA,NA,NA,NA,NA,NA,NA,NA,NA,NA,NA,NA,NA,NA,NA,NA,NA,NA,NA,NA,NA,NA,NA,NA,NA,NA,NA,2,TANK,10010,GWAS,1,117,1
0.38472987857058,ENSG00000149294,NCAM1,protein_coding,0.627932910957286,NA,NA,GCST90061435/GCST90624575,0.828562915325165/0.817356169223785,0.8285629,NA,NA,NA,NA,NA,NA,NA,NA,NA,NA,NA,NA,NA,NA,NA,NA,NA,NA,NA,NA,NA,NA,NA,NA,NA,NA,NA,NA,NA,NA,NA,NA,NA,NA,NA,0.8173562,NA,NA,NA,NA,NA,NA,NA,NA,NA,NA,NA,2,NCAM1,4684,GWAS,1,500,8
0.384291659653884,ENSG00000158321,AUTS2,protein_coding,0.62838802480157,NA,NA,GCST90061435/GCST90134330,0.811328768730164/0.666533291339874,0.8113288,NA,NA,NA,NA,NA,NA,NA,NA,NA,NA,NA,NA,0.6665333,NA,NA,NA,NA,NA,NA,NA,NA,NA,NA,NA,NA,NA,NA,NA,NA,NA,NA,NA,NA,NA,NA,NA,NA,NA,NA,NA,NA,NA,NA,NA,NA,NA,NA,2,AUTS2,26053,GWAS,1,78,6
0.384279936307835,ENSG00000184588,PDE4B,protein_coding,0.614006376592511,NA,NA,GCST90624693/GCST90061435,0.812836706638336/0.78862863779068,0.7886286,NA,NA,NA,NA,NA,NA,NA,NA,NA,NA,NA,NA,NA,NA,NA,NA,NA,NA,NA,NA,NA,NA,NA,NA,NA,NA,NA,NA,NA,NA,NA,NA,NA,NA,NA,NA,0.8128367,NA,NA,NA,NA,NA,NA,NA,NA,NA,NA,2,PDE4B,5142,GWAS,1,130,4
0.383430278207966,ENSG00000175161,CADM2,protein_coding,0.626892949109483,NA,NA,GCST90134330/GCST90061435/GCST90429151,0.812894642353058/0.633414149284363/0.539488077163696,0.6334141,NA,NA,NA,NA,NA,NA,NA,NA,0.5394881,NA,NA,NA,0.8128946,NA,NA,NA,NA,NA,NA,NA,NA,NA,NA,NA,NA,NA,NA,NA,NA,NA,NA,NA,NA,NA,NA,NA,NA,NA,NA,NA,NA,NA,NA,NA,NA,NA,NA,3,CADM2,253559,GWAS,1,48,2
0.382661314049074,ENSG00000154975,CA10,protein_coding,0.629448804950228,NA,NA,GCST90061435/GCST90134330,0.901616156101227/0.535117328166962,0.9016162,NA,NA,NA,NA,NA,NA,NA,NA,NA,NA,NA,NA,0.5351173,NA,NA,NA,NA,NA,NA,NA,NA,NA,NA,NA,NA,NA,NA,NA,NA,NA,NA,NA,NA,NA,NA,NA,NA,NA,NA,NA,NA,NA,NA,NA,NA,NA,NA,2,CA10,56934,GWAS,1,74,1
0.381574023806797,ENSG00000154146,NRGN,protein_coding,0.621884952485692,NA,NA,GCST90061435/GCST009600,0.827320098876953/0.782533705234528,0.8273201,NA,NA,NA,NA,NA,NA,NA,NA,NA,NA,NA,NA,NA,NA,NA,NA,0.7825337,NA,NA,NA,NA,NA,NA,NA,NA,NA,NA,NA,NA,NA,NA,NA,NA,NA,NA,NA,NA,NA,NA,NA,NA,NA,NA,NA,NA,NA,NA,2,NRGN,4900,GWAS,1,53,2
0.380612847891008,ENSG00000174891,RSRC1,protein_coding,0.626079233666599,NA,NA,GCST009600/GCST90061435,0.765109241008759/0.748284995555878,0.748285,NA,NA,NA,NA,NA,NA,NA,NA,NA,NA,NA,NA,NA,NA,NA,NA,0.7651092,NA,NA,NA,NA,NA,NA,NA,NA,NA,NA,NA,NA,NA,NA,NA,NA,NA,NA,NA,NA,NA,NA,NA,NA,NA,NA,NA,NA,NA,NA,2,RSRC1,51319,GWAS,1,397,2
0.377273808082059,ENSG00000088970,KIZ,protein_coding,0.618802489833538,NA,NA,GCST009600/GCST012088/GCST90133365/GCST90134330,0.724598944187164/0.708983182907104/0.665143668651581/0.58057177066803,NA,NA,NA,NA,NA,NA,NA,NA,NA,NA,NA,NA,NA,0.5805718,NA,NA,0.7089832,0.7245989,NA,NA,NA,NA,NA,NA,NA,NA,NA,NA,NA,NA,NA,NA,NA,NA,NA,NA,NA,NA,0.6651437,NA,NA,NA,NA,NA,NA,NA,NA,NA,4,KIZ,55857,GWAS,1,25,1
0.377216590100606,ENSG00000090905,TNRC6A,protein_coding,0.619884716692164,NA,NA,GCST90061435/GCST90134330,0.821834921836853/0.791313469409943,0.8218349,NA,NA,NA,NA,NA,NA,NA,NA,NA,NA,NA,NA,0.7913135,NA,NA,NA,NA,NA,NA,NA,NA,NA,NA,NA,NA,NA,NA,NA,NA,NA,NA,NA,NA,NA,NA,NA,NA,NA,NA,NA,NA,NA,NA,NA,NA,NA,NA,2,TNRC6A,27327,GWAS,1,239,6
0.377173641509476,ENSG00000008197,TFAP2D,protein_coding,0.620422000318588,NA,NA,GCST012093/GCST90134330,0.847285091876984/0.646868109703064,NA,NA,NA,NA,NA,NA,NA,NA,NA,NA,NA,NA,NA,0.6468681,NA,NA,NA,NA,NA,0.8472851,NA,NA,NA,NA,NA,NA,NA,NA,NA,NA,NA,NA,NA,NA,NA,NA,NA,NA,NA,NA,NA,NA,NA,NA,NA,NA,NA,NA,2,TFAP2D,83741,GWAS,1,16,1
0.375716787416348,ENSG00000135250,SRPK2,protein_coding,0.618025585958841,NA,NA,GCST009600/GCST90134330/GCST90624553,0.763640224933624/0.729048073291779/0.636326253414154,NA,NA,NA,NA,NA,NA,NA,NA,NA,NA,NA,NA,NA,0.7290481,NA,NA,NA,0.7636402,NA,NA,NA,NA,NA,NA,NA,NA,NA,NA,0.6363263,NA,NA,NA,NA,NA,NA,NA,NA,NA,NA,NA,NA,NA,NA,NA,NA,NA,NA,NA,3,SRPK2,6733,GWAS,1,123,1
0.374397190178669,ENSG00000184486,POU3F2,protein_coding,0.615854948703971,NA,NA,GCST90134330/GCST90061435,0.879255294799805/0.535117328166962,0.5351173,NA,NA,NA,NA,NA,NA,NA,NA,NA,NA,NA,NA,0.8792553,NA,NA,NA,NA,NA,NA,NA,NA,NA,NA,NA,NA,NA,NA,NA,NA,NA,NA,NA,NA,NA,NA,NA,NA,NA,NA,NA,NA,NA,NA,NA,NA,NA,NA,2,POU3F2,5454,GWAS,1,127,5
0.374209131226035,ENSG00000157445,CACNA2D3,protein_coding,0.581402390027774,NA,NA,GCST90061435,0.956362783908844,0.9563628,NA,NA,NA,NA,NA,NA,NA,NA,NA,NA,NA,NA,NA,NA,NA,NA,NA,NA,NA,NA,NA,NA,NA,NA,NA,NA,NA,NA,NA,NA,NA,NA,NA,NA,NA,NA,NA,NA,NA,NA,NA,NA,NA,NA,NA,NA,NA,1,CACNA2D3,55799,GWAS,1,93,4
0.371652899337964,ENSG00000278259,MYO19,protein_coding,0.611340798653526,NA,NA,GCST90624684/GCST90624562,0.768752157688141/0.768752157688141,NA,NA,NA,NA,NA,NA,NA,NA,NA,NA,NA,NA,NA,NA,NA,NA,NA,NA,NA,NA,NA,NA,NA,NA,NA,0.7687522,0.7687522,NA,NA,NA,NA,NA,NA,NA,NA,NA,NA,NA,NA,NA,NA,NA,NA,NA,NA,NA,NA,NA,1,MYO19,80179,GWAS,1,38,2
0.370380186286932,ENSG00000155093,PTPRN2,protein_coding,0.603328400532215,NA,NA,GCST90061435/GCST90275135/GCST90275147/GCST90275136,0.728825926780701/0.624562501907349/0.624562501907349/0.609072327613831,0.7288259,NA,NA,0.6245625,0.6245625,NA,NA,NA,NA,NA,NA,0.6090723,NA,NA,NA,NA,NA,NA,NA,NA,NA,NA,NA,NA,NA,NA,NA,NA,NA,NA,NA,NA,NA,NA,NA,NA,NA,NA,NA,NA,NA,NA,NA,NA,NA,NA,NA,NA,3,PTPRN2,5799,GWAS,1,48,1
0.366528089778099,ENSG00000169851,PCDH7,protein_coding,0.602083414706818,NA,NA,GCST90061435,0.737734138965607,0.7377341,NA,NA,NA,NA,NA,NA,NA,NA,NA,NA,NA,NA,NA,NA,NA,NA,NA,NA,NA,NA,NA,NA,NA,NA,NA,NA,NA,NA,NA,NA,NA,NA,NA,NA,NA,NA,NA,NA,NA,NA,NA,NA,NA,NA,NA,NA,NA,1,PCDH7,5099,GWAS,1,85,1
0.36349882767309,ENSG00000172995,ARPP21,protein_coding,0.597927969928763,NA,NA,GCST90134330,0.578986763954163,NA,NA,NA,NA,NA,NA,NA,NA,NA,NA,NA,NA,NA,0.5789868,NA,NA,NA,NA,NA,NA,NA,NA,NA,NA,NA,NA,NA,NA,NA,NA,NA,NA,NA,NA,NA,NA,NA,NA,NA,NA,NA,NA,NA,NA,NA,NA,NA,NA,1,ARPP21,10777,GWAS,1,43,2
0.363117538667646,ENSG00000151067,CACNA1C,protein_coding,0.591936483476192,NA,NA,GCST90624562/GCST001877/GCST009600,0.727333188056946/0.695686042308807/0.651922821998596,NA,NA,NA,NA,NA,NA,NA,NA,NA,NA,NA,NA,NA,NA,NA,NA,NA,0.6519228,NA,NA,NA,NA,NA,NA,NA,0.7273332,NA,NA,NA,NA,NA,NA,NA,NA,NA,NA,NA,NA,NA,0.695686,NA,NA,NA,NA,NA,NA,NA,NA,3,CACNA1C,775,GWAS,1,337,14
0.361842172112261,ENSG00000155530,LRGUK,protein_coding,0.595202897326194,NA,NA,GCST90061435,0.887487411499023,0.8874874,NA,NA,NA,NA,NA,NA,NA,NA,NA,NA,NA,NA,NA,NA,NA,NA,NA,NA,NA,NA,NA,NA,NA,NA,NA,NA,NA,NA,NA,NA,NA,NA,NA,NA,NA,NA,NA,NA,NA,NA,NA,NA,NA,NA,NA,NA,NA,1,LRGUK,136332,GWAS,1,194,1
0.361463251349997,ENSG00000107105,ELAVL2,protein_coding,0.594579601444898,NA,NA,GCST90061435/GCST90134330,0.844258964061737/0.535117328166962,0.844259,NA,NA,NA,NA,NA,NA,NA,NA,NA,NA,NA,NA,0.5351173,NA,NA,NA,NA,NA,NA,NA,NA,NA,NA,NA,NA,NA,NA,NA,NA,NA,NA,NA,NA,NA,NA,NA,NA,NA,NA,NA,NA,NA,NA,NA,NA,NA,NA,2,ELAVL2,1993,GWAS,1,94,4
0.358042404493081,ENSG00000203760,CENPW,protein_coding,0.588952568120784,NA,NA,GCST90624687,0.879917740821838,NA,NA,NA,NA,NA,NA,NA,NA,NA,NA,NA,NA,NA,NA,NA,NA,NA,NA,NA,NA,NA,NA,0.8799177,NA,NA,NA,NA,NA,NA,NA,NA,NA,NA,NA,NA,NA,NA,NA,NA,NA,NA,NA,NA,NA,NA,NA,NA,NA,1,CENPW,387103,GWAS,1,186,1
0.35757819068622,ENSG00000151320,AKAP6,protein_coding,0.588188971657692,NA,NA,GCST90624553/GCST90134330/GCST90061435/GCST90624667,0.695117950439453/0.693845212459564/0.602323174476624/0.51235431432724,0.6023232,NA,NA,NA,NA,NA,NA,NA,NA,NA,NA,NA,NA,0.6938452,NA,NA,NA,NA,NA,NA,NA,NA,NA,NA,NA,NA,NA,NA,0.695118,NA,NA,NA,NA,NA,NA,NA,NA,NA,NA,NA,0.5123543,NA,NA,NA,NA,NA,NA,NA,4,AKAP6,9472,GWAS,1,76,3
0.356655388186689,ENSG00000117154,IGSF21,protein_coding,0.586671031617221,NA,NA,GCST90061435,0.965029299259186,0.9650293,NA,NA,NA,NA,NA,NA,NA,NA,NA,NA,NA,NA,NA,NA,NA,NA,NA,NA,NA,NA,NA,NA,NA,NA,NA,NA,NA,NA,NA,NA,NA,NA,NA,NA,NA,NA,NA,NA,NA,NA,NA,NA,NA,NA,NA,NA,NA,1,IGSF21,84966,GWAS,1,26,4
0.356253877017234,ENSG00000180828,BHLHE22,protein_coding,0.586010576231454,NA,NA,GCST90429151,0.898832023143768,NA,NA,NA,NA,NA,NA,NA,NA,NA,0.898832,NA,NA,NA,NA,NA,NA,NA,NA,NA,NA,NA,NA,NA,NA,NA,NA,NA,NA,NA,NA,NA,NA,NA,NA,NA,NA,NA,NA,NA,NA,NA,NA,NA,NA,NA,NA,NA,NA,1,BHLHE22,27319,GWAS,1,61,4
0.354155995282274,ENSG00000188641,DPYD,protein_coding,0.553447349570654,NA,NA,GCST009600/GCST001877/GCST90134330,0.674011886119843/0.674011886119843/0.61077606678009,NA,NA,NA,NA,NA,NA,NA,NA,NA,NA,NA,NA,NA,0.6107761,NA,NA,NA,0.6740119,NA,NA,NA,NA,NA,NA,NA,NA,NA,NA,NA,NA,NA,NA,NA,NA,NA,NA,NA,NA,NA,0.6740119,NA,NA,NA,NA,NA,NA,NA,NA,2,DPYD,1806,GWAS,1,150,5
0.354051977203333,ENSG00000002822,MAD1L1,protein_coding,0.578786374954323,NA,NA,GCST90624686/GCST009600/GCST90061435,0.696209192276001/0.693034529685974/0.541767597198486,0.5417676,NA,NA,NA,NA,NA,NA,NA,NA,NA,NA,NA,NA,NA,NA,NA,NA,0.6930345,NA,NA,NA,NA,NA,NA,NA,NA,NA,NA,NA,NA,NA,NA,NA,NA,NA,NA,NA,NA,NA,NA,NA,0.6962092,NA,NA,NA,NA,NA,NA,3,MAD1L1,8379,GWAS,1,124,5
0.353710892172201,ENSG00000162374,ELAVL4,protein_coding,0.581827559258102,NA,NA,GCST90061435/GCST90624560,0.827166140079498/0.519584059715271,0.8271661,NA,NA,NA,NA,NA,NA,NA,NA,NA,NA,NA,NA,NA,NA,NA,NA,NA,NA,NA,NA,NA,NA,NA,NA,NA,NA,NA,NA,NA,NA,NA,NA,NA,NA,NA,NA,NA,NA,NA,NA,NA,0.5195841,NA,NA,NA,NA,NA,2,ELAVL4,1996,GWAS,1,108,5
0.353641474307099,ENSG00000160563,MED27,protein_coding,0.581713372141124,NA,NA,GCST90061435/GCST90134330,0.784080147743225/0.69117671251297,0.7840801,NA,NA,NA,NA,NA,NA,NA,NA,NA,NA,NA,NA,0.6911767,NA,NA,NA,NA,NA,NA,NA,NA,NA,NA,NA,NA,NA,NA,NA,NA,NA,NA,NA,NA,NA,NA,NA,NA,NA,NA,NA,NA,NA,NA,NA,NA,NA,NA,2,MED27,9442,GWAS,1,148,0
0.353240216467417,ENSG00000169696,ASPSCR1,protein_coding,0.581053333463598,NA,NA,GCST90061435,0.955788612365723,0.9557886,NA,NA,NA,NA,NA,NA,NA,NA,NA,NA,NA,NA,NA,NA,NA,NA,NA,NA,NA,NA,NA,NA,NA,NA,NA,NA,NA,NA,NA,NA,NA,NA,NA,NA,NA,NA,NA,NA,NA,NA,NA,NA,NA,NA,NA,NA,NA,1,ASPSCR1,79058,GWAS,1,81,0
0.35305788511654,ENSG00000113319,RASGRF2,protein_coding,0.580753412236392,NA,NA,GCST90061435,0.955295264720917,0.9552953,NA,NA,NA,NA,NA,NA,NA,NA,NA,NA,NA,NA,NA,NA,NA,NA,NA,NA,NA,NA,NA,NA,NA,NA,NA,NA,NA,NA,NA,NA,NA,NA,NA,NA,NA,NA,NA,NA,NA,NA,NA,NA,NA,NA,NA,NA,NA,1,RASGRF2,5924,GWAS,1,107,5
0.351686139259655,ENSG00000144451,SPAG16,protein_coding,0.578496994462733,NA,NA,GCST009600/GCST012093/GCST90134330,0.650843262672424/0.647005200386047/0.631895184516907,NA,NA,NA,NA,NA,NA,NA,NA,NA,NA,NA,NA,NA,0.6318952,NA,NA,NA,0.6508433,NA,0.6470052,NA,NA,NA,NA,NA,NA,NA,NA,NA,NA,NA,NA,NA,NA,NA,NA,NA,NA,NA,NA,NA,NA,NA,NA,NA,NA,NA,NA,3,SPAG16,79582,GWAS,1,10,0
0.349476132549698,ENSG00000053900,ANAPC4,protein_coding,0.574861701237519,NA,NA,GCST90134330,0.945603847503662,NA,NA,NA,NA,NA,NA,NA,NA,NA,NA,NA,NA,NA,0.9456038,NA,NA,NA,NA,NA,NA,NA,NA,NA,NA,NA,NA,NA,NA,NA,NA,NA,NA,NA,NA,NA,NA,NA,NA,NA,NA,NA,NA,NA,NA,NA,NA,NA,NA,1,ANAPC4,29945,GWAS,1,192,4
0.348774597572138,ENSG00000137941,TTLL7,protein_coding,0.554831478203319,NA,NA,GCST90134330,0.912655651569366,NA,NA,NA,NA,NA,NA,NA,NA,NA,NA,NA,NA,NA,0.9126557,NA,NA,NA,NA,NA,NA,NA,NA,NA,NA,NA,NA,NA,NA,NA,NA,NA,NA,NA,NA,NA,NA,NA,NA,NA,NA,NA,NA,NA,NA,NA,NA,NA,NA,1,TTLL7,79739,GWAS,1,25,1
0.348294674807563,ENSG00000145934,TENM2,protein_coding,0.571398465969429,NA,NA,GCST90061435/GCST90061435/GCST009600/GCST90061435,0.702113628387451/0.572542309761047/0.550917446613312/0.535117328166962,0.5351173,NA,NA,NA,NA,NA,NA,NA,NA,NA,NA,NA,NA,NA,NA,NA,NA,0.5509174,NA,NA,NA,NA,NA,NA,NA,NA,NA,NA,NA,NA,NA,NA,NA,NA,NA,NA,NA,NA,NA,NA,NA,NA,NA,NA,NA,NA,NA,NA,4,TENM2,57451,GWAS,1,22,3
0.348087358863486,ENSG00000184903,IMMP2L,protein_coding,0.56951330275763,NA,NA,GCST90624565,0.730458915233612,NA,NA,NA,NA,NA,NA,NA,NA,NA,NA,NA,NA,NA,NA,NA,NA,NA,NA,NA,NA,NA,NA,NA,NA,NA,NA,NA,NA,NA,NA,NA,NA,NA,NA,NA,NA,NA,NA,NA,NA,NA,NA,NA,0.7304589,NA,NA,NA,NA,1,IMMP2L,83943,GWAS,1,66,4
0.346607602424239,ENSG00000133110,POSTN,protein_coding,0.570143186997529,NA,NA,GCST90061435,0.9378422498703,0.9378422,NA,NA,NA,NA,NA,NA,NA,NA,NA,NA,NA,NA,NA,NA,NA,NA,NA,NA,NA,NA,NA,NA,NA,NA,NA,NA,NA,NA,NA,NA,NA,NA,NA,NA,NA,NA,NA,NA,NA,NA,NA,NA,NA,NA,NA,NA,NA,1,POSTN,10631,GWAS,1,270,1
0.346425243537518,ENSG00000197381,ADARB1,protein_coding,0.569843220475948,NA,NA,GCST90061435/GCST90624673,0.7928346991539/0.578056514263153,0.7928347,NA,NA,NA,NA,NA,NA,NA,NA,NA,NA,NA,NA,NA,NA,NA,NA,NA,NA,NA,NA,NA,NA,NA,NA,NA,NA,NA,NA,NA,NA,NA,0.5780565,NA,NA,NA,NA,NA,NA,NA,NA,NA,NA,NA,NA,NA,NA,NA,2,ADARB1,104,GWAS,1,71,0
0.346324798282334,ENSG00000104324,CPQ,protein_coding,0.56967799565829,NA,NA,GCST90429151,0.937077045440674,NA,NA,NA,NA,NA,NA,NA,NA,NA,0.937077,NA,NA,NA,NA,NA,NA,NA,NA,NA,NA,NA,NA,NA,NA,NA,NA,NA,NA,NA,NA,NA,NA,NA,NA,NA,NA,NA,NA,NA,NA,NA,NA,NA,NA,NA,NA,NA,NA,1,CPQ,10404,GWAS,1,12,0
0.346206889794287,ENSG00000118689,FOXO3,protein_coding,0.56948404514861,NA,NA,GCST90134330/GCST90061435,0.762298047542572/0.697839856147766,0.6978399,NA,NA,NA,NA,NA,NA,NA,NA,NA,NA,NA,NA,0.762298,NA,NA,NA,NA,NA,NA,NA,NA,NA,NA,NA,NA,NA,NA,NA,NA,NA,NA,NA,NA,NA,NA,NA,NA,NA,NA,NA,NA,NA,NA,NA,NA,NA,NA,2,FOXO3,2309,GWAS,1,445,5
0.345261077577837,ENSG00000181191,PJA1,protein_coding,0.567928255871005,NA,NA,GCST012088,0.93419885635376,NA,NA,NA,NA,NA,NA,NA,NA,NA,NA,NA,NA,NA,NA,NA,NA,0.9341989,NA,NA,NA,NA,NA,NA,NA,NA,NA,NA,NA,NA,NA,NA,NA,NA,NA,NA,NA,NA,NA,NA,NA,NA,NA,NA,NA,NA,NA,NA,NA,1,PJA1,64219,GWAS,1,26,1
0.344339067345756,ENSG00000153006,SREK1IP1,protein_coding,0.566411619050329,NA,NA,GCST90134330,0.931704103946686,NA,NA,NA,NA,NA,NA,NA,NA,NA,NA,NA,NA,NA,0.9317041,NA,NA,NA,NA,NA,NA,NA,NA,NA,NA,NA,NA,NA,NA,NA,NA,NA,NA,NA,NA,NA,NA,NA,NA,NA,NA,NA,NA,NA,NA,NA,NA,NA,NA,1,SREK1IP1,285672,GWAS,1,23,0
0.343223250486232,ENSG00000172264,MACROD2,protein_coding,0.533284609289568,NA,NA,GCST90061435/GCST90134330,0.734740853309631/0.569887340068817,0.7347409,NA,NA,NA,NA,NA,NA,NA,NA,NA,NA,NA,NA,0.5698873,NA,NA,NA,NA,NA,NA,NA,NA,NA,NA,NA,NA,NA,NA,NA,NA,NA,NA,NA,NA,NA,NA,NA,NA,NA,NA,NA,NA,NA,NA,NA,NA,NA,NA,2,MACROD2,140733,GWAS,1,51,3
0.342160349339521,ENSG00000131374,TBC1D5,protein_coding,0.562827793366888,NA,NA,GCST90061435/GCST90624684/GCST90429151,0.700734794139862/0.623794078826904/0.524731695652008,0.7007348,NA,NA,NA,NA,NA,NA,NA,NA,0.5247317,NA,NA,NA,NA,NA,NA,NA,NA,NA,NA,NA,NA,NA,NA,NA,NA,0.6237941,NA,NA,NA,NA,NA,NA,NA,NA,NA,NA,NA,NA,NA,NA,NA,NA,NA,NA,NA,NA,NA,3,TBC1D5,9779,GWAS,1,96,0
0.341692430548059,ENSG00000158258,CLSTN2,protein_coding,0.519534369687468,NA,NA,GCST90134330,0.854594588279724,NA,NA,NA,NA,NA,NA,NA,NA,NA,NA,NA,NA,NA,0.8545946,NA,NA,NA,NA,NA,NA,NA,NA,NA,NA,NA,NA,NA,NA,NA,NA,NA,NA,NA,NA,NA,NA,NA,NA,NA,NA,NA,NA,NA,NA,NA,NA,NA,NA,1,CLSTN2,64084,GWAS,1,22,0
0.340987184012501,ENSG00000114999,TTL,protein_coding,0.560898025486023,NA,NA,GCST90061435,0.922634661197662,0.9226347,NA,NA,NA,NA,NA,NA,NA,NA,NA,NA,NA,NA,NA,NA,NA,NA,NA,NA,NA,NA,NA,NA,NA,NA,NA,NA,NA,NA,NA,NA,NA,NA,NA,NA,NA,NA,NA,NA,NA,NA,NA,NA,NA,NA,NA,NA,NA,1,TTL,150465,GWAS,1,42,0
0.340963860402859,ENSG00000114988,LMAN2L,protein_coding,0.560251729121584,NA,NA,GCST009600,0.921571552753448,NA,NA,NA,NA,NA,NA,NA,NA,NA,NA,NA,NA,NA,NA,NA,NA,NA,0.9215716,NA,NA,NA,NA,NA,NA,NA,NA,NA,NA,NA,NA,NA,NA,NA,NA,NA,NA,NA,NA,NA,NA,NA,NA,NA,NA,NA,NA,NA,NA,1,LMAN2L,81562,GWAS,1,75,0
0.340488373783191,ENSG00000146555,SDK1,protein_coding,0.514075346785016,NA,NA,GCST90061435,0.845614910125732,0.8456149,NA,NA,NA,NA,NA,NA,NA,NA,NA,NA,NA,NA,NA,NA,NA,NA,NA,NA,NA,NA,NA,NA,NA,NA,NA,NA,NA,NA,NA,NA,NA,NA,NA,NA,NA,NA,NA,NA,NA,NA,NA,NA,NA,NA,NA,NA,NA,1,SDK1,221935,GWAS,1,5,0
0.340363728425633,ENSG00000197912,SPG7,protein_coding,0.559872488386542,NA,NA,GCST90061435,0.920947730541229,0.9209477,NA,NA,NA,NA,NA,NA,NA,NA,NA,NA,NA,NA,NA,NA,NA,NA,NA,NA,NA,NA,NA,NA,NA,NA,NA,NA,NA,NA,NA,NA,NA,NA,NA,NA,NA,NA,NA,NA,NA,NA,NA,NA,NA,NA,NA,NA,NA,1,SPG7,6687,GWAS,1,280,2
0.34012654567163,ENSG00000174963,ZIC4,protein_coding,0.559482340766228,NA,NA,GCST90061435,0.920305967330933,0.920306,NA,NA,NA,NA,NA,NA,NA,NA,NA,NA,NA,NA,NA,NA,NA,NA,NA,NA,NA,NA,NA,NA,NA,NA,NA,NA,NA,NA,NA,NA,NA,NA,NA,NA,NA,NA,NA,NA,NA,NA,NA,NA,NA,NA,NA,NA,NA,1,ZIC4,84107,GWAS,1,39,2
0.338146343932717,ENSG00000163634,THOC7,protein_coding,0.556225059268577,NA,NA,GCST009600,0.914947986602783,NA,NA,NA,NA,NA,NA,NA,NA,NA,NA,NA,NA,NA,NA,NA,NA,NA,0.914948,NA,NA,NA,NA,NA,NA,NA,NA,NA,NA,NA,NA,NA,NA,NA,NA,NA,NA,NA,NA,NA,NA,NA,NA,NA,NA,NA,NA,NA,NA,1,THOC7,80145,GWAS,1,96,0
0.337738268217827,ENSG00000075884,ARHGAP15,protein_coding,0.555553805704037,NA,NA,GCST90061435/GCST90134330,0.731465578079224/0.729512989521027,0.7314656,NA,NA,NA,NA,NA,NA,NA,NA,NA,NA,NA,NA,0.729513,NA,NA,NA,NA,NA,NA,NA,NA,NA,NA,NA,NA,NA,NA,NA,NA,NA,NA,NA,NA,NA,NA,NA,NA,NA,NA,NA,NA,NA,NA,NA,NA,NA,NA,2,ARHGAP15,55843,GWAS,1,56,0
0.337135668279919,ENSG00000182134,TDRKH,protein_coding,0.554562574563461,NA,NA,GCST90061435,0.912213325500488,0.9122133,NA,NA,NA,NA,NA,NA,NA,NA,NA,NA,NA,NA,NA,NA,NA,NA,NA,NA,NA,NA,NA,NA,NA,NA,NA,NA,NA,NA,NA,NA,NA,NA,NA,NA,NA,NA,NA,NA,NA,NA,NA,NA,NA,NA,NA,NA,NA,1,TDRKH,11022,GWAS,1,35,0
0.337095487974978,ENSG00000143032,BARHL2,protein_coding,0.554496481012848,NA,NA,GCST90061435,0.912104606628418,0.9121046,NA,NA,NA,NA,NA,NA,NA,NA,NA,NA,NA,NA,NA,NA,NA,NA,NA,NA,NA,NA,NA,NA,NA,NA,NA,NA,NA,NA,NA,NA,NA,NA,NA,NA,NA,NA,NA,NA,NA,NA,NA,NA,NA,NA,NA,NA,NA,1,BARHL2,343472,GWAS,1,24,2
0.336997031688946,ENSG00000186472,PCLO,protein_coding,0.552814700904387,NA,NA,GCST012088/GCST90624564,0.772059738636017/0.549113869667053,NA,NA,NA,NA,NA,NA,NA,NA,NA,NA,NA,NA,NA,NA,NA,NA,0.7720597,NA,0.5491139,NA,NA,NA,NA,NA,NA,NA,NA,NA,NA,NA,NA,NA,NA,NA,NA,NA,NA,NA,NA,NA,NA,NA,NA,NA,NA,NA,NA,NA,2,PCLO,27445,GWAS,1,58,1
0.336450184699757,ENSG00000182732,RGS6,protein_coding,0.552827075327378,NA,NA,GCST009600,0.909358561038971,NA,NA,NA,NA,NA,NA,NA,NA,NA,NA,NA,NA,NA,NA,NA,NA,NA,0.9093586,NA,NA,NA,NA,NA,NA,NA,NA,NA,NA,NA,NA,NA,NA,NA,NA,NA,NA,NA,NA,NA,NA,NA,NA,NA,NA,NA,NA,NA,NA,1,RGS6,9628,GWAS,1,103,1
0.335150223517283,ENSG00000119866,BCL11A,protein_coding,0.549494998223316,NA,NA,GCST90134330,0.776826679706573,NA,NA,NA,NA,NA,NA,NA,NA,NA,NA,NA,NA,NA,0.7768267,NA,NA,NA,NA,NA,NA,NA,NA,NA,NA,NA,NA,NA,NA,NA,NA,NA,NA,NA,NA,NA,NA,NA,NA,NA,NA,NA,NA,NA,NA,NA,NA,NA,NA,1,BCL11A,53335,GWAS,1,180,7
0.334831102548328,ENSG00000168038,ULK4,protein_coding,0.550771738927818,NA,NA,GCST90480762,0.809284865856171,NA,NA,NA,NA,NA,NA,NA,NA,NA,NA,NA,NA,NA,NA,NA,NA,NA,NA,NA,NA,NA,NA,NA,NA,NA,NA,NA,NA,NA,NA,NA,NA,NA,NA,NA,NA,NA,NA,NA,NA,NA,NA,NA,NA,0.8092849,NA,NA,NA,1,ULK4,54986,GWAS,1,27,0
0.334032167966788,ENSG00000121621,KIF18A,protein_coding,0.549457552206765,NA,NA,GCST90568441/GCST90624573/GCST90429151,0.62206244468689/0.603596866130829/0.592947781085968,NA,NA,NA,NA,NA,0.6220624,NA,NA,NA,0.5929478,NA,NA,NA,NA,NA,NA,NA,NA,NA,NA,0.6035969,NA,NA,NA,NA,NA,NA,NA,NA,NA,NA,NA,NA,NA,NA,NA,NA,NA,NA,NA,NA,NA,NA,NA,NA,NA,NA,NA,3,KIF18A,81930,GWAS,1,256,3
0.333472371842559,ENSG00000197893,NRAP,protein_coding,0.524316767112617,NA,NA,GCST90061435,0.862461268901825,0.8624613,NA,NA,NA,NA,NA,NA,NA,NA,NA,NA,NA,NA,NA,NA,NA,NA,NA,NA,NA,NA,NA,NA,NA,NA,NA,NA,NA,NA,NA,NA,NA,NA,NA,NA,NA,NA,NA,NA,NA,NA,NA,NA,NA,NA,NA,NA,NA,1,NRAP,4892,GWAS,1,70,1
0.332861805510672,ENSG00000187391,MAGI2,protein_coding,0.545708602442871,NA,NA,GCST90061435,0.734740853309631,0.7347409,NA,NA,NA,NA,NA,NA,NA,NA,NA,NA,NA,NA,NA,NA,NA,NA,NA,NA,NA,NA,NA,NA,NA,NA,NA,NA,NA,NA,NA,NA,NA,NA,NA,NA,NA,NA,NA,NA,NA,NA,NA,NA,NA,NA,NA,NA,NA,1,MAGI2,9863,GWAS,1,84,3
0.331528984216992,ENSG00000127152,BCL11B,protein_coding,0.527004136678227,NA,NA,GCST009600,0.866881787776947,NA,NA,NA,NA,NA,NA,NA,NA,NA,NA,NA,NA,NA,NA,NA,NA,NA,0.8668818,NA,NA,NA,NA,NA,NA,NA,NA,NA,NA,NA,NA,NA,NA,NA,NA,NA,NA,NA,NA,NA,NA,NA,NA,NA,NA,NA,NA,NA,NA,1,BCL11B,64919,GWAS,1,198,10
0.331283618340518,ENSG00000165752,STK32C,protein_coding,0.54493639677745,NA,NA,GCST90061435,0.719610333442688,0.7196103,NA,NA,NA,NA,NA,NA,NA,NA,NA,NA,NA,NA,NA,NA,NA,NA,NA,NA,NA,NA,NA,NA,NA,NA,NA,NA,NA,NA,NA,NA,NA,NA,NA,NA,NA,NA,NA,NA,NA,NA,NA,NA,NA,NA,NA,NA,NA,1,STK32C,282974,GWAS,1,8,0
0.330884062216053,ENSG00000144460,NYAP2,protein_coding,0.544279157292241,NA,NA,GCST90061435,0.895297884941101,0.8952979,NA,NA,NA,NA,NA,NA,NA,NA,NA,NA,NA,NA,NA,NA,NA,NA,NA,NA,NA,NA,NA,NA,NA,NA,NA,NA,NA,NA,NA,NA,NA,NA,NA,NA,NA,NA,NA,NA,NA,NA,NA,NA,NA,NA,NA,NA,NA,1,NYAP2,57624,GWAS,1,10,0
0.329913897298335,ENSG00000140443,IGF1R,protein_coding,0.542683309670227,NA,NA,GCST90061435,0.892672836780548,0.8926728,NA,NA,NA,NA,NA,NA,NA,NA,NA,NA,NA,NA,NA,NA,NA,NA,NA,NA,NA,NA,NA,NA,NA,NA,NA,NA,NA,NA,NA,NA,NA,NA,NA,NA,NA,NA,NA,NA,NA,NA,NA,NA,NA,NA,NA,NA,NA,1,IGF1R,3480,GWAS,1,481,5
0.328520400430837,ENSG00000101489,CELF4,protein_coding,0.540391113135731,NA,NA,GCST90624564,0.840897798538208,NA,NA,NA,NA,NA,NA,NA,NA,NA,NA,NA,NA,NA,NA,NA,NA,NA,NA,0.8408978,NA,NA,NA,NA,NA,NA,NA,NA,NA,NA,NA,NA,NA,NA,NA,NA,NA,NA,NA,NA,NA,NA,NA,NA,NA,NA,NA,NA,NA,1,CELF4,56853,GWAS,1,24,2
0.327778915826021,ENSG00000118007,STAG1,protein_coding,0.538563496466424,NA,NA,GCST90134330,0.721292197704315,NA,NA,NA,NA,NA,NA,NA,NA,NA,NA,NA,NA,NA,0.7212922,NA,NA,NA,NA,NA,NA,NA,NA,NA,NA,NA,NA,NA,NA,NA,NA,NA,NA,NA,NA,NA,NA,NA,NA,NA,NA,NA,NA,NA,NA,NA,NA,NA,NA,1,STAG1,10274,GWAS,1,123,1
0.327090890312884,ENSG00000131323,TRAF3,protein_coding,0.536519850544807,NA,NA,GCST90624685/GCST90061435,0.728329062461853/0.61682140827179,0.6168214,NA,NA,NA,NA,NA,NA,NA,NA,NA,NA,NA,NA,NA,NA,NA,NA,NA,NA,NA,NA,NA,NA,NA,NA,NA,NA,NA,NA,NA,NA,NA,NA,NA,NA,NA,NA,NA,NA,NA,NA,NA,NA,NA,NA,0.7283291,NA,NA,2,TRAF3,7187,GWAS,1,334,2
0.326456827037397,ENSG00000221866,PLXNA4,protein_coding,0.536996691597051,NA,NA,GCST90061435,0.883318781852722,0.8833188,NA,NA,NA,NA,NA,NA,NA,NA,NA,NA,NA,NA,NA,NA,NA,NA,NA,NA,NA,NA,NA,NA,NA,NA,NA,NA,NA,NA,NA,NA,NA,NA,NA,NA,NA,NA,NA,NA,NA,NA,NA,NA,NA,NA,NA,NA,NA,1,PLXNA4,91584,GWAS,1,86,4
0.326296918493671,ENSG00000118473,SGIP1,protein_coding,0.50458519706315,NA,NA,GCST90061435,0.830004334449768,0.8300043,NA,NA,NA,NA,NA,NA,NA,NA,NA,NA,NA,NA,NA,NA,NA,NA,NA,NA,NA,NA,NA,NA,NA,NA,NA,NA,NA,NA,NA,NA,NA,NA,NA,NA,NA,NA,NA,NA,NA,NA,NA,NA,NA,NA,NA,NA,NA,1,SGIP1,84251,GWAS,1,104,0
0.325285094443896,ENSG00000198822,GRM3,protein_coding,0.509492280841183,NA,NA,GCST009600,0.838076114654541,NA,NA,NA,NA,NA,NA,NA,NA,NA,NA,NA,NA,NA,NA,NA,NA,NA,0.8380761,NA,NA,NA,NA,NA,NA,NA,NA,NA,NA,NA,NA,NA,NA,NA,NA,NA,NA,NA,NA,NA,NA,NA,NA,NA,NA,NA,NA,NA,NA,1,GRM3,2913,GWAS,1,152,4
0.32521547810434,ENSG00000059691,GATB,protein_coding,0.534954766861647,NA,NA,GCST90134330/GCST90061435,0.729525208473206/0.601739048957825,0.601739,NA,NA,NA,NA,NA,NA,NA,NA,NA,NA,NA,NA,0.7295252,NA,NA,NA,NA,NA,NA,NA,NA,NA,NA,NA,NA,NA,NA,NA,NA,NA,NA,NA,NA,NA,NA,NA,NA,NA,NA,NA,NA,NA,NA,NA,NA,NA,NA,2,GATB,5188,GWAS,1,189,0
0.324901383605033,ENSG00000175595,ERCC4,protein_coding,0.534438105260457,NA,NA,GCST012088/GCST009600/GCST90061435,0.535117328166962/0.535117328166962/0.525361359119415,0.5253614,NA,NA,NA,NA,NA,NA,NA,NA,NA,NA,NA,NA,NA,NA,NA,0.5351173,0.5351173,NA,NA,NA,NA,NA,NA,NA,NA,NA,NA,NA,NA,NA,NA,NA,NA,NA,NA,NA,NA,NA,NA,NA,NA,NA,NA,NA,NA,NA,NA,2,ERCC4,2072,GWAS,1,208,2
0.324870453967201,ENSG00000103489,XYLT1,protein_coding,0.534387228354806,NA,NA,GCST90061435,0.879026412963867,0.8790264,NA,NA,NA,NA,NA,NA,NA,NA,NA,NA,NA,NA,NA,NA,NA,NA,NA,NA,NA,NA,NA,NA,NA,NA,NA,NA,NA,NA,NA,NA,NA,NA,NA,NA,NA,NA,NA,NA,NA,NA,NA,NA,NA,NA,NA,NA,NA,1,XYLT1,64131,GWAS,1,80,0
0.324303373510035,ENSG00000118557,PMFBP1,protein_coding,0.533454424062947,NA,NA,GCST010649/GCST90061435,0.619298696517944/0.591403424739838,0.5914034,NA,NA,NA,NA,NA,NA,NA,NA,NA,NA,NA,NA,NA,0.6192987,NA,NA,NA,NA,NA,NA,NA,NA,NA,NA,NA,NA,NA,NA,NA,NA,NA,NA,NA,NA,NA,NA,NA,NA,NA,NA,NA,NA,NA,NA,NA,NA,NA,2,PMFBP1,83449,GWAS,1,31,1
0.324129409308087,ENSG00000165588,OTX2,protein_coding,0.533168266160384,NA,NA,GCST90061435,0.877021312713623,0.8770213,NA,NA,NA,NA,NA,NA,NA,NA,NA,NA,NA,NA,NA,NA,NA,NA,NA,NA,NA,NA,NA,NA,NA,NA,NA,NA,NA,NA,NA,NA,NA,NA,NA,NA,NA,NA,NA,NA,NA,NA,NA,NA,NA,NA,NA,NA,NA,1,OTX2,5015,GWAS,1,207,6
0.324090926587987,ENSG00000196482,ESRRG,protein_coding,0.533104965007931,NA,NA,GCST90061435,0.856869995594025,0.85687,NA,NA,NA,NA,NA,NA,NA,NA,NA,NA,NA,NA,NA,NA,NA,NA,NA,NA,NA,NA,NA,NA,NA,NA,NA,NA,NA,NA,NA,NA,NA,NA,NA,NA,NA,NA,NA,NA,NA,NA,NA,NA,NA,NA,NA,NA,NA,1,ESRRG,2104,GWAS,1,58,2
0.323701863919994,ENSG00000144847,IGSF11,protein_coding,0.507759354325546,NA,NA,GCST90061435,0.835225582122803,0.8352256,NA,NA,NA,NA,NA,NA,NA,NA,NA,NA,NA,NA,NA,NA,NA,NA,NA,NA,NA,NA,NA,NA,NA,NA,NA,NA,NA,NA,NA,NA,NA,NA,NA,NA,NA,NA,NA,NA,NA,NA,NA,NA,NA,NA,NA,NA,NA,1,IGSF11,152404,GWAS,1,22,1
0.322043447895916,ENSG00000181291,TMEM132E,protein_coding,0.529737018030883,NA,NA,GCST90061435,0.871377170085907,0.8713772,NA,NA,NA,NA,NA,NA,NA,NA,NA,NA,NA,NA,NA,NA,NA,NA,NA,NA,NA,NA,NA,NA,NA,NA,NA,NA,NA,NA,NA,NA,NA,NA,NA,NA,NA,NA,NA,NA,NA,NA,NA,NA,NA,NA,NA,NA,NA,1,TMEM132E,124842,GWAS,1,12,1
0.321971942813767,ENSG00000141570,CBX8,protein_coding,0.529619397600351,NA,NA,GCST90061435,0.871183693408966,0.8711837,NA,NA,NA,NA,NA,NA,NA,NA,NA,NA,NA,NA,NA,NA,NA,NA,NA,NA,NA,NA,NA,NA,NA,NA,NA,NA,NA,NA,NA,NA,NA,NA,NA,NA,NA,NA,NA,NA,NA,NA,NA,NA,NA,NA,NA,NA,NA,1,CBX8,57332,GWAS,1,210,3
0.321965502744718,ENSG00000091831,ESR1,protein_coding,0.505019950583028,NA,NA,GCST90061435,0.830719470977783,0.8307195,NA,NA,NA,NA,NA,NA,NA,NA,NA,NA,NA,NA,NA,NA,NA,NA,NA,NA,NA,NA,NA,NA,NA,NA,NA,NA,NA,NA,NA,NA,NA,NA,NA,NA,NA,NA,NA,NA,NA,NA,NA,NA,NA,NA,NA,NA,NA,1,ESR1,2099,GWAS,1,500,14
0.321505375457049,ENSG00000198369,SPRED2,protein_coding,0.528851929726455,NA,NA,GCST90624672,0.869921267032623,NA,NA,NA,NA,NA,NA,NA,NA,NA,NA,NA,NA,NA,NA,NA,NA,NA,NA,NA,NA,NA,NA,NA,NA,NA,NA,NA,NA,NA,NA,NA,NA,NA,NA,NA,NA,NA,NA,NA,NA,NA,NA,NA,NA,NA,NA,0.8699213,NA,1,SPRED2,200734,GWAS,1,88,1
0.321236649401372,ENSG00000130558,OLFM1,protein_coding,0.525370241782012,NA,NA,GCST90061435,0.86419415473938,0.8641942,NA,NA,NA,NA,NA,NA,NA,NA,NA,NA,NA,NA,NA,NA,NA,NA,NA,NA,NA,NA,NA,NA,NA,NA,NA,NA,NA,NA,NA,NA,NA,NA,NA,NA,NA,NA,NA,NA,NA,NA,NA,NA,NA,NA,NA,NA,NA,1,OLFM1,10439,GWAS,1,29,0
0.32099497103518,ENSG00000138083,SIX3,protein_coding,0.528012353209072,NA,NA,GCST90061435,0.868540227413177,0.8685402,NA,NA,NA,NA,NA,NA,NA,NA,NA,NA,NA,NA,NA,NA,NA,NA,NA,NA,NA,NA,NA,NA,NA,NA,NA,NA,NA,NA,NA,NA,NA,NA,NA,NA,NA,NA,NA,NA,NA,NA,NA,NA,NA,NA,NA,NA,NA,1,SIX3,6496,GWAS,1,115,2
0.320679497309457,ENSG00000157388,CACNA1D,protein_coding,0.525517647792919,NA,NA,GCST90061435,0.864436626434326,0.8644366,NA,NA,NA,NA,NA,NA,NA,NA,NA,NA,NA,NA,NA,NA,NA,NA,NA,NA,NA,NA,NA,NA,NA,NA,NA,NA,NA,NA,NA,NA,NA,NA,NA,NA,NA,NA,NA,NA,NA,NA,NA,NA,NA,NA,NA,NA,NA,1,CACNA1D,776,GWAS,1,225,12
0.320300348374167,ENSG00000204120,GIGYF2,protein_coding,0.525197941983127,NA,NA,GCST90624553,0.863910734653473,NA,NA,NA,NA,NA,NA,NA,NA,NA,NA,NA,NA,NA,NA,NA,NA,NA,NA,NA,NA,NA,NA,NA,NA,NA,NA,NA,NA,0.8639107,NA,NA,NA,NA,NA,NA,NA,NA,NA,NA,NA,NA,NA,NA,NA,NA,NA,NA,NA,1,GIGYF2,26058,GWAS,1,106,1
0.318831909257168,ENSG00000141200,KIF2B,protein_coding,0.524454280832232,NA,NA,GCST90061435,0.862687468528748,0.8626875,NA,NA,NA,NA,NA,NA,NA,NA,NA,NA,NA,NA,NA,NA,NA,NA,NA,NA,NA,NA,NA,NA,NA,NA,NA,NA,NA,NA,NA,NA,NA,NA,NA,NA,NA,NA,NA,NA,NA,NA,NA,NA,NA,NA,NA,NA,NA,1,KIF2B,84643,GWAS,1,116,1
0.317694326402195,ENSG00000184465,WDR27,protein_coding,0.522583043415996,NA,NA,GCST90061435,0.859609425067902,0.8596094,NA,NA,NA,NA,NA,NA,NA,NA,NA,NA,NA,NA,NA,NA,NA,NA,NA,NA,NA,NA,NA,NA,NA,NA,NA,NA,NA,NA,NA,NA,NA,NA,NA,NA,NA,NA,NA,NA,NA,NA,NA,NA,NA,NA,NA,NA,NA,1,WDR27,253769,GWAS,1,32,1
0.317071289360171,ENSG00000085382,HACE1,protein_coding,0.521558194791001,NA,NA,GCST90061435,0.857923626899719,0.8579236,NA,NA,NA,NA,NA,NA,NA,NA,NA,NA,NA,NA,NA,NA,NA,NA,NA,NA,NA,NA,NA,NA,NA,NA,NA,NA,NA,NA,NA,NA,NA,NA,NA,NA,NA,NA,NA,NA,NA,NA,NA,NA,NA,NA,NA,NA,NA,1,HACE1,57531,GWAS,1,15,0
0.316858953728829,ENSG00000148842,CNNM2,protein_coding,0.521208918800747,NA,NA,GCST001877/GCST012088,0.676151752471924/0.647039353847504,NA,NA,NA,NA,NA,NA,NA,NA,NA,NA,NA,NA,NA,NA,NA,NA,0.6470394,NA,NA,NA,NA,NA,NA,NA,NA,NA,NA,NA,NA,NA,NA,NA,NA,NA,NA,NA,NA,NA,NA,0.6761518,NA,NA,NA,NA,NA,NA,NA,NA,2,CNNM2,54805,GWAS,1,59,1
0.316588332668541,ENSG00000077522,ACTN2,protein_coding,0.520763767705671,NA,NA,GCST90061435,0.856616854667664,0.8566169,NA,NA,NA,NA,NA,NA,NA,NA,NA,NA,NA,NA,NA,NA,NA,NA,NA,NA,NA,NA,NA,NA,NA,NA,NA,NA,NA,NA,NA,NA,NA,NA,NA,NA,NA,NA,NA,NA,NA,NA,NA,NA,NA,NA,NA,NA,NA,1,ACTN2,88,GWAS,1,256,7
0.316097687969004,ENSG00000090615,GOLGA3,protein_coding,0.519956694431106,NA,NA,GCST90061435,0.855289280414581,0.8552893,NA,NA,NA,NA,NA,NA,NA,NA,NA,NA,NA,NA,NA,NA,NA,NA,NA,NA,NA,NA,NA,NA,NA,NA,NA,NA,NA,NA,NA,NA,NA,NA,NA,NA,NA,NA,NA,NA,NA,NA,NA,NA,NA,NA,NA,NA,NA,1,GOLGA3,2802,GWAS,1,57,0
0.316035457008427,ENSG00000154928,EPHB1,protein_coding,0.507045080164534,NA,NA,GCST90061435,0.83405065536499,0.8340507,NA,NA,NA,NA,NA,NA,NA,NA,NA,NA,NA,NA,NA,NA,NA,NA,NA,NA,NA,NA,NA,NA,NA,NA,NA,NA,NA,NA,NA,NA,NA,NA,NA,NA,NA,NA,NA,NA,NA,NA,NA,NA,NA,NA,NA,NA,NA,1,EPHB1,2047,GWAS,1,98,4
0.315618313964019,ENSG00000140564,FURIN,protein_coding,0.517496350899828,NA,NA,GCST90061435/GCST009600,0.649941027164459/0.63638699054718,0.649941,NA,NA,NA,NA,NA,NA,NA,NA,NA,NA,NA,NA,NA,NA,NA,NA,0.636387,NA,NA,NA,NA,NA,NA,NA,NA,NA,NA,NA,NA,NA,NA,NA,NA,NA,NA,NA,NA,NA,NA,NA,NA,NA,NA,NA,NA,NA,NA,2,FURIN,5045,GWAS,1,302,1
0.315387130997412,ENSG00000205189,ZBTB10,protein_coding,0.518787882167631,NA,NA,GCST90429151,0.853366672992706,NA,NA,NA,NA,NA,NA,NA,NA,NA,0.8533667,NA,NA,NA,NA,NA,NA,NA,NA,NA,NA,NA,NA,NA,NA,NA,NA,NA,NA,NA,NA,NA,NA,NA,NA,NA,NA,NA,NA,NA,NA,NA,NA,NA,NA,NA,NA,NA,NA,1,ZBTB10,65986,GWAS,1,13,0
0.315374738594419,ENSG00000117569,PTBP2,protein_coding,0.518767497605702,NA,NA,GCST90448552/GCST009600/GCST90134330/GCST90624562/GCST90061435,0.575142621994019/0.575142621994019/0.575142621994019/0.511808276176453/0.506929814815521,0.5069298,NA,NA,NA,NA,NA,NA,NA,NA,NA,NA,NA,NA,0.5751426,NA,NA,NA,0.5751426,NA,NA,NA,NA,NA,NA,NA,0.5118083,NA,NA,NA,NA,NA,NA,NA,NA,0.5751426,NA,NA,NA,NA,NA,NA,NA,NA,NA,NA,NA,NA,NA,3,PTBP2,58155,GWAS,1,97,4
0.31423630890819,ENSG00000206538,VGLL3,protein_coding,0.516894867216353,NA,NA,GCST90568441,0.85025280714035,NA,NA,NA,NA,NA,0.8502528,NA,NA,NA,NA,NA,NA,NA,NA,NA,NA,NA,NA,NA,NA,NA,NA,NA,NA,NA,NA,NA,NA,NA,NA,NA,NA,NA,NA,NA,NA,NA,NA,NA,NA,NA,NA,NA,NA,NA,NA,NA,NA,1,VGLL3,389136,GWAS,1,24,0
0.314185000244845,ENSG00000183166,CALN1,protein_coding,0.515898572164759,NA,NA,GCST90134330,0.848613977432251,NA,NA,NA,NA,NA,NA,NA,NA,NA,NA,NA,NA,NA,0.848614,NA,NA,NA,NA,NA,NA,NA,NA,NA,NA,NA,NA,NA,NA,NA,NA,NA,NA,NA,NA,NA,NA,NA,NA,NA,NA,NA,NA,NA,NA,NA,NA,NA,NA,1,CALN1,83698,GWAS,1,16,2
0.313522243944873,ENSG00000077782,FGFR1,protein_coding,0.512380554357797,NA,NA,GCST90061435,0.813441157341003,0.8134412,NA,NA,NA,NA,NA,NA,NA,NA,NA,NA,NA,NA,NA,NA,NA,NA,NA,NA,NA,NA,NA,NA,NA,NA,NA,NA,NA,NA,NA,NA,NA,NA,NA,NA,NA,NA,NA,NA,NA,NA,NA,NA,NA,NA,NA,NA,NA,1,FGFR1,2260,GWAS,1,378,8
0.31288398968537,ENSG00000140538,NTRK3,protein_coding,0.512627081821968,NA,NA,GCST90134330,0.738300204277039,NA,NA,NA,NA,NA,NA,NA,NA,NA,NA,NA,NA,NA,0.7383002,NA,NA,NA,NA,NA,NA,NA,NA,NA,NA,NA,NA,NA,NA,NA,NA,NA,NA,NA,NA,NA,NA,NA,NA,NA,NA,NA,NA,NA,NA,NA,NA,NA,NA,1,NTRK3,4916,GWAS,1,150,3
0.312874936734195,ENSG00000173068,BNC2,protein_coding,0.514655513363342,NA,NA,GCST90061435,0.846569240093231,0.8465692,NA,NA,NA,NA,NA,NA,NA,NA,NA,NA,NA,NA,NA,NA,NA,NA,NA,NA,NA,NA,NA,NA,NA,NA,NA,NA,NA,NA,NA,NA,NA,NA,NA,NA,NA,NA,NA,NA,NA,NA,NA,NA,NA,NA,NA,NA,NA,1,BNC2,54796,GWAS,1,35,0
0.312764044379439,ENSG00000170142,UBE2E1,protein_coding,0.51447310386017,NA,NA,GCST90061435,0.846269190311432,0.8462692,NA,NA,NA,NA,NA,NA,NA,NA,NA,NA,NA,NA,NA,NA,NA,NA,NA,NA,NA,NA,NA,NA,NA,NA,NA,NA,NA,NA,NA,NA,NA,NA,NA,NA,NA,NA,NA,NA,NA,NA,NA,NA,NA,NA,NA,NA,NA,1,UBE2E1,7324,GWAS,1,262,1
0.312722498296589,ENSG00000054965,FAM168A,protein_coding,0.514404763708604,NA,NA,GCST90061435,0.846156775951385,0.8461568,NA,NA,NA,NA,NA,NA,NA,NA,NA,NA,NA,NA,NA,NA,NA,NA,NA,NA,NA,NA,NA,NA,NA,NA,NA,NA,NA,NA,NA,NA,NA,NA,NA,NA,NA,NA,NA,NA,NA,NA,NA,NA,NA,NA,NA,NA,NA,1,FAM168A,23201,GWAS,1,21,1
0.312573895668269,ENSG00000158445,KCNB1,protein_coding,0.513096444773056,NA,NA,GCST009600,0.844004690647125,NA,NA,NA,NA,NA,NA,NA,NA,NA,NA,NA,NA,NA,NA,NA,NA,NA,0.8440047,NA,NA,NA,NA,NA,NA,NA,NA,NA,NA,NA,NA,NA,NA,NA,NA,NA,NA,NA,NA,NA,NA,NA,NA,NA,NA,NA,NA,NA,NA,1,KCNB1,3745,GWAS,1,248,6
0.312445862183951,ENSG00000165071,TMEM71,protein_coding,0.513949718309152,NA,NA,GCST90061435,0.845408260822296,0.8454083,NA,NA,NA,NA,NA,NA,NA,NA,NA,NA,NA,NA,NA,NA,NA,NA,NA,NA,NA,NA,NA,NA,NA,NA,NA,NA,NA,NA,NA,NA,NA,NA,NA,NA,NA,NA,NA,NA,NA,NA,NA,NA,NA,NA,NA,NA,NA,1,TMEM71,137835,GWAS,1,7,0
0.312246361342789,ENSG00000067715,SYT1,protein_coding,0.506178798084211,NA,NA,GCST90134330,0.832625687122345,NA,NA,NA,NA,NA,NA,NA,NA,NA,NA,NA,NA,NA,0.8326257,NA,NA,NA,NA,NA,NA,NA,NA,NA,NA,NA,NA,NA,NA,NA,NA,NA,NA,NA,NA,NA,NA,NA,NA,NA,NA,NA,NA,NA,NA,NA,NA,NA,NA,1,SYT1,6857,GWAS,1,251,7
0.31166864643892,ENSG00000182463,TSHZ2,protein_coding,0.512671257424978,NA,NA,GCST90061435,0.843305289745331,0.8433053,NA,NA,NA,NA,NA,NA,NA,NA,NA,NA,NA,NA,NA,NA,NA,NA,NA,NA,NA,NA,NA,NA,NA,NA,NA,NA,NA,NA,NA,NA,NA,NA,NA,NA,NA,NA,NA,NA,NA,NA,NA,NA,NA,NA,NA,NA,NA,1,TSHZ2,128553,GWAS,1,7,0
0.311445892467667,ENSG00000288701,PRRC2B,protein_coding,0.512304844056667,NA,NA,GCST90061435,0.842702567577362,0.8427026,NA,NA,NA,NA,NA,NA,NA,NA,NA,NA,NA,NA,NA,NA,NA,NA,NA,NA,NA,NA,NA,NA,NA,NA,NA,NA,NA,NA,NA,NA,NA,NA,NA,NA,NA,NA,NA,NA,NA,NA,NA,NA,NA,NA,NA,NA,NA,1,PRRC2B,84726,GWAS,1,31,1
0.310940801345228,ENSG00000154822,PLCL2,protein_coding,0.511474007513391,NA,NA,GCST90134330/GCST90061435,0.689086675643921/0.536041557788849,0.5360416,NA,NA,NA,NA,NA,NA,NA,NA,NA,NA,NA,NA,0.6890867,NA,NA,NA,NA,NA,NA,NA,NA,NA,NA,NA,NA,NA,NA,NA,NA,NA,NA,NA,NA,NA,NA,NA,NA,NA,NA,NA,NA,NA,NA,NA,NA,NA,NA,2,PLCL2,23228,GWAS,1,7,0
0.310168537663762,ENSG00000175806,MSRA,protein_coding,0.510203692397756,NA,NA,GCST90624675,0.839246332645416,NA,NA,NA,NA,NA,NA,NA,NA,NA,NA,NA,NA,NA,NA,NA,NA,NA,NA,NA,NA,NA,NA,NA,NA,NA,NA,NA,NA,NA,NA,NA,NA,NA,NA,NA,NA,NA,NA,NA,NA,NA,NA,NA,NA,NA,NA,NA,0.8392463,1,MSRA,4482,GWAS,1,116,3
0.310051057305479,ENSG00000021645,NRXN3,protein_coding,0.508043114520092,NA,NA,GCST90061435,0.835692346096039,0.8356923,NA,NA,NA,NA,NA,NA,NA,NA,NA,NA,NA,NA,NA,NA,NA,NA,NA,NA,NA,NA,NA,NA,NA,NA,NA,NA,NA,NA,NA,NA,NA,NA,NA,NA,NA,NA,NA,NA,NA,NA,NA,NA,NA,NA,NA,NA,NA,1,NRXN3,9369,GWAS,1,130,8
0.309473150695808,ENSG00000187398,LUZP2,protein_coding,0.507236041245527,NA,NA,GCST90061435,0.834364771842957,0.8343648,NA,NA,NA,NA,NA,NA,NA,NA,NA,NA,NA,NA,NA,NA,NA,NA,NA,NA,NA,NA,NA,NA,NA,NA,NA,NA,NA,NA,NA,NA,NA,NA,NA,NA,NA,NA,NA,NA,NA,NA,NA,NA,NA,NA,NA,NA,NA,1,LUZP2,338645,GWAS,1,6,0
0.309359127449397,ENSG00000189079,ARID2,protein_coding,0.508112360559139,NA,NA,GCST90061435,0.835806250572205,0.8358063,NA,NA,NA,NA,NA,NA,NA,NA,NA,NA,NA,NA,NA,NA,NA,NA,NA,NA,NA,NA,NA,NA,NA,NA,NA,NA,NA,NA,NA,NA,NA,NA,NA,NA,NA,NA,NA,NA,NA,NA,NA,NA,NA,NA,NA,NA,NA,1,ARID2,196528,GWAS,1,156,5
0.309293051995297,ENSG00000221900,POM121L12,protein_coding,0.508763584951474,NA,NA,GCST90061435,0.836877465248108,0.8368775,NA,NA,NA,NA,NA,NA,NA,NA,NA,NA,NA,NA,NA,NA,NA,NA,NA,NA,NA,NA,NA,NA,NA,NA,NA,NA,NA,NA,NA,NA,NA,NA,NA,NA,NA,NA,NA,NA,NA,NA,NA,NA,NA,NA,NA,NA,NA,1,POM121L12,285877,GWAS,1,4,0
0.308746674745595,ENSG00000114455,HHLA2,protein_coding,0.507864835863833,NA,NA,GCST90061435,0.835399091243744,0.8353991,NA,NA,NA,NA,NA,NA,NA,NA,NA,NA,NA,NA,NA,NA,NA,NA,NA,NA,NA,NA,NA,NA,NA,NA,NA,NA,NA,NA,NA,NA,NA,NA,NA,NA,NA,NA,NA,NA,NA,NA,NA,NA,NA,NA,NA,NA,NA,1,HHLA2,11148,GWAS,1,43,0
0.308585821353774,ENSG00000196569,LAMA2,protein_coding,0.507600244248385,NA,NA,GCST90061435,0.834963858127594,0.8349639,NA,NA,NA,NA,NA,NA,NA,NA,NA,NA,NA,NA,NA,NA,NA,NA,NA,NA,NA,NA,NA,NA,NA,NA,NA,NA,NA,NA,NA,NA,NA,NA,NA,NA,NA,NA,NA,NA,NA,NA,NA,NA,NA,NA,NA,NA,NA,1,LAMA2,3908,GWAS,1,147,1
0.308335487480226,ENSG00000030419,IKZF2,protein_coding,0.507188464035025,NA,NA,GCST90061435,0.834286510944366,0.8342865,NA,NA,NA,NA,NA,NA,NA,NA,NA,NA,NA,NA,NA,NA,NA,NA,NA,NA,NA,NA,NA,NA,NA,NA,NA,NA,NA,NA,NA,NA,NA,NA,NA,NA,NA,NA,NA,NA,NA,NA,NA,NA,NA,NA,NA,NA,NA,1,IKZF2,22807,GWAS,1,52,1
0.307413632330024,ENSG00000185008,ROBO2,protein_coding,0.504152255318235,NA,NA,GCST90061435,0.829292178153992,0.8292922,NA,NA,NA,NA,NA,NA,NA,NA,NA,NA,NA,NA,NA,NA,NA,NA,NA,NA,NA,NA,NA,NA,NA,NA,NA,NA,NA,NA,NA,NA,NA,NA,NA,NA,NA,NA,NA,NA,NA,NA,NA,NA,NA,NA,NA,NA,NA,1,ROBO2,6092,GWAS,1,98,7
0.306823218875941,ENSG00000107679,PLEKHA1,protein_coding,0.504700897012222,NA,NA,GCST90624674,0.830194652080536,NA,NA,NA,NA,NA,NA,NA,NA,NA,NA,NA,NA,NA,NA,NA,NA,NA,NA,NA,NA,NA,NA,NA,NA,NA,NA,NA,NA,NA,NA,NA,0.8301947,NA,NA,NA,NA,NA,NA,NA,NA,NA,NA,NA,NA,NA,NA,NA,NA,1,PLEKHA1,59338,GWAS,1,20,0
0.306583480795527,ENSG00000108256,NUFIP2,protein_coding,0.504306546073997,NA,NA,GCST90061435,0.829545974731445,0.829546,NA,NA,NA,NA,NA,NA,NA,NA,NA,NA,NA,NA,NA,NA,NA,NA,NA,NA,NA,NA,NA,NA,NA,NA,NA,NA,NA,NA,NA,NA,NA,NA,NA,NA,NA,NA,NA,NA,NA,NA,NA,NA,NA,NA,NA,NA,NA,1,NUFIP2,57532,GWAS,1,108,0
0.306190224872385,ENSG00000122965,RBM19,protein_coding,0.503659669941571,NA,NA,GCST90061435,0.828481912612915,0.8284819,NA,NA,NA,NA,NA,NA,NA,NA,NA,NA,NA,NA,NA,NA,NA,NA,NA,NA,NA,NA,NA,NA,NA,NA,NA,NA,NA,NA,NA,NA,NA,NA,NA,NA,NA,NA,NA,NA,NA,NA,NA,NA,NA,NA,NA,NA,NA,1,RBM19,9904,GWAS,1,185,0
0.305674599654315,ENSG00000101445,PPP1R16B,protein_coding,0.502811505610868,NA,NA,GCST009600,0.827086746692657,NA,NA,NA,NA,NA,NA,NA,NA,NA,NA,NA,NA,NA,NA,NA,NA,NA,0.8270867,NA,NA,NA,NA,NA,NA,NA,NA,NA,NA,NA,NA,NA,NA,NA,NA,NA,NA,NA,NA,NA,NA,NA,NA,NA,NA,NA,NA,NA,NA,1,PPP1R16B,26051,GWAS,1,35,0
0.305647592497595,ENSG00000135048,CEMIP2,protein_coding,0.5027670808888,NA,NA,GCST90061435,0.827013671398163,0.8270137,NA,NA,NA,NA,NA,NA,NA,NA,NA,NA,NA,NA,NA,NA,NA,NA,NA,NA,NA,NA,NA,NA,NA,NA,NA,NA,NA,NA,NA,NA,NA,NA,NA,NA,NA,NA,NA,NA,NA,NA,NA,NA,NA,NA,NA,NA,NA,1,CEMIP2,23670,GWAS,1,14,0
0.305539671174841,ENSG00000162989,KCNJ3,protein_coding,0.501154166346644,NA,NA,GCST90061435,0.824360549449921,0.8243605,NA,NA,NA,NA,NA,NA,NA,NA,NA,NA,NA,NA,NA,NA,NA,NA,NA,NA,NA,NA,NA,NA,NA,NA,NA,NA,NA,NA,NA,NA,NA,NA,NA,NA,NA,NA,NA,NA,NA,NA,NA,NA,NA,NA,NA,NA,NA,1,KCNJ3,3760,GWAS,1,106,5
0.305054055294654,ENSG00000144218,AFF3,protein_coding,0.501790757259084,NA,NA,GCST90061435,0.805960476398468,0.8059605,NA,NA,NA,NA,NA,NA,NA,NA,NA,NA,NA,NA,NA,NA,NA,NA,NA,NA,NA,NA,NA,NA,NA,NA,NA,NA,NA,NA,NA,NA,NA,NA,NA,NA,NA,NA,NA,NA,NA,NA,NA,NA,NA,NA,NA,NA,NA,1,AFF3,3899,GWAS,1,92,1
