score,target.id,target.approvedSymbol,target.biotype,gwas_credible_sets,clingen,geneburden,GWAS.id,L2G,GCST90473715,FINNGEN_R12_CARDIAC_ARRHYTM,GCST90476027,GCST90480250,FINNGEN_R12_COPD_EARLY,GCST90476028,FINNGEN_R12_J10_COPD,GCST90399694,FINNGEN_R12_COPD_OPPORTUNIST_INFECTIONS,GCST90399697,GCST90473705,GCST90399695,FINNGEN_R12_J10_EMPHYSEMA,FINNGEN_R12_COPD_INSUFFICIENCY,GCST90436221,GCST90044073,GCST90018807,GCST90016588,GCST90016585,GCST90013709,GCST90016590,GCST007692,GCST90103984,GCST90103985,GCST000603,GCST001321,GCST007611,GCST004147,GCST002350,GCST002351,GCST002624,GCST002795,GCST002625,GCST90162551,GCST90436220,GCST90399696,FINNGEN_R12_COPD_LATER,GCST90473707,GCST90480252,GCST90476026,GCST90480254,GCST90480251,GCST90016594,GCST90016586,GCST90016591,GCST90016589,GCST90399693,GCST90018587,GCST90668057,GCST90016592,GCST90668059,GCST90476029,GCST90476030,GCST011766,GCST007656,GCST90042701,GCST90042687,GCST90468119,GCST002798,GCST90570623,GCST90018824,GCST90570618,GCST90570622,GCST001737_3,GCST90570624,GCST90570621,GCST90570619,GCST90468127,GCST90102597,GCST90480253,GCST001737_4,GWAS.count,name,NCBI.id,list.name,list.count,N.PPI,degree
0.757890298502226,ENSG00000001626,CFTR,protein_coding,0.547107881540385,NA,NA,GCST90473715,0.899950921535492,0.8999509,NA,NA,NA,NA,NA,NA,NA,NA,NA,NA,NA,NA,NA,NA,NA,NA,NA,NA,NA,NA,NA,NA,NA,NA,NA,NA,NA,NA,NA,NA,NA,NA,NA,NA,NA,NA,NA,NA,NA,NA,NA,NA,NA,NA,NA,NA,NA,NA,NA,NA,NA,NA,NA,NA,NA,NA,NA,NA,NA,NA,NA,NA,NA,NA,NA,NA,NA,NA,NA,NA,1,CFTR,1080,GWAS,1,436,4
0.70679447310011,ENSG00000113580,NR3C1,protein_coding,0.580442203651172,NA,NA,FINNGEN_R12_CARDIAC_ARRHYTM,0.860070824623108,NA,0.8600708,NA,NA,NA,NA,NA,NA,NA,NA,NA,NA,NA,NA,NA,NA,NA,NA,NA,NA,NA,NA,NA,NA,NA,NA,NA,NA,NA,NA,NA,NA,NA,NA,NA,NA,NA,NA,NA,NA,NA,NA,NA,NA,NA,NA,NA,NA,NA,NA,NA,NA,NA,NA,NA,NA,NA,NA,NA,NA,NA,NA,NA,NA,NA,NA,NA,NA,NA,NA,NA,1,NR3C1,2908,GWAS,1,403,6
0.692355998126338,ENSG00000197249,SERPINA1,protein_coding,0.934404769064558,NA,NA,GCST90476027/GCST90480250/FINNGEN_R12_COPD_EARLY/GCST90476028/FINNGEN_R12_J10_COPD/GCST90399694/FINNGEN_R12_COPD_OPPORTUNIST_INFECTIONS/GCST90399697/GCST90473705/GCST90399695/FINNGEN_R12_J10_EMPHYSEMA/FINNGEN_R12_COPD_INSUFFICIENCY/GCST90436221/GCST90044073,0.97440230846405/0.969550848007202/0.967194199562073/0.967049181461334/0.966491401195526/0.966491401195526/0.965179681777954/0.965176403522491/0.965176403522491/0.965176403522491/0.965176403522491/0.965176403522491/0.961359560489655/0.961359560489655,NA,NA,0.9744023,0.9695508,0.9671942,0.9670492,0.9664914,0.9664914,0.9651797,0.9651764,0.9651764,0.9651764,0.9651764,0.9651764,0.9613596,0.9613596,NA,NA,NA,NA,NA,NA,NA,NA,NA,NA,NA,NA,NA,NA,NA,NA,NA,NA,NA,NA,NA,NA,NA,NA,NA,NA,NA,NA,NA,NA,NA,NA,NA,NA,NA,NA,NA,NA,NA,NA,NA,NA,NA,NA,NA,NA,NA,NA,NA,NA,NA,NA,NA,NA,NA,8,SERPINA1,5265,GWAS,1,332,8
0.663406515841746,ENSG00000138640,FAM13A,protein_coding,0.885484501139444,NA,NA,GCST90018807/GCST90399695/GCST90399697/FINNGEN_R12_J10_COPD/GCST90016588/GCST90016585/GCST90013709/GCST90016590/GCST007692/GCST90103984/GCST90103985/GCST000603/GCST001321/GCST007611/GCST004147/GCST002350/GCST002351/GCST002624/GCST002795/GCST002625/GCST90162551/GCST002625,0.91692042350769/0.91692042350769/0.911933660507202/0.900722503662109/0.855935871601105/0.853764355182648/0.850772321224213/0.849343419075012/0.830931901931763/0.830931901931763/0.830509126186371/0.828459024429321/0.816700756549835/0.814319312572479/0.814319312572479/0.79947817325592/0.79947817325592/0.767493426799774/0.767493426799774/0.737918615341187/0.737918615341187/0.737918615341187,NA,NA,NA,NA,NA,NA,0.9007225,NA,NA,0.9119337,NA,0.9169204,NA,NA,NA,NA,0.9169204,0.8559359,0.8537644,0.8507723,0.8493434,0.8309319,0.8309319,0.8305091,0.828459,0.8167008,0.8143193,0.8143193,0.7994782,0.7994782,0.7674934,0.7674934,0.7379186,0.7379186,NA,NA,NA,NA,NA,NA,NA,NA,NA,NA,NA,NA,NA,NA,NA,NA,NA,NA,NA,NA,NA,NA,NA,NA,NA,NA,NA,NA,NA,NA,NA,NA,NA,NA,NA,NA,NA,15,FAM13A,10144,GWAS,1,60,13
0.597989476518862,ENSG00000101204,CHRNA4,protein_coding,0.861714855205228,NA,NA,FINNGEN_R12_COPD_EARLY/GCST90018807/GCST90476027/GCST90436220/GCST90399695/GCST90399696/FINNGEN_R12_J10_COPD/FINNGEN_R12_COPD_LATER/GCST90473707/GCST90480252/GCST90476026/GCST90480254/GCST90480251/GCST90399694/GCST90476027/GCST90476028/GCST90480250,0.908086597919464/0.906396508216858/0.906396508216858/0.820084929466248/0.769941508769989/0.769813120365143/0.765565395355225/0.765565395355225/0.765565395355225/0.765511989593506/0.765399277210236/0.762690782546997/0.761843740940094/0.757309913635254/0.687453031539917/0.678594768047333/0.653982758522034,NA,NA,0.687453,0.6539828,0.9080866,0.6785948,0.7655654,0.7573099,NA,NA,NA,0.7699415,NA,NA,NA,NA,0.9063965,NA,NA,NA,NA,NA,NA,NA,NA,NA,NA,NA,NA,NA,NA,NA,NA,NA,0.8200849,0.7698131,0.7655654,0.7655654,0.765512,0.7653993,0.7626908,0.7618437,NA,NA,NA,NA,NA,NA,NA,NA,NA,NA,NA,NA,NA,NA,NA,NA,NA,NA,NA,NA,NA,NA,NA,NA,NA,NA,NA,NA,NA,14,CHRNA4,1137,GWAS,1,109,6
0.557536490565803,ENSG00000168743,NPNT,protein_coding,0.906244208410765,NA,NA,GCST90399695/GCST90103984/GCST90016594/GCST90016586/GCST90016585/GCST90016591/GCST90016588/GCST007692/GCST90103985/GCST90399694/GCST90016590/GCST90016589/GCST90476027,0.950525045394897/0.947579324245453/0.947579324245453/0.947579324245453/0.947579324245453/0.947579324245453/0.947579324245453/0.947579324245453/0.947579324245453/0.947579324245453/0.947579324245453/0.947579324245453/0.814188301563263,NA,NA,0.8141883,NA,NA,NA,NA,0.9475793,NA,NA,NA,0.950525,NA,NA,NA,NA,NA,0.9475793,0.9475793,NA,0.9475793,0.9475793,0.9475793,0.9475793,NA,NA,NA,NA,NA,NA,NA,NA,NA,NA,NA,NA,NA,NA,NA,NA,NA,NA,0.9475793,0.9475793,0.9475793,0.9475793,NA,NA,NA,NA,NA,NA,NA,NA,NA,NA,NA,NA,NA,NA,NA,NA,NA,NA,NA,NA,NA,NA,NA,NA,NA,3,NPNT,255743,GWAS,1,23,3
0.541413415952069,ENSG00000080644,CHRNA3,protein_coding,0.834794279767775,NA,NA,GCST90473707/GCST90399693/FINNGEN_R12_COPD_EARLY/GCST90399694/GCST90399695/GCST90476027/FINNGEN_R12_J10_COPD/GCST90018587/GCST90668057/GCST90018587/GCST90399693/GCST90016592/GCST90668059/FINNGEN_R12_COPD_EARLY/GCST90016590,0.867928981781006/0.859787404537201/0.846752166748047/0.842868328094482/0.842868328094482/0.808193564414978/0.801916301250458/0.796893000602722/0.790088653564453/0.784678637981415/0.778869271278381/0.776957929134369/0.642095804214478/0.640215516090393/0.561273992061615,NA,NA,0.8081936,NA,0.6402155,NA,0.8019163,0.8428683,NA,NA,NA,0.8428683,NA,NA,NA,NA,NA,NA,NA,NA,0.561274,NA,NA,NA,NA,NA,NA,NA,NA,NA,NA,NA,NA,NA,NA,NA,NA,0.867929,NA,NA,NA,NA,NA,NA,NA,NA,0.7788693,0.7846786,0.7900887,0.7769579,0.6420958,NA,NA,NA,NA,NA,NA,NA,NA,NA,NA,NA,NA,NA,NA,NA,NA,NA,NA,NA,NA,14,CHRNA3,1136,GWAS,1,67,9
0.522209464628953,ENSG00000137033,IL33,protein_coding,0.689612292308176,NA,NA,GCST90476029/GCST90476030/GCST90480251,0.842695236206055/0.829917430877686/0.757667362689972,NA,NA,NA,NA,NA,NA,NA,NA,NA,NA,NA,NA,NA,NA,NA,NA,NA,NA,NA,NA,NA,NA,NA,NA,NA,NA,NA,NA,NA,NA,NA,NA,NA,NA,NA,NA,NA,NA,NA,NA,NA,0.7576674,NA,NA,NA,NA,NA,NA,NA,NA,NA,0.8426952,0.8299174,NA,NA,NA,NA,NA,NA,NA,NA,NA,NA,NA,NA,NA,NA,NA,NA,NA,NA,3,IL33,90865,GWAS,1,271,6
0.515291586482498,ENSG00000168769,TET2,protein_coding,0.80863835758868,NA,NA,GCST90016585/GCST90016586/GCST90016589/GCST011766/GCST90016590/GCST007692/GCST90016591/GCST90016594,0.89055597782135/0.844120860099792/0.844120860099792/0.842786014080048/0.812799692153931/0.782133519649506/0.773155868053436/0.773155868053436,NA,NA,NA,NA,NA,NA,NA,NA,NA,NA,NA,NA,NA,NA,NA,NA,NA,NA,0.890556,NA,0.8127997,0.7821335,NA,NA,NA,NA,NA,NA,NA,NA,NA,NA,NA,NA,NA,NA,NA,NA,NA,NA,NA,NA,0.7731559,0.8441209,0.7731559,0.8441209,NA,NA,NA,NA,NA,NA,NA,0.842786,NA,NA,NA,NA,NA,NA,NA,NA,NA,NA,NA,NA,NA,NA,NA,NA,NA,6,TET2,54790,GWAS,1,205,0
0.509256195295666,ENSG00000112414,ADGRG6,protein_coding,0.807539112387011,NA,NA,GCST90016590/GCST011766/GCST90016585/GCST90103984/GCST90016586/GCST90016589/GCST007692/GCST90016594/GCST90016591/GCST004147/GCST007611/GCST90103985/GCST90016588,0.850152552127838/0.849440574645996/0.845770478248596/0.834629714488983/0.831917762756348/0.826197803020477/0.817918062210083/0.807563185691833/0.807563185691833/0.795605480670929/0.771387457847595/0.77054750919342/0.760473430156708,NA,NA,NA,NA,NA,NA,NA,NA,NA,NA,NA,NA,NA,NA,NA,NA,NA,0.7604734,0.8457705,NA,0.8501526,0.8179181,0.8346297,0.7705475,NA,NA,0.7713875,0.7956055,NA,NA,NA,NA,NA,NA,NA,NA,NA,NA,NA,NA,NA,NA,0.8075632,0.8319178,0.8075632,0.8261978,NA,NA,NA,NA,NA,NA,NA,0.8494406,NA,NA,NA,NA,NA,NA,NA,NA,NA,NA,NA,NA,NA,NA,NA,NA,NA,12,ADGRG6,57211,GWAS,1,43,5
0.498054506199069,ENSG00000172201,ID4,protein_coding,0.818653913076356,NA,NA,GCST007692/GCST90016591/GCST90016594/GCST90016590/GCST90016585,0.921980142593384/0.915947377681732/0.915947377681732/0.915947377681732/0.915947377681732,NA,NA,NA,NA,NA,NA,NA,NA,NA,NA,NA,NA,NA,NA,NA,NA,NA,NA,0.9159474,NA,0.9159474,0.9219801,NA,NA,NA,NA,NA,NA,NA,NA,NA,NA,NA,NA,NA,NA,NA,NA,NA,NA,NA,NA,0.9159474,NA,0.9159474,NA,NA,NA,NA,NA,NA,NA,NA,NA,NA,NA,NA,NA,NA,NA,NA,NA,NA,NA,NA,NA,NA,NA,NA,NA,NA,2,ID4,3400,GWAS,1,66,3
0.496119253180409,ENSG00000198624,CCDC69,protein_coding,0.816078499608037,NA,NA,GCST90016591/GCST90016594/GCST90016585/GCST90016590,0.917174756526947/0.917174756526947/0.917174756526947/0.917174756526947,NA,NA,NA,NA,NA,NA,NA,NA,NA,NA,NA,NA,NA,NA,NA,NA,NA,NA,0.9171748,NA,0.9171748,NA,NA,NA,NA,NA,NA,NA,NA,NA,NA,NA,NA,NA,NA,NA,NA,NA,NA,NA,NA,NA,0.9171748,NA,0.9171748,NA,NA,NA,NA,NA,NA,NA,NA,NA,NA,NA,NA,NA,NA,NA,NA,NA,NA,NA,NA,NA,NA,NA,NA,NA,NA,1,CCDC69,26112,GWAS,1,7,0
0.494251182637457,ENSG00000117971,CHRNB4,protein_coding,0.661335030105513,NA,NA,GCST90476027/GCST90476029,0.807506203651428/0.802443265914917,NA,NA,0.8075062,NA,NA,NA,NA,NA,NA,NA,NA,NA,NA,NA,NA,NA,NA,NA,NA,NA,NA,NA,NA,NA,NA,NA,NA,NA,NA,NA,NA,NA,NA,NA,NA,NA,NA,NA,NA,NA,NA,NA,NA,NA,NA,NA,NA,NA,NA,NA,NA,0.8024433,NA,NA,NA,NA,NA,NA,NA,NA,NA,NA,NA,NA,NA,NA,NA,NA,NA,NA,NA,2,CHRNB4,1143,GWAS,1,56,7
0.489019475104911,ENSG00000079308,TNS1,protein_coding,0.785412781804589,NA,NA,GCST011766/GCST007692/GCST007656/GCST90016590/GCST90016591/GCST90016594,0.850575864315033/0.850575864315033/0.842017114162445/0.840579092502594/0.840579092502594/0.840579092502594,NA,NA,NA,NA,NA,NA,NA,NA,NA,NA,NA,NA,NA,NA,NA,NA,NA,NA,NA,NA,0.8405791,0.8505759,NA,NA,NA,NA,NA,NA,NA,NA,NA,NA,NA,NA,NA,NA,NA,NA,NA,NA,NA,NA,0.8405791,NA,0.8405791,NA,NA,NA,NA,NA,NA,NA,NA,0.8505759,0.8420171,NA,NA,NA,NA,NA,NA,NA,NA,NA,NA,NA,NA,NA,NA,NA,NA,3,TNS1,7145,GWAS,1,48,3
0.486420949385366,ENSG00000183873,SCN5A,protein_coding,0.786814881473774,NA,NA,FINNGEN_R12_CARDIAC_ARRHYTM/FINNGEN_R12_CARDIAC_ARRHYTM/FINNGEN_R12_CARDIAC_ARRHYTM/FINNGEN_R12_CARDIAC_ARRHYTM,0.945603847503662/0.844723343849182/0.802568554878235/0.738438367843628,NA,0.7384384,NA,NA,NA,NA,NA,NA,NA,NA,NA,NA,NA,NA,NA,NA,NA,NA,NA,NA,NA,NA,NA,NA,NA,NA,NA,NA,NA,NA,NA,NA,NA,NA,NA,NA,NA,NA,NA,NA,NA,NA,NA,NA,NA,NA,NA,NA,NA,NA,NA,NA,NA,NA,NA,NA,NA,NA,NA,NA,NA,NA,NA,NA,NA,NA,NA,NA,NA,NA,NA,4,SCN5A,6331,GWAS,1,223,10
0.482630185002737,ENSG00000169684,CHRNA5,protein_coding,0.756963923570895,NA,NA,GCST90042701/GCST90042701/GCST90399694/GCST90476027/GCST90480254/GCST90042687/GCST90042687/GCST90480250/FINNGEN_R12_J10_COPD/GCST90480252/GCST90480251/GCST90476029/GCST90013709/GCST90476030/GCST90103984/GCST90399696/GCST004147/GCST90468119/GCST002798/GCST011766/FINNGEN_R12_COPD_INSUFFICIENCY/FINNGEN_R12_COPD_EARLY,0.787449359893799/0.787449359893799/0.772600710391998/0.748366177082062/0.716983914375305/0.707277357578278/0.707277357578278/0.704775452613831/0.693392157554626/0.680599749088287/0.678493320941925/0.678067862987518/0.663486778736115/0.658939898014069/0.652698636054993/0.643959879875183/0.643959879875183/0.638198852539062/0.627413988113403/0.625346124172211/0.62434458732605/0.603114902973175,NA,NA,0.7483662,0.7047755,0.6031149,NA,0.6933922,0.7726007,NA,NA,NA,NA,NA,0.6243446,NA,NA,NA,NA,NA,0.6634868,NA,NA,0.6526986,NA,NA,NA,NA,0.6439599,NA,NA,NA,NA,NA,NA,NA,0.6439599,NA,NA,0.6805997,NA,0.7169839,0.6784933,NA,NA,NA,NA,NA,NA,NA,NA,NA,0.6780679,0.6589399,0.6253461,NA,0.7874494,0.7072774,0.6381989,0.627414,NA,NA,NA,NA,NA,NA,NA,NA,NA,NA,NA,NA,19,CHRNA5,1138,GWAS,1,63,10
0.481450993910477,ENSG00000092969,TGFB2,protein_coding,0.631833617156062,NA,NA,GCST007692/GCST004147/GCST002350,0.770274877548218/0.753252029418945/0.726573944091797,NA,NA,NA,NA,NA,NA,NA,NA,NA,NA,NA,NA,NA,NA,NA,NA,NA,NA,NA,NA,NA,0.7702749,NA,NA,NA,NA,NA,0.753252,0.7265739,NA,NA,NA,NA,NA,NA,NA,NA,NA,NA,NA,NA,NA,NA,NA,NA,NA,NA,NA,NA,NA,NA,NA,NA,NA,NA,NA,NA,NA,NA,NA,NA,NA,NA,NA,NA,NA,NA,NA,NA,NA,NA,3,TGFB2,7042,GWAS,1,268,7
0.475189130425891,ENSG00000164161,HHIP,protein_coding,0.737767451555907,NA,NA,GCST90399694/GCST90476027/GCST004147/GCST90476028/GCST90399697/GCST90480250/GCST002350/GCST90399695/GCST90473707/GCST002351/GCST90668059/GCST90570623/GCST90480254/GCST90018807/GCST002624/GCST90476030/GCST90480251/GCST90476029/GCST90480252/GCST90103984/GCST90473705/GCST007692/GCST90436220/GCST90668057/GCST90016594/GCST90016591/GCST90016585/GCST90016590/GCST90016589/GCST90018824/GCST90016586/GCST007656/GCST007611/GCST90103985/FINNGEN_R12_J10_COPD/GCST90399696/GCST90016588/GCST90570618,0.754295885562897/0.754295885562897/0.74732506275177/0.74732506275177/0.734803259372711/0.734803259372711/0.734803259372711/0.734803259372711/0.734803259372711/0.734803259372711/0.728960037231445/0.725775897502899/0.71551901102066/0.71551901102066/0.71551901102066/0.707754194736481/0.688762724399567/0.688762724399567/0.688762724399567/0.682679653167725/0.678435862064362/0.671055495738983/0.667565822601318/0.665768325328827/0.656615257263184/0.656615257263184/0.656615257263184/0.656615257263184/0.652200520038605/0.652200520038605/0.652200520038605/0.648040473461151/0.648040473461151/0.638560652732849/0.638560652732849/0.603955924510956/0.60393214225769/0.507785618305206,NA,NA,0.7542959,0.7348033,NA,0.7473251,0.6385607,0.7542959,NA,0.7348033,0.6784359,0.7348033,NA,NA,NA,NA,0.715519,0.6039321,0.6566153,NA,0.6566153,0.6710555,0.6826797,0.6385607,NA,NA,0.6480405,0.7473251,0.7348033,0.7348033,0.715519,NA,NA,NA,0.6675658,0.6039559,NA,0.7348033,0.6887627,NA,0.715519,0.6887627,0.6566153,0.6522005,0.6566153,0.6522005,NA,NA,0.6657683,NA,0.72896,0.6887627,0.7077542,NA,0.6480405,NA,NA,NA,NA,0.7257759,0.6522005,0.5077856,NA,NA,NA,NA,NA,NA,NA,NA,NA,20,HHIP,64399,GWAS,1,57,10
0.472939977598949,ENSG00000204291,COL15A1,protein_coding,0.773423214079259,NA,NA,GCST007692/GCST90016594/GCST90016591/GCST90016590/GCST90016585,0.922382652759552/0.814544379711151/0.814544379711151/0.54340273141861/0.54340273141861,NA,NA,NA,NA,NA,NA,NA,NA,NA,NA,NA,NA,NA,NA,NA,NA,NA,NA,0.5434027,NA,0.5434027,0.9223827,NA,NA,NA,NA,NA,NA,NA,NA,NA,NA,NA,NA,NA,NA,NA,NA,NA,NA,NA,NA,0.8145444,NA,0.8145444,NA,NA,NA,NA,NA,NA,NA,NA,NA,NA,NA,NA,NA,NA,NA,NA,NA,NA,NA,NA,NA,NA,NA,NA,NA,NA,3,COL15A1,1306,GWAS,1,115,1
0.466664214697842,ENSG00000130203,APOE,protein_coding,0.736680902349064,NA,NA,GCST90473707/GCST90570623,0.964130818843842/0.962487936019897,NA,NA,NA,NA,NA,NA,NA,NA,NA,NA,NA,NA,NA,NA,NA,NA,NA,NA,NA,NA,NA,NA,NA,NA,NA,NA,NA,NA,NA,NA,NA,NA,NA,NA,NA,NA,NA,0.9641308,NA,NA,NA,NA,NA,NA,NA,NA,NA,NA,NA,NA,NA,NA,NA,NA,NA,NA,NA,NA,NA,0.9624879,NA,NA,NA,NA,NA,NA,NA,NA,NA,NA,NA,2,APOE,348,GWAS,1,500,9
0.457264984914804,ENSG00000077092,RARB,protein_coding,0.703469983582722,NA,NA,GCST90018587/GCST90013709/GCST90399695/GCST007692/GCST90399697,0.789317548274994/0.789317548274994/0.789317548274994/0.773676156997681/0.773676156997681,NA,NA,NA,NA,NA,NA,NA,NA,NA,0.7736762,NA,0.7893175,NA,NA,NA,NA,NA,NA,NA,0.7893175,NA,0.7736762,NA,NA,NA,NA,NA,NA,NA,NA,NA,NA,NA,NA,NA,NA,NA,NA,NA,NA,NA,NA,NA,NA,NA,NA,NA,0.7893175,NA,NA,NA,NA,NA,NA,NA,NA,NA,NA,NA,NA,NA,NA,NA,NA,NA,NA,NA,NA,NA,NA,NA,2,RARB,5915,GWAS,1,144,3
0.455024225145352,ENSG00000187720,THSD4,protein_coding,0.746282043255597,NA,NA,GCST90016594/GCST90016591/GCST004147/GCST007692/GCST90016586/GCST90016589/GCST90016590/GCST90103984/GCST90016588/GCST90016585,0.798581838607788/0.798581838607788/0.792244255542755/0.778666913509369/0.738408207893372/0.738408207893372/0.732274651527405/0.728825926780701/0.728825926780701/0.727836966514587,NA,NA,NA,NA,NA,NA,NA,NA,NA,NA,NA,NA,NA,NA,NA,NA,NA,0.7288259,0.727837,NA,0.7322747,0.7786669,0.7288259,NA,NA,NA,NA,0.7922443,NA,NA,NA,NA,NA,NA,NA,NA,NA,NA,NA,NA,NA,NA,0.7985818,0.7384082,0.7985818,0.7384082,NA,NA,NA,NA,NA,NA,NA,NA,NA,NA,NA,NA,NA,NA,NA,NA,NA,NA,NA,NA,NA,NA,NA,NA,NA,7,THSD4,79875,GWAS,1,20,7
0.454271655624281,ENSG00000107249,GLIS3,protein_coding,0.745722552252061,NA,NA,GCST90016590/GCST007692/GCST90016585/GCST90016594/GCST90016591,0.84359222650528/0.842132806777954/0.811377942562103/0.803692102432251/0.803692102432251,NA,NA,NA,NA,NA,NA,NA,NA,NA,NA,NA,NA,NA,NA,NA,NA,NA,NA,0.8113779,NA,0.8435922,0.8421328,NA,NA,NA,NA,NA,NA,NA,NA,NA,NA,NA,NA,NA,NA,NA,NA,NA,NA,NA,NA,0.8036921,NA,0.8036921,NA,NA,NA,NA,NA,NA,NA,NA,NA,NA,NA,NA,NA,NA,NA,NA,NA,NA,NA,NA,NA,NA,NA,NA,NA,NA,4,GLIS3,169792,GWAS,1,92,3
0.448834625968012,ENSG00000196990,FAM163B,protein_coding,0.737690947514443,NA,NA,GCST90476027/GCST90042687/GCST90042687/GCST90480254,0.856034934520721/0.844105064868927/0.844105064868927/0.841519057750702,NA,NA,0.8560349,NA,NA,NA,NA,NA,NA,NA,NA,NA,NA,NA,NA,NA,NA,NA,NA,NA,NA,NA,NA,NA,NA,NA,NA,NA,NA,NA,NA,NA,NA,NA,NA,NA,NA,NA,NA,NA,0.8415191,NA,NA,NA,NA,NA,NA,NA,NA,NA,NA,NA,NA,NA,NA,NA,0.8441051,NA,NA,NA,NA,NA,NA,NA,NA,NA,NA,NA,NA,NA,NA,3,FAM163B,642968,GWAS,1,26,0
0.441978269743507,ENSG00000151693,ASAP2,protein_coding,0.725880822701617,NA,NA,GCST90016590/GCST90016591/GCST007692/GCST90016594/GCST90016585,0.817836403846741/0.813584387302399/0.813584387302399/0.803786039352417/0.803786039352417,NA,NA,NA,NA,NA,NA,NA,NA,NA,NA,NA,NA,NA,NA,NA,NA,NA,NA,0.803786,NA,0.8178364,0.8135844,NA,NA,NA,NA,NA,NA,NA,NA,NA,NA,NA,NA,NA,NA,NA,NA,NA,NA,NA,NA,0.803786,NA,0.8135844,NA,NA,NA,NA,NA,NA,NA,NA,NA,NA,NA,NA,NA,NA,NA,NA,NA,NA,NA,NA,NA,NA,NA,NA,NA,NA,3,ASAP2,8853,GWAS,1,30,0
0.441279669839439,ENSG00000151465,CDC123,protein_coding,0.724351722157775,NA,NA,GCST90016585/GCST007692/GCST90016594/GCST90016590/GCST90016591/GCST90103984/GCST90103985,0.781764626502991/0.781282901763916/0.776937782764435/0.768353939056396/0.76332026720047/0.745992124080658/0.744709968566895,NA,NA,NA,NA,NA,NA,NA,NA,NA,NA,NA,NA,NA,NA,NA,NA,NA,NA,0.7817646,NA,0.7683539,0.7812829,0.7459921,0.74471,NA,NA,NA,NA,NA,NA,NA,NA,NA,NA,NA,NA,NA,NA,NA,NA,NA,NA,0.7769378,NA,0.7633203,NA,NA,NA,NA,NA,NA,NA,NA,NA,NA,NA,NA,NA,NA,NA,NA,NA,NA,NA,NA,NA,NA,NA,NA,NA,NA,7,CDC123,8872,GWAS,1,77,3
0.440162456352881,ENSG00000118690,ARMC2,protein_coding,0.722036933999413,NA,NA,GCST90016594/GCST004147/GCST90016591/GCST90016585/GCST90016590/GCST90476027/GCST007692,0.785767436027527/0.785767436027527/0.785767436027527/0.785767436027527/0.785767436027527/0.782325983047485/0.779428422451019,NA,NA,0.782326,NA,NA,NA,NA,NA,NA,NA,NA,NA,NA,NA,NA,NA,NA,NA,0.7857674,NA,0.7857674,0.7794284,NA,NA,NA,NA,NA,0.7857674,NA,NA,NA,NA,NA,NA,NA,NA,NA,NA,NA,NA,NA,NA,0.7857674,NA,0.7857674,NA,NA,NA,NA,NA,NA,NA,NA,NA,NA,NA,NA,NA,NA,NA,NA,NA,NA,NA,NA,NA,NA,NA,NA,NA,NA,3,ARMC2,84071,GWAS,1,45,2
0.437150967897673,ENSG00000105855,ITGB8,protein_coding,0.718168251766326,NA,NA,GCST90016594/GCST90016591/GCST007692/GCST90016585/GCST90016590,0.808116018772125/0.808116018772125/0.802662551403046/0.802662551403046/0.795902013778687,NA,NA,NA,NA,NA,NA,NA,NA,NA,NA,NA,NA,NA,NA,NA,NA,NA,NA,0.8026626,NA,0.795902,0.8026626,NA,NA,NA,NA,NA,NA,NA,NA,NA,NA,NA,NA,NA,NA,NA,NA,NA,NA,NA,NA,0.808116,NA,0.808116,NA,NA,NA,NA,NA,NA,NA,NA,NA,NA,NA,NA,NA,NA,NA,NA,NA,NA,NA,NA,NA,NA,NA,NA,NA,NA,3,ITGB8,3696,GWAS,1,136,3
0.432461264738493,ENSG00000124782,RREB1,protein_coding,0.711365942369598,NA,NA,GCST90016594/GCST90016591/GCST90016590,0.825564026832581/0.821667194366455/0.818990051746368,NA,NA,NA,NA,NA,NA,NA,NA,NA,NA,NA,NA,NA,NA,NA,NA,NA,NA,NA,NA,0.8189901,NA,NA,NA,NA,NA,NA,NA,NA,NA,NA,NA,NA,NA,NA,NA,NA,NA,NA,NA,NA,NA,0.825564,NA,0.8216672,NA,NA,NA,NA,NA,NA,NA,NA,NA,NA,NA,NA,NA,NA,NA,NA,NA,NA,NA,NA,NA,NA,NA,NA,NA,NA,3,RREB1,6239,GWAS,1,52,2
0.430202672569106,ENSG00000174808,BTC,protein_coding,0.70230279630021,NA,NA,GCST011766/GCST007692/GCST90016594/GCST90016591,0.81360524892807/0.81360524892807/0.796194493770599/0.796194493770599,NA,NA,NA,NA,NA,NA,NA,NA,NA,NA,NA,NA,NA,NA,NA,NA,NA,NA,NA,NA,NA,0.8136052,NA,NA,NA,NA,NA,NA,NA,NA,NA,NA,NA,NA,NA,NA,NA,NA,NA,NA,NA,NA,0.7961945,NA,0.7961945,NA,NA,NA,NA,NA,NA,NA,NA,0.8136052,NA,NA,NA,NA,NA,NA,NA,NA,NA,NA,NA,NA,NA,NA,NA,NA,NA,2,BTC,685,GWAS,1,127,0
0.429943887611842,ENSG00000120903,CHRNA2,protein_coding,0.706617117350901,NA,NA,GCST90476027/GCST90476028,0.885703563690186/0.85011351108551,NA,NA,0.8857036,NA,NA,0.8501135,NA,NA,NA,NA,NA,NA,NA,NA,NA,NA,NA,NA,NA,NA,NA,NA,NA,NA,NA,NA,NA,NA,NA,NA,NA,NA,NA,NA,NA,NA,NA,NA,NA,NA,NA,NA,NA,NA,NA,NA,NA,NA,NA,NA,NA,NA,NA,NA,NA,NA,NA,NA,NA,NA,NA,NA,NA,NA,NA,NA,NA,NA,NA,NA,NA,2,CHRNA2,1135,GWAS,1,60,5
0.428530545001868,ENSG00000196782,MAML3,protein_coding,0.703988310678176,NA,NA,GCST90570623/GCST90399695/GCST90570622/GCST90476027,0.821832835674286/0.810977041721344/0.785339891910553/0.738723695278168,NA,NA,0.7387237,NA,NA,NA,NA,NA,NA,NA,NA,0.810977,NA,NA,NA,NA,NA,NA,NA,NA,NA,NA,NA,NA,NA,NA,NA,NA,NA,NA,NA,NA,NA,NA,NA,NA,NA,NA,NA,NA,NA,NA,NA,NA,NA,NA,NA,NA,NA,NA,NA,NA,NA,NA,NA,NA,NA,NA,NA,0.8218328,NA,NA,0.7853399,NA,NA,NA,NA,NA,NA,NA,NA,4,MAML3,55534,GWAS,1,116,2
0.428154532913413,ENSG00000115602,IL1RL1,protein_coding,0.558143407363261,NA,NA,GCST90399694,0.802434504032135,NA,NA,NA,NA,NA,NA,NA,0.8024345,NA,NA,NA,NA,NA,NA,NA,NA,NA,NA,NA,NA,NA,NA,NA,NA,NA,NA,NA,NA,NA,NA,NA,NA,NA,NA,NA,NA,NA,NA,NA,NA,NA,NA,NA,NA,NA,NA,NA,NA,NA,NA,NA,NA,NA,NA,NA,NA,NA,NA,NA,NA,NA,NA,NA,NA,NA,NA,NA,NA,NA,NA,NA,1,IL1RL1,9173,GWAS,1,97,3
0.42807102075745,ENSG00000168502,MTCL1,protein_coding,0.700952687698165,NA,NA,GCST004147/GCST90016590/GCST90016594/GCST90016591/GCST007692,0.791360795497894/0.783709526062012/0.776851892471313/0.776851892471313/0.771391212940216,NA,NA,NA,NA,NA,NA,NA,NA,NA,NA,NA,NA,NA,NA,NA,NA,NA,NA,NA,NA,0.7837095,0.7713912,NA,NA,NA,NA,NA,0.7913608,NA,NA,NA,NA,NA,NA,NA,NA,NA,NA,NA,NA,NA,NA,0.7768519,NA,0.7768519,NA,NA,NA,NA,NA,NA,NA,NA,NA,NA,NA,NA,NA,NA,NA,NA,NA,NA,NA,NA,NA,NA,NA,NA,NA,NA,4,MTCL1,23255,GWAS,1,9,2
0.42732874855622,ENSG00000166949,SMAD3,protein_coding,0.619520770514698,NA,NA,GCST90476027,0.844138324260712,NA,NA,0.8441383,NA,NA,NA,NA,NA,NA,NA,NA,NA,NA,NA,NA,NA,NA,NA,NA,NA,NA,NA,NA,NA,NA,NA,NA,NA,NA,NA,NA,NA,NA,NA,NA,NA,NA,NA,NA,NA,NA,NA,NA,NA,NA,NA,NA,NA,NA,NA,NA,NA,NA,NA,NA,NA,NA,NA,NA,NA,NA,NA,NA,NA,NA,NA,NA,NA,NA,NA,NA,1,SMAD3,4088,GWAS,1,500,10
0.427133222898769,ENSG00000167081,PBX3,protein_coding,0.701993787320386,NA,NA,GCST90476027/GCST90399694/GCST90399695/GCST90473707/GCST90436220,0.780911684036255/0.771254360675812/0.753354489803314/0.745052456855774/0.742480993270874,NA,NA,0.7809117,NA,NA,NA,NA,0.7712544,NA,NA,NA,0.7533545,NA,NA,NA,NA,NA,NA,NA,NA,NA,NA,NA,NA,NA,NA,NA,NA,NA,NA,NA,NA,NA,NA,0.742481,NA,NA,0.7450525,NA,NA,NA,NA,NA,NA,NA,NA,NA,NA,NA,NA,NA,NA,NA,NA,NA,NA,NA,NA,NA,NA,NA,NA,NA,NA,NA,NA,NA,NA,NA,NA,NA,5,PBX3,5090,GWAS,1,66,0
0.42600128733341,ENSG00000149021,SCGB1A1,protein_coding,0.544501788199569,NA,NA,GCST001737_3,0.895664095878601,NA,NA,NA,NA,NA,NA,NA,NA,NA,NA,NA,NA,NA,NA,NA,NA,NA,NA,NA,NA,NA,NA,NA,NA,NA,NA,NA,NA,NA,NA,NA,NA,NA,NA,NA,NA,NA,NA,NA,NA,NA,NA,NA,NA,NA,NA,NA,NA,NA,NA,NA,NA,NA,NA,NA,NA,NA,NA,NA,NA,NA,NA,NA,0.8956641,NA,NA,NA,NA,NA,NA,NA,1,SCGB1A1,7356,GWAS,1,86,1
0.41892846259219,ENSG00000173175,ADCY5,protein_coding,0.689105510426573,NA,NA,GCST90016590/GCST90016585/GCST90016591/GCST007692/GCST90016594,0.7860968708992/0.775182843208313/0.723810136318207/0.716397285461426/0.71088695526123,NA,NA,NA,NA,NA,NA,NA,NA,NA,NA,NA,NA,NA,NA,NA,NA,NA,NA,0.7751828,NA,0.7860969,0.7163973,NA,NA,NA,NA,NA,NA,NA,NA,NA,NA,NA,NA,NA,NA,NA,NA,NA,NA,NA,NA,0.710887,NA,0.7238101,NA,NA,NA,NA,NA,NA,NA,NA,NA,NA,NA,NA,NA,NA,NA,NA,NA,NA,NA,NA,NA,NA,NA,NA,NA,NA,5,ADCY5,111,GWAS,1,185,6
0.418808962847858,ENSG00000111275,ALDH2,protein_coding,0.679134222495932,NA,NA,GCST90399697/GCST90399693,0.907855331897736/0.773024916648865,NA,NA,NA,NA,NA,NA,NA,NA,NA,0.9078553,NA,NA,NA,NA,NA,NA,NA,NA,NA,NA,NA,NA,NA,NA,NA,NA,NA,NA,NA,NA,NA,NA,NA,NA,NA,NA,NA,NA,NA,NA,NA,NA,NA,NA,NA,NA,0.7730249,NA,NA,NA,NA,NA,NA,NA,NA,NA,NA,NA,NA,NA,NA,NA,NA,NA,NA,NA,NA,NA,NA,NA,NA,2,ALDH2,217,GWAS,1,222,7
0.417704391287989,ENSG00000070193,FGF10,protein_coding,0.647210250906035,NA,NA,GCST90399695/GCST90399694,0.855959475040436/0.834608972072601,NA,NA,NA,NA,NA,NA,NA,0.834609,NA,NA,NA,0.8559595,NA,NA,NA,NA,NA,NA,NA,NA,NA,NA,NA,NA,NA,NA,NA,NA,NA,NA,NA,NA,NA,NA,NA,NA,NA,NA,NA,NA,NA,NA,NA,NA,NA,NA,NA,NA,NA,NA,NA,NA,NA,NA,NA,NA,NA,NA,NA,NA,NA,NA,NA,NA,NA,NA,NA,NA,NA,NA,NA,2,FGF10,2255,GWAS,1,386,9
0.411812624527163,ENSG00000090905,TNRC6A,protein_coding,0.674360843149201,NA,NA,GCST90476027/GCST90480254,0.817745327949524/0.810155868530273,NA,NA,0.8177453,NA,NA,NA,NA,NA,NA,NA,NA,NA,NA,NA,NA,NA,NA,NA,NA,NA,NA,NA,NA,NA,NA,NA,NA,NA,NA,NA,NA,NA,NA,NA,NA,NA,NA,NA,NA,NA,0.8101559,NA,NA,NA,NA,NA,NA,NA,NA,NA,NA,NA,NA,NA,NA,NA,NA,NA,NA,NA,NA,NA,NA,NA,NA,NA,NA,NA,NA,NA,NA,2,TNRC6A,27327,GWAS,1,239,2
0.411445959361246,ENSG00000233608,TWIST2,protein_coding,0.674669602989709,NA,NA,GCST90016591/GCST90016594/GCST90016590/GCST007692/GCST90016585,0.764138460159302/0.764138460159302/0.758388817310333/0.758388817310333/0.573561668395996,NA,NA,NA,NA,NA,NA,NA,NA,NA,NA,NA,NA,NA,NA,NA,NA,NA,NA,0.5735617,NA,0.7583888,0.7583888,NA,NA,NA,NA,NA,NA,NA,NA,NA,NA,NA,NA,NA,NA,NA,NA,NA,NA,NA,NA,0.7641385,NA,0.7641385,NA,NA,NA,NA,NA,NA,NA,NA,NA,NA,NA,NA,NA,NA,NA,NA,NA,NA,NA,NA,NA,NA,NA,NA,NA,NA,3,TWIST2,117581,GWAS,1,51,1
0.409026188990884,ENSG00000132394,EEFSEC,protein_coding,0.667773054208923,NA,NA,GCST004147/GCST007692/GCST90016585/GCST90016590/GCST90016591/GCST90016594,0.742736101150513/0.742736101150513/0.742736101150513/0.742736101150513/0.545536518096924/0.545536518096924,NA,NA,NA,NA,NA,NA,NA,NA,NA,NA,NA,NA,NA,NA,NA,NA,NA,NA,0.7427361,NA,0.7427361,0.7427361,NA,NA,NA,NA,NA,0.7427361,NA,NA,NA,NA,NA,NA,NA,NA,NA,NA,NA,NA,NA,NA,0.5455365,NA,0.5455365,NA,NA,NA,NA,NA,NA,NA,NA,NA,NA,NA,NA,NA,NA,NA,NA,NA,NA,NA,NA,NA,NA,NA,NA,NA,NA,2,EEFSEC,60678,GWAS,1,246,3
0.403493183053419,ENSG00000101489,CELF4,protein_coding,0.663715647633947,NA,NA,GCST90399694/GCST90570624,0.883221685886383/0.834160625934601,NA,NA,NA,NA,NA,NA,NA,0.8832217,NA,NA,NA,NA,NA,NA,NA,NA,NA,NA,NA,NA,NA,NA,NA,NA,NA,NA,NA,NA,NA,NA,NA,NA,NA,NA,NA,NA,NA,NA,NA,NA,NA,NA,NA,NA,NA,NA,NA,NA,NA,NA,NA,NA,NA,NA,NA,NA,NA,NA,NA,NA,NA,NA,NA,NA,0.8341606,NA,NA,NA,NA,NA,NA,2,CELF4,56853,GWAS,1,24,0
0.401848799494182,ENSG00000197465,GYPE,protein_coding,0.660402830744535,NA,NA,GCST90016590/GCST90016594/GCST90016591/GCST90016585,0.753089666366577/0.745405972003937/0.745405972003937/0.557635307312012,NA,NA,NA,NA,NA,NA,NA,NA,NA,NA,NA,NA,NA,NA,NA,NA,NA,NA,0.5576353,NA,0.7530897,NA,NA,NA,NA,NA,NA,NA,NA,NA,NA,NA,NA,NA,NA,NA,NA,NA,NA,NA,NA,NA,0.745406,NA,0.745406,NA,NA,NA,NA,NA,NA,NA,NA,NA,NA,NA,NA,NA,NA,NA,NA,NA,NA,NA,NA,NA,NA,NA,NA,NA,NA,3,GYPE,2996,GWAS,1,64,3
0.401280624470659,ENSG00000196526,AFAP1,protein_coding,0.659164260575325,NA,NA,GCST90570622/GCST90399695/GCST90399697,0.802834689617157/0.780326724052429/0.777229070663452,NA,NA,NA,NA,NA,NA,NA,NA,NA,0.7772291,NA,0.7803267,NA,NA,NA,NA,NA,NA,NA,NA,NA,NA,NA,NA,NA,NA,NA,NA,NA,NA,NA,NA,NA,NA,NA,NA,NA,NA,NA,NA,NA,NA,NA,NA,NA,NA,NA,NA,NA,NA,NA,NA,NA,NA,NA,NA,NA,NA,NA,NA,NA,NA,0.8028347,NA,NA,NA,NA,NA,NA,NA,NA,3,AFAP1,60312,GWAS,1,29,0
0.398327940725301,ENSG00000170382,LRRN2,protein_coding,0.655219216217063,NA,NA,FINNGEN_R12_J10_COPD/FINNGEN_R12_COPD_LATER/GCST90570621,0.820431292057037/0.804546177387238/0.505962193012238,NA,NA,NA,NA,NA,NA,0.8204313,NA,NA,NA,NA,NA,NA,NA,NA,NA,NA,NA,NA,NA,NA,NA,NA,NA,NA,NA,NA,NA,NA,NA,NA,NA,NA,NA,NA,NA,0.8045462,NA,NA,NA,NA,NA,NA,NA,NA,NA,NA,NA,NA,NA,NA,NA,NA,NA,NA,NA,NA,NA,NA,NA,NA,NA,NA,NA,NA,0.5059622,NA,NA,NA,NA,NA,3,LRRN2,10446,GWAS,1,7,0
0.395363134434349,ENSG00000164093,PITX2,protein_coding,0.646694750209717,NA,NA,FINNGEN_R12_CARDIAC_ARRHYTM/FINNGEN_R12_CARDIAC_ARRHYTM/FINNGEN_R12_CARDIAC_ARRHYTM/FINNGEN_R12_CARDIAC_ARRHYTM,0.805852830410004/0.575142621994019/0.537286579608917/0.537286579608917,NA,0.5372866,NA,NA,NA,NA,NA,NA,NA,NA,NA,NA,NA,NA,NA,NA,NA,NA,NA,NA,NA,NA,NA,NA,NA,NA,NA,NA,NA,NA,NA,NA,NA,NA,NA,NA,NA,NA,NA,NA,NA,NA,NA,NA,NA,NA,NA,NA,NA,NA,NA,NA,NA,NA,NA,NA,NA,NA,NA,NA,NA,NA,NA,NA,NA,NA,NA,NA,NA,NA,NA,3,PITX2,5308,GWAS,1,140,11
0.393743977347178,ENSG00000089022,MAPKAPK5,protein_coding,0.647678944534609,NA,NA,GCST90018587/GCST90399693/GCST90399695,0.799503922462463/0.68157285451889/0.669018924236298,NA,NA,NA,NA,NA,NA,NA,NA,NA,NA,NA,0.6690189,NA,NA,NA,NA,NA,NA,NA,NA,NA,NA,NA,NA,NA,NA,NA,NA,NA,NA,NA,NA,NA,NA,NA,NA,NA,NA,NA,NA,NA,NA,NA,NA,NA,NA,0.6815729,0.7995039,NA,NA,NA,NA,NA,NA,NA,NA,NA,NA,NA,NA,NA,NA,NA,NA,NA,NA,NA,NA,NA,NA,NA,3,MAPKAPK5,8550,GWAS,1,48,0
0.393550958706144,ENSG00000205269,TMEM170B,protein_coding,0.647361443526612,NA,NA,GCST90476027,0.855263531208038,NA,NA,0.8552635,NA,NA,NA,NA,NA,NA,NA,NA,NA,NA,NA,NA,NA,NA,NA,NA,NA,NA,NA,NA,NA,NA,NA,NA,NA,NA,NA,NA,NA,NA,NA,NA,NA,NA,NA,NA,NA,NA,NA,NA,NA,NA,NA,NA,NA,NA,NA,NA,NA,NA,NA,NA,NA,NA,NA,NA,NA,NA,NA,NA,NA,NA,NA,NA,NA,NA,NA,NA,1,TMEM170B,100113407,GWAS,1,2,0
0.393383339691526,ENSG00000125347,IRF1,protein_coding,0.641671417381049,NA,NA,GCST90570623,0.90251499414444,NA,NA,NA,NA,NA,NA,NA,NA,NA,NA,NA,NA,NA,NA,NA,NA,NA,NA,NA,NA,NA,NA,NA,NA,NA,NA,NA,NA,NA,NA,NA,NA,NA,NA,NA,NA,NA,NA,NA,NA,NA,NA,NA,NA,NA,NA,NA,NA,NA,NA,NA,NA,NA,NA,NA,NA,NA,NA,NA,0.902515,NA,NA,NA,NA,NA,NA,NA,NA,NA,NA,NA,1,IRF1,3659,GWAS,1,377,2
0.391969656030375,ENSG00000145868,FBXO38,protein_coding,0.633061874585815,NA,NA,GCST011766,0.769034624099731,NA,NA,NA,NA,NA,NA,NA,NA,NA,NA,NA,NA,NA,NA,NA,NA,NA,NA,NA,NA,NA,NA,NA,NA,NA,NA,NA,NA,NA,NA,NA,NA,NA,NA,NA,NA,NA,NA,NA,NA,NA,NA,NA,NA,NA,NA,NA,NA,NA,NA,NA,NA,NA,0.7690346,NA,NA,NA,NA,NA,NA,NA,NA,NA,NA,NA,NA,NA,NA,NA,NA,NA,1,FBXO38,81545,GWAS,1,53,0
0.390787242455384,ENSG00000147862,NFIB,protein_coding,0.617695639594348,NA,NA,GCST90476027/GCST90476027,0.850726306438446/0.661344468593597,NA,NA,0.6613445,NA,NA,NA,NA,NA,NA,NA,NA,NA,NA,NA,NA,NA,NA,NA,NA,NA,NA,NA,NA,NA,NA,NA,NA,NA,NA,NA,NA,NA,NA,NA,NA,NA,NA,NA,NA,NA,NA,NA,NA,NA,NA,NA,NA,NA,NA,NA,NA,NA,NA,NA,NA,NA,NA,NA,NA,NA,NA,NA,NA,NA,NA,NA,NA,NA,NA,NA,NA,2,NFIB,4781,GWAS,1,87,3
0.389859739848267,ENSG00000135074,ADAM19,protein_coding,0.627054967397448,NA,NA,GCST011766/GCST90016594/GCST90016591/GCST90016590/GCST007692/GCST90103985/GCST90016585,0.594393014907837/0.54194438457489/0.54194438457489/0.54194438457489/0.538619995117188/0.513860821723938/0.513860821723938,NA,NA,NA,NA,NA,NA,NA,NA,NA,NA,NA,NA,NA,NA,NA,NA,NA,NA,0.5138608,NA,0.5419444,0.53862,NA,0.5138608,NA,NA,NA,NA,NA,NA,NA,NA,NA,NA,NA,NA,NA,NA,NA,NA,NA,NA,0.5419444,NA,0.5419444,NA,NA,NA,NA,NA,NA,NA,NA,0.594393,NA,NA,NA,NA,NA,NA,NA,NA,NA,NA,NA,NA,NA,NA,NA,NA,NA,4,ADAM19,8728,GWAS,1,36,3
0.387427218747821,ENSG00000130940,CASZ1,protein_coding,0.630774208923667,NA,NA,GCST007656,0.863245606422424,NA,NA,NA,NA,NA,NA,NA,NA,NA,NA,NA,NA,NA,NA,NA,NA,NA,NA,NA,NA,NA,NA,NA,NA,NA,NA,NA,NA,NA,NA,NA,NA,NA,NA,NA,NA,NA,NA,NA,NA,NA,NA,NA,NA,NA,NA,NA,NA,NA,NA,NA,NA,NA,NA,0.8632456,NA,NA,NA,NA,NA,NA,NA,NA,NA,NA,NA,NA,NA,NA,NA,NA,1,CASZ1,54897,GWAS,1,19,0
0.387032840728097,ENSG00000136381,IREB2,protein_coding,0.591787460910966,NA,NA,GCST90476029/GCST90476027/GCST90476028/GCST90476030,0.643228113651276/0.643228113651276/0.643228113651276/0.643228113651276,NA,NA,0.6432281,NA,NA,0.6432281,NA,NA,NA,NA,NA,NA,NA,NA,NA,NA,NA,NA,NA,NA,NA,NA,NA,NA,NA,NA,NA,NA,NA,NA,NA,NA,NA,NA,NA,NA,NA,NA,NA,NA,NA,NA,NA,NA,NA,NA,NA,NA,NA,NA,NA,0.6432281,0.6432281,NA,NA,NA,NA,NA,NA,NA,NA,NA,NA,NA,NA,NA,NA,NA,NA,NA,NA,1,IREB2,3658,GWAS,1,263,6
0.383877515750578,ENSG00000175161,CADM2,protein_coding,0.630233502804012,NA,NA,GCST90570624/GCST90570619,0.835893154144287/0.803172409534454,NA,NA,NA,NA,NA,NA,NA,NA,NA,NA,NA,NA,NA,NA,NA,NA,NA,NA,NA,NA,NA,NA,NA,NA,NA,NA,NA,NA,NA,NA,NA,NA,NA,NA,NA,NA,NA,NA,NA,NA,NA,NA,NA,NA,NA,NA,NA,NA,NA,NA,NA,NA,NA,NA,NA,NA,NA,NA,NA,NA,NA,NA,NA,NA,0.8358932,NA,0.8031724,NA,NA,NA,NA,2,CADM2,253559,GWAS,1,48,0
0.38376367540092,ENSG00000243156,MICAL3,protein_coding,0.631262105668299,NA,NA,GCST007692/GCST90016585/GCST90016590/GCST90016591/GCST90016594,0.738235354423523/0.663992404937744/0.646616041660309/0.60779070854187/0.60779070854187,NA,NA,NA,NA,NA,NA,NA,NA,NA,NA,NA,NA,NA,NA,NA,NA,NA,NA,0.6639924,NA,0.646616,0.7382354,NA,NA,NA,NA,NA,NA,NA,NA,NA,NA,NA,NA,NA,NA,NA,NA,NA,NA,NA,NA,0.6077907,NA,0.6077907,NA,NA,NA,NA,NA,NA,NA,NA,NA,NA,NA,NA,NA,NA,NA,NA,NA,NA,NA,NA,NA,NA,NA,NA,NA,NA,4,MICAL3,57553,GWAS,1,31,0
0.382813976070813,ENSG00000096696,DSP,protein_coding,0.562570076362938,NA,NA,GCST004147,0.925385057926178,NA,NA,NA,NA,NA,NA,NA,NA,NA,NA,NA,NA,NA,NA,NA,NA,NA,NA,NA,NA,NA,NA,NA,NA,NA,NA,NA,0.9253851,NA,NA,NA,NA,NA,NA,NA,NA,NA,NA,NA,NA,NA,NA,NA,NA,NA,NA,NA,NA,NA,NA,NA,NA,NA,NA,NA,NA,NA,NA,NA,NA,NA,NA,NA,NA,NA,NA,NA,NA,NA,NA,NA,1,DSP,1832,GWAS,1,145,4
0.375311936757773,ENSG00000139318,DUSP6,protein_coding,0.610998485918376,NA,NA,GCST90476027,0.814042270183563,NA,NA,0.8140423,NA,NA,NA,NA,NA,NA,NA,NA,NA,NA,NA,NA,NA,NA,NA,NA,NA,NA,NA,NA,NA,NA,NA,NA,NA,NA,NA,NA,NA,NA,NA,NA,NA,NA,NA,NA,NA,NA,NA,NA,NA,NA,NA,NA,NA,NA,NA,NA,NA,NA,NA,NA,NA,NA,NA,NA,NA,NA,NA,NA,NA,NA,NA,NA,NA,NA,NA,NA,1,DUSP6,1848,GWAS,1,100,1
0.37335397054564,ENSG00000149295,DRD2,protein_coding,0.596264163068287,NA,NA,GCST90476027/GCST90480254/GCST90476027,0.781267464160919/0.541054546833038/0.541054546833038,NA,NA,0.5410545,NA,NA,NA,NA,NA,NA,NA,NA,NA,NA,NA,NA,NA,NA,NA,NA,NA,NA,NA,NA,NA,NA,NA,NA,NA,NA,NA,NA,NA,NA,NA,NA,NA,NA,NA,NA,NA,0.5410545,NA,NA,NA,NA,NA,NA,NA,NA,NA,NA,NA,NA,NA,NA,NA,NA,NA,NA,NA,NA,NA,NA,NA,NA,NA,NA,NA,NA,NA,NA,2,DRD2,1813,GWAS,1,297,13
0.367546582618632,ENSG00000156218,ADAMTSL3,protein_coding,0.602618887846654,NA,NA,GCST007692/GCST011766,0.756387412548065/0.690375864505768,NA,NA,NA,NA,NA,NA,NA,NA,NA,NA,NA,NA,NA,NA,NA,NA,NA,NA,NA,NA,NA,0.7563874,NA,NA,NA,NA,NA,NA,NA,NA,NA,NA,NA,NA,NA,NA,NA,NA,NA,NA,NA,NA,NA,NA,NA,NA,NA,NA,NA,NA,NA,NA,NA,0.6903759,NA,NA,NA,NA,NA,NA,NA,NA,NA,NA,NA,NA,NA,NA,NA,NA,NA,2,ADAMTSL3,57188,GWAS,1,19,0
0.366234933239123,ENSG00000174945,AMZ1,protein_coding,0.602428655823905,NA,NA,GCST007692/GCST90016594/GCST90016591/GCST90016590/GCST90016585,0.679269373416901/0.67228764295578/0.67228764295578/0.67228764295578/0.67228764295578,NA,NA,NA,NA,NA,NA,NA,NA,NA,NA,NA,NA,NA,NA,NA,NA,NA,NA,0.6722876,NA,0.6722876,0.6792694,NA,NA,NA,NA,NA,NA,NA,NA,NA,NA,NA,NA,NA,NA,NA,NA,NA,NA,NA,NA,0.6722876,NA,0.6722876,NA,NA,NA,NA,NA,NA,NA,NA,NA,NA,NA,NA,NA,NA,NA,NA,NA,NA,NA,NA,NA,NA,NA,NA,NA,NA,2,AMZ1,155185,GWAS,1,32,0
0.366161432497962,ENSG00000041357,PSMA4,protein_coding,0.596980595371576,NA,NA,GCST90668057,0.779262006282806,NA,NA,NA,NA,NA,NA,NA,NA,NA,NA,NA,NA,NA,NA,NA,NA,NA,NA,NA,NA,NA,NA,NA,NA,NA,NA,NA,NA,NA,NA,NA,NA,NA,NA,NA,NA,NA,NA,NA,NA,NA,NA,NA,NA,NA,NA,NA,NA,0.779262,NA,NA,NA,NA,NA,NA,NA,NA,NA,NA,NA,NA,NA,NA,NA,NA,NA,NA,NA,NA,NA,NA,1,PSMA4,5685,GWAS,1,365,6
0.361554984263841,ENSG00000177311,ZBTB38,protein_coding,0.594730495122607,NA,NA,GCST90016591/GCST90016594,0.785309612751007/0.771907567977905,NA,NA,NA,NA,NA,NA,NA,NA,NA,NA,NA,NA,NA,NA,NA,NA,NA,NA,NA,NA,NA,NA,NA,NA,NA,NA,NA,NA,NA,NA,NA,NA,NA,NA,NA,NA,NA,NA,NA,NA,NA,NA,0.7719076,NA,0.7853096,NA,NA,NA,NA,NA,NA,NA,NA,NA,NA,NA,NA,NA,NA,NA,NA,NA,NA,NA,NA,NA,NA,NA,NA,NA,NA,2,ZBTB38,253461,GWAS,1,37,0
0.355380245428995,ENSG00000156395,SORCS3,protein_coding,0.584573518606358,NA,NA,GCST90476027,0.809284925460815,NA,NA,0.8092849,NA,NA,NA,NA,NA,NA,NA,NA,NA,NA,NA,NA,NA,NA,NA,NA,NA,NA,NA,NA,NA,NA,NA,NA,NA,NA,NA,NA,NA,NA,NA,NA,NA,NA,NA,NA,NA,NA,NA,NA,NA,NA,NA,NA,NA,NA,NA,NA,NA,NA,NA,NA,NA,NA,NA,NA,NA,NA,NA,NA,NA,NA,NA,NA,NA,NA,NA,NA,1,SORCS3,22986,GWAS,1,36,1
0.355111090768714,ENSG00000140937,CDH11,protein_coding,0.582610952633914,NA,NA,GCST007656,0.958350777626038,NA,NA,NA,NA,NA,NA,NA,NA,NA,NA,NA,NA,NA,NA,NA,NA,NA,NA,NA,NA,NA,NA,NA,NA,NA,NA,NA,NA,NA,NA,NA,NA,NA,NA,NA,NA,NA,NA,NA,NA,NA,NA,NA,NA,NA,NA,NA,NA,NA,NA,NA,NA,NA,NA,0.9583508,NA,NA,NA,NA,NA,NA,NA,NA,NA,NA,NA,NA,NA,NA,NA,NA,1,CDH11,1009,GWAS,1,99,2
0.353963727556105,ENSG00000173064,HECTD4,protein_coding,0.581027592670826,NA,NA,GCST90018587,0.864230453968048,NA,NA,NA,NA,NA,NA,NA,NA,NA,NA,NA,NA,NA,NA,NA,NA,NA,NA,NA,NA,NA,NA,NA,NA,NA,NA,NA,NA,NA,NA,NA,NA,NA,NA,NA,NA,NA,NA,NA,NA,NA,NA,NA,NA,NA,NA,NA,0.8642305,NA,NA,NA,NA,NA,NA,NA,NA,NA,NA,NA,NA,NA,NA,NA,NA,NA,NA,NA,NA,NA,NA,NA,1,HECTD4,283450,GWAS,1,15,3
0.353728243884892,ENSG00000157445,CACNA2D3,protein_coding,0.58185610150791,NA,NA,GCST90468127,0.911020040512085,NA,NA,NA,NA,NA,NA,NA,NA,NA,NA,NA,NA,NA,NA,NA,NA,NA,NA,NA,NA,NA,NA,NA,NA,NA,NA,NA,NA,NA,NA,NA,NA,NA,NA,NA,NA,NA,NA,NA,NA,NA,NA,NA,NA,NA,NA,NA,NA,NA,NA,NA,NA,NA,NA,NA,NA,NA,NA,NA,NA,NA,NA,NA,NA,NA,NA,NA,0.91102,NA,NA,NA,1,CACNA2D3,55799,GWAS,1,93,3
0.353634602303433,ENSG00000115604,IL18R1,protein_coding,0.548896717166631,NA,NA,GCST90399695,0.840973854064941,NA,NA,NA,NA,NA,NA,NA,NA,NA,NA,NA,0.8409739,NA,NA,NA,NA,NA,NA,NA,NA,NA,NA,NA,NA,NA,NA,NA,NA,NA,NA,NA,NA,NA,NA,NA,NA,NA,NA,NA,NA,NA,NA,NA,NA,NA,NA,NA,NA,NA,NA,NA,NA,NA,NA,NA,NA,NA,NA,NA,NA,NA,NA,NA,NA,NA,NA,NA,NA,NA,NA,NA,1,IL18R1,8809,GWAS,1,137,4
0.349671698849385,ENSG00000145777,TSLP,protein_coding,0.520960345289046,NA,NA,GCST90102597,0.85694020986557,NA,NA,NA,NA,NA,NA,NA,NA,NA,NA,NA,NA,NA,NA,NA,NA,NA,NA,NA,NA,NA,NA,NA,NA,NA,NA,NA,NA,NA,NA,NA,NA,NA,NA,NA,NA,NA,NA,NA,NA,NA,NA,NA,NA,NA,NA,NA,NA,NA,NA,NA,NA,NA,NA,NA,NA,NA,NA,NA,NA,NA,NA,NA,NA,NA,NA,NA,NA,0.8569402,NA,NA,1,TSLP,85480,GWAS,1,198,4
0.349644256285731,ENSG00000263155,MYZAP,protein_coding,0.573618425023107,NA,NA,FINNGEN_R12_CARDIAC_ARRHYTM,0.943558752536774,NA,0.9435588,NA,NA,NA,NA,NA,NA,NA,NA,NA,NA,NA,NA,NA,NA,NA,NA,NA,NA,NA,NA,NA,NA,NA,NA,NA,NA,NA,NA,NA,NA,NA,NA,NA,NA,NA,NA,NA,NA,NA,NA,NA,NA,NA,NA,NA,NA,NA,NA,NA,NA,NA,NA,NA,NA,NA,NA,NA,NA,NA,NA,NA,NA,NA,NA,NA,NA,NA,NA,NA,1,MYZAP,100820829,GWAS,1,12,1
0.349548149049588,ENSG00000145569,OTULINL,protein_coding,0.57437223211379,NA,NA,GCST90102597,0.944798707962036,NA,NA,NA,NA,NA,NA,NA,NA,NA,NA,NA,NA,NA,NA,NA,NA,NA,NA,NA,NA,NA,NA,NA,NA,NA,NA,NA,NA,NA,NA,NA,NA,NA,NA,NA,NA,NA,NA,NA,NA,NA,NA,NA,NA,NA,NA,NA,NA,NA,NA,NA,NA,NA,NA,NA,NA,NA,NA,NA,NA,NA,NA,NA,NA,NA,NA,NA,NA,0.9447987,NA,NA,1,OTULINL,54491,GWAS,1,16,0
0.348330477947282,ENSG00000171385,KCND3,protein_coding,0.569937532421594,NA,NA,FINNGEN_R12_CARDIAC_ARRHYTM,0.780241012573242,NA,0.780241,NA,NA,NA,NA,NA,NA,NA,NA,NA,NA,NA,NA,NA,NA,NA,NA,NA,NA,NA,NA,NA,NA,NA,NA,NA,NA,NA,NA,NA,NA,NA,NA,NA,NA,NA,NA,NA,NA,NA,NA,NA,NA,NA,NA,NA,NA,NA,NA,NA,NA,NA,NA,NA,NA,NA,NA,NA,NA,NA,NA,NA,NA,NA,NA,NA,NA,NA,NA,NA,1,KCND3,3752,GWAS,1,242,4
0.348071540163033,ENSG00000105974,CAV1,protein_coding,0.538152060490308,NA,NA,FINNGEN_R12_CARDIAC_ARRHYTM,0.885219275951385,NA,0.8852193,NA,NA,NA,NA,NA,NA,NA,NA,NA,NA,NA,NA,NA,NA,NA,NA,NA,NA,NA,NA,NA,NA,NA,NA,NA,NA,NA,NA,NA,NA,NA,NA,NA,NA,NA,NA,NA,NA,NA,NA,NA,NA,NA,NA,NA,NA,NA,NA,NA,NA,NA,NA,NA,NA,NA,NA,NA,NA,NA,NA,NA,NA,NA,NA,NA,NA,NA,NA,NA,1,CAV1,857,GWAS,1,500,11
0.346517334573882,ENSG00000008838,MED24,protein_coding,0.56847487624398,NA,NA,GCST90016590/GCST90016591/GCST90016594,0.64382803440094/0.63557243347168/0.625832557678223,NA,NA,NA,NA,NA,NA,NA,NA,NA,NA,NA,NA,NA,NA,NA,NA,NA,NA,NA,NA,0.643828,NA,NA,NA,NA,NA,NA,NA,NA,NA,NA,NA,NA,NA,NA,NA,NA,NA,NA,NA,NA,NA,0.6258326,NA,0.6355724,NA,NA,NA,NA,NA,NA,NA,NA,NA,NA,NA,NA,NA,NA,NA,NA,NA,NA,NA,NA,NA,NA,NA,NA,NA,NA,3,MED24,9862,GWAS,1,219,1
0.344251151781169,ENSG00000131042,LILRB2,protein_coding,0.564747177628255,NA,NA,GCST90399695,0.928966224193573,NA,NA,NA,NA,NA,NA,NA,NA,NA,NA,NA,0.9289662,NA,NA,NA,NA,NA,NA,NA,NA,NA,NA,NA,NA,NA,NA,NA,NA,NA,NA,NA,NA,NA,NA,NA,NA,NA,NA,NA,NA,NA,NA,NA,NA,NA,NA,NA,NA,NA,NA,NA,NA,NA,NA,NA,NA,NA,NA,NA,NA,NA,NA,NA,NA,NA,NA,NA,NA,NA,NA,NA,1,LILRB2,10288,GWAS,1,176,1
0.33943686868653,ENSG00000149294,NCAM1,protein_coding,0.517577761435024,NA,NA,GCST90476027,0.851376116275787,NA,NA,0.8513761,NA,NA,NA,NA,NA,NA,NA,NA,NA,NA,NA,NA,NA,NA,NA,NA,NA,NA,NA,NA,NA,NA,NA,NA,NA,NA,NA,NA,NA,NA,NA,NA,NA,NA,NA,NA,NA,NA,NA,NA,NA,NA,NA,NA,NA,NA,NA,NA,NA,NA,NA,NA,NA,NA,NA,NA,NA,NA,NA,NA,NA,NA,NA,NA,NA,NA,NA,NA,1,NCAM1,4684,GWAS,1,500,5
0.338893775714331,ENSG00000250361,GYPB,protein_coding,0.556238666199296,NA,NA,GCST90016589/GCST90016586,0.718165457248688/0.718165457248688,NA,NA,NA,NA,NA,NA,NA,NA,NA,NA,NA,NA,NA,NA,NA,NA,NA,NA,NA,NA,NA,NA,NA,NA,NA,NA,NA,NA,NA,NA,NA,NA,NA,NA,NA,NA,NA,NA,NA,NA,NA,NA,NA,0.7181655,NA,0.7181655,NA,NA,NA,NA,NA,NA,NA,NA,NA,NA,NA,NA,NA,NA,NA,NA,NA,NA,NA,NA,NA,NA,NA,NA,NA,1,GYPB,2994,GWAS,1,91,3
0.338157578557454,ENSG00000140836,ZFHX3,protein_coding,0.556243539373189,NA,NA,FINNGEN_R12_CARDIAC_ARRHYTM,0.914978384971619,NA,0.9149784,NA,NA,NA,NA,NA,NA,NA,NA,NA,NA,NA,NA,NA,NA,NA,NA,NA,NA,NA,NA,NA,NA,NA,NA,NA,NA,NA,NA,NA,NA,NA,NA,NA,NA,NA,NA,NA,NA,NA,NA,NA,NA,NA,NA,NA,NA,NA,NA,NA,NA,NA,NA,NA,NA,NA,NA,NA,NA,NA,NA,NA,NA,NA,NA,NA,NA,NA,NA,NA,1,ZFHX3,463,GWAS,1,67,4
0.338031662645697,ENSG00000114999,TTL,protein_coding,0.556036417259535,NA,NA,GCST90476027,0.914637684822083,NA,NA,0.9146377,NA,NA,NA,NA,NA,NA,NA,NA,NA,NA,NA,NA,NA,NA,NA,NA,NA,NA,NA,NA,NA,NA,NA,NA,NA,NA,NA,NA,NA,NA,NA,NA,NA,NA,NA,NA,NA,NA,NA,NA,NA,NA,NA,NA,NA,NA,NA,NA,NA,NA,NA,NA,NA,NA,NA,NA,NA,NA,NA,NA,NA,NA,NA,NA,NA,NA,NA,NA,1,TTL,150465,GWAS,1,42,1
0.337377815642961,ENSG00000162747,FCGR3B,protein_coding,0.531162812454965,NA,NA,GCST90399695,0.873722493648529,NA,NA,NA,NA,NA,NA,NA,NA,NA,NA,NA,0.8737225,NA,NA,NA,NA,NA,NA,NA,NA,NA,NA,NA,NA,NA,NA,NA,NA,NA,NA,NA,NA,NA,NA,NA,NA,NA,NA,NA,NA,NA,NA,NA,NA,NA,NA,NA,NA,NA,NA,NA,NA,NA,NA,NA,NA,NA,NA,NA,NA,NA,NA,NA,NA,NA,NA,NA,NA,NA,NA,NA,1,FCGR3B,2215,GWAS,1,500,8
0.335712153211055,ENSG00000106392,C1GALT1,protein_coding,0.552221000367095,NA,NA,GCST007611,0.908361613750458,NA,NA,NA,NA,NA,NA,NA,NA,NA,NA,NA,NA,NA,NA,NA,NA,NA,NA,NA,NA,NA,NA,NA,NA,NA,NA,0.9083616,NA,NA,NA,NA,NA,NA,NA,NA,NA,NA,NA,NA,NA,NA,NA,NA,NA,NA,NA,NA,NA,NA,NA,NA,NA,NA,NA,NA,NA,NA,NA,NA,NA,NA,NA,NA,NA,NA,NA,NA,NA,NA,NA,NA,1,C1GALT1,56913,GWAS,1,104,0
0.33508659828968,ENSG00000107105,ELAVL2,protein_coding,0.544521743018543,NA,NA,GCST007692/GCST90016585/GCST90016590/GCST90016591/GCST90016594,0.611977398395538/0.611977398395538/0.611977398395538/0.611977398395538/0.611977398395538,NA,NA,NA,NA,NA,NA,NA,NA,NA,NA,NA,NA,NA,NA,NA,NA,NA,NA,0.6119774,NA,0.6119774,0.6119774,NA,NA,NA,NA,NA,NA,NA,NA,NA,NA,NA,NA,NA,NA,NA,NA,NA,NA,NA,NA,0.6119774,NA,0.6119774,NA,NA,NA,NA,NA,NA,NA,NA,NA,NA,NA,NA,NA,NA,NA,NA,NA,NA,NA,NA,NA,NA,NA,NA,NA,NA,1,ELAVL2,1993,GWAS,1,94,0
0.333124744771928,ENSG00000151617,EDNRA,protein_coding,0.515277604414288,NA,NA,FINNGEN_R12_CARDIAC_ARRHYTM,0.847592532634735,NA,0.8475925,NA,NA,NA,NA,NA,NA,NA,NA,NA,NA,NA,NA,NA,NA,NA,NA,NA,NA,NA,NA,NA,NA,NA,NA,NA,NA,NA,NA,NA,NA,NA,NA,NA,NA,NA,NA,NA,NA,NA,NA,NA,NA,NA,NA,NA,NA,NA,NA,NA,NA,NA,NA,NA,NA,NA,NA,NA,NA,NA,NA,NA,NA,NA,NA,NA,NA,NA,NA,NA,1,EDNRA,1909,GWAS,1,127,1
0.332480682657091,ENSG00000049540,ELN,protein_coding,0.511618869820561,NA,NA,GCST90570622,0.841574192047119,NA,NA,NA,NA,NA,NA,NA,NA,NA,NA,NA,NA,NA,NA,NA,NA,NA,NA,NA,NA,NA,NA,NA,NA,NA,NA,NA,NA,NA,NA,NA,NA,NA,NA,NA,NA,NA,NA,NA,NA,NA,NA,NA,NA,NA,NA,NA,NA,NA,NA,NA,NA,NA,NA,NA,NA,NA,NA,NA,NA,NA,NA,0.8415742,NA,NA,NA,NA,NA,NA,NA,NA,1,ELN,2006,GWAS,1,256,8
0.332428690945315,ENSG00000161904,LEMD2,protein_coding,0.546819954263427,NA,NA,GCST007656,0.899477303028107,NA,NA,NA,NA,NA,NA,NA,NA,NA,NA,NA,NA,NA,NA,NA,NA,NA,NA,NA,NA,NA,NA,NA,NA,NA,NA,NA,NA,NA,NA,NA,NA,NA,NA,NA,NA,NA,NA,NA,NA,NA,NA,NA,NA,NA,NA,NA,NA,NA,NA,NA,NA,NA,NA,0.8994773,NA,NA,NA,NA,NA,NA,NA,NA,NA,NA,NA,NA,NA,NA,NA,NA,1,LEMD2,221496,GWAS,1,77,1
0.332391528216521,ENSG00000116406,EDEM3,protein_coding,0.539767620223908,NA,NA,GCST90480253,0.887876749038696,NA,NA,NA,NA,NA,NA,NA,NA,NA,NA,NA,NA,NA,NA,NA,NA,NA,NA,NA,NA,NA,NA,NA,NA,NA,NA,NA,NA,NA,NA,NA,NA,NA,NA,NA,NA,NA,NA,NA,NA,NA,NA,NA,NA,NA,NA,NA,NA,NA,NA,NA,NA,NA,NA,NA,NA,NA,NA,NA,NA,NA,NA,NA,NA,NA,NA,NA,NA,NA,0.8878767,NA,1,EDEM3,80267,GWAS,1,82,1
0.331120055421555,ENSG00000180902,D2HGDH,protein_coding,0.544667348195595,NA,NA,GCST90102597,0.89593642950058,NA,NA,NA,NA,NA,NA,NA,NA,NA,NA,NA,NA,NA,NA,NA,NA,NA,NA,NA,NA,NA,NA,NA,NA,NA,NA,NA,NA,NA,NA,NA,NA,NA,NA,NA,NA,NA,NA,NA,NA,NA,NA,NA,NA,NA,NA,NA,NA,NA,NA,NA,NA,NA,NA,NA,NA,NA,NA,NA,NA,NA,NA,NA,NA,NA,NA,NA,NA,0.8959364,NA,NA,1,D2HGDH,728294,GWAS,1,37,0
0.32986468517751,ENSG00000138795,LEF1,protein_coding,0.532729816619584,NA,NA,FINNGEN_R12_CARDIAC_ARRHYTM,0.876300096511841,NA,0.8763001,NA,NA,NA,NA,NA,NA,NA,NA,NA,NA,NA,NA,NA,NA,NA,NA,NA,NA,NA,NA,NA,NA,NA,NA,NA,NA,NA,NA,NA,NA,NA,NA,NA,NA,NA,NA,NA,NA,NA,NA,NA,NA,NA,NA,NA,NA,NA,NA,NA,NA,NA,NA,NA,NA,NA,NA,NA,NA,NA,NA,NA,NA,NA,NA,NA,NA,NA,NA,NA,1,LEF1,51176,GWAS,1,419,5
0.32828099980159,ENSG00000064270,ATP2C2,protein_coding,0.514747080469921,NA,NA,GCST001737_4,0.846719861030579,NA,NA,NA,NA,NA,NA,NA,NA,NA,NA,NA,NA,NA,NA,NA,NA,NA,NA,NA,NA,NA,NA,NA,NA,NA,NA,NA,NA,NA,NA,NA,NA,NA,NA,NA,NA,NA,NA,NA,NA,NA,NA,NA,NA,NA,NA,NA,NA,NA,NA,NA,NA,NA,NA,NA,NA,NA,NA,NA,NA,NA,NA,NA,NA,NA,NA,NA,NA,NA,NA,0.8467199,1,ATP2C2,9914,GWAS,1,47,0
0.328141359887647,ENSG00000176641,RNF152,protein_coding,0.539767620223908,NA,NA,GCST90480253,0.887876749038696,NA,NA,NA,NA,NA,NA,NA,NA,NA,NA,NA,NA,NA,NA,NA,NA,NA,NA,NA,NA,NA,NA,NA,NA,NA,NA,NA,NA,NA,NA,NA,NA,NA,NA,NA,NA,NA,NA,NA,NA,NA,NA,NA,NA,NA,NA,NA,NA,NA,NA,NA,NA,NA,NA,NA,NA,NA,NA,NA,NA,NA,NA,NA,NA,NA,NA,NA,NA,NA,0.8878767,NA,1,RNF152,220441,GWAS,1,32,0
0.327970769821054,ENSG00000205302,SNX2,protein_coding,0.539487012517796,NA,NA,GCST90570622,0.887415170669556,NA,NA,NA,NA,NA,NA,NA,NA,NA,NA,NA,NA,NA,NA,NA,NA,NA,NA,NA,NA,NA,NA,NA,NA,NA,NA,NA,NA,NA,NA,NA,NA,NA,NA,NA,NA,NA,NA,NA,NA,NA,NA,NA,NA,NA,NA,NA,NA,NA,NA,NA,NA,NA,NA,NA,NA,NA,NA,NA,NA,NA,NA,0.8874152,NA,NA,NA,NA,NA,NA,NA,NA,1,SNX2,6643,GWAS,1,140,0
0.324565607625505,ENSG00000115380,EFEMP1,protein_coding,0.516326374508032,NA,NA,GCST90570622,0.729673683643341,NA,NA,NA,NA,NA,NA,NA,NA,NA,NA,NA,NA,NA,NA,NA,NA,NA,NA,NA,NA,NA,NA,NA,NA,NA,NA,NA,NA,NA,NA,NA,NA,NA,NA,NA,NA,NA,NA,NA,NA,NA,NA,NA,NA,NA,NA,NA,NA,NA,NA,NA,NA,NA,NA,NA,NA,NA,NA,NA,NA,NA,NA,0.7296737,NA,NA,NA,NA,NA,NA,NA,NA,1,EFEMP1,2202,GWAS,1,88,3
0.324435140331916,ENSG00000180346,TIGD2,protein_coding,0.533671170479477,NA,NA,GCST90480253,0.777377784252167,NA,NA,NA,NA,NA,NA,NA,NA,NA,NA,NA,NA,NA,NA,NA,NA,NA,NA,NA,NA,NA,NA,NA,NA,NA,NA,NA,NA,NA,NA,NA,NA,NA,NA,NA,NA,NA,NA,NA,NA,NA,NA,NA,NA,NA,NA,NA,NA,NA,NA,NA,NA,NA,NA,NA,NA,NA,NA,NA,NA,NA,NA,NA,NA,NA,NA,NA,NA,NA,0.7773778,NA,1,TIGD2,166815,GWAS,1,10,0
0.324414157346516,ENSG00000116132,PRRX1,protein_coding,0.518416432064926,NA,NA,FINNGEN_R12_CARDIAC_ARRHYTM,0.852755665779114,NA,0.8527557,NA,NA,NA,NA,NA,NA,NA,NA,NA,NA,NA,NA,NA,NA,NA,NA,NA,NA,NA,NA,NA,NA,NA,NA,NA,NA,NA,NA,NA,NA,NA,NA,NA,NA,NA,NA,NA,NA,NA,NA,NA,NA,NA,NA,NA,NA,NA,NA,NA,NA,NA,NA,NA,NA,NA,NA,NA,NA,NA,NA,NA,NA,NA,NA,NA,NA,NA,NA,NA,1,PRRX1,5396,GWAS,1,73,4
0.324242994668478,ENSG00000111271,ACAD10,protein_coding,0.533355105453338,NA,NA,GCST90018807/GCST90013709,0.737688899040222/0.558559000492096,NA,NA,NA,NA,NA,NA,NA,NA,NA,NA,NA,NA,NA,NA,NA,NA,0.7376889,NA,NA,0.558559,NA,NA,NA,NA,NA,NA,NA,NA,NA,NA,NA,NA,NA,NA,NA,NA,NA,NA,NA,NA,NA,NA,NA,NA,NA,NA,NA,NA,NA,NA,NA,NA,NA,NA,NA,NA,NA,NA,NA,NA,NA,NA,NA,NA,NA,NA,NA,NA,NA,NA,NA,2,ACAD10,80724,GWAS,1,89,3
0.322948131076409,ENSG00000185313,SCN10A,protein_coding,0.530009291572169,NA,NA,FINNGEN_R12_CARDIAC_ARRHYTM,0.871825039386749,NA,0.871825,NA,NA,NA,NA,NA,NA,NA,NA,NA,NA,NA,NA,NA,NA,NA,NA,NA,NA,NA,NA,NA,NA,NA,NA,NA,NA,NA,NA,NA,NA,NA,NA,NA,NA,NA,NA,NA,NA,NA,NA,NA,NA,NA,NA,NA,NA,NA,NA,NA,NA,NA,NA,NA,NA,NA,NA,NA,NA,NA,NA,NA,NA,NA,NA,NA,NA,NA,NA,NA,1,SCN10A,6336,GWAS,1,139,6
0.322732350679045,ENSG00000162777,DENND2D,protein_coding,0.530870210798605,NA,NA,GCST007692,0.873241186141968,NA,NA,NA,NA,NA,NA,NA,NA,NA,NA,NA,NA,NA,NA,NA,NA,NA,NA,NA,NA,NA,0.8732412,NA,NA,NA,NA,NA,NA,NA,NA,NA,NA,NA,NA,NA,NA,NA,NA,NA,NA,NA,NA,NA,NA,NA,NA,NA,NA,NA,NA,NA,NA,NA,NA,NA,NA,NA,NA,NA,NA,NA,NA,NA,NA,NA,NA,NA,NA,NA,NA,NA,1,DENND2D,79961,GWAS,1,25,0
0.317667664627309,ENSG00000002822,MAD1L1,protein_coding,0.518230308423081,NA,NA,GCST90476027/GCST90476029,0.714403033256531/0.552185893058777,NA,NA,0.714403,NA,NA,NA,NA,NA,NA,NA,NA,NA,NA,NA,NA,NA,NA,NA,NA,NA,NA,NA,NA,NA,NA,NA,NA,NA,NA,NA,NA,NA,NA,NA,NA,NA,NA,NA,NA,NA,NA,NA,NA,NA,NA,NA,NA,NA,NA,NA,NA,0.5521859,NA,NA,NA,NA,NA,NA,NA,NA,NA,NA,NA,NA,NA,NA,NA,NA,NA,NA,NA,2,MAD1L1,8379,GWAS,1,124,1
0.317136379691881,ENSG00000165895,ARHGAP42,protein_coding,0.519765479701618,NA,NA,GCST007611,0.854974746704102,NA,NA,NA,NA,NA,NA,NA,NA,NA,NA,NA,NA,NA,NA,NA,NA,NA,NA,NA,NA,NA,NA,NA,NA,NA,NA,0.8549747,NA,NA,NA,NA,NA,NA,NA,NA,NA,NA,NA,NA,NA,NA,NA,NA,NA,NA,NA,NA,NA,NA,NA,NA,NA,NA,NA,NA,NA,NA,NA,NA,NA,NA,NA,NA,NA,NA,NA,NA,NA,NA,NA,NA,1,ARHGAP42,143872,GWAS,1,27,0
0.315960845833974,ENSG00000120457,KCNJ5,protein_coding,0.519731599509829,NA,NA,FINNGEN_R12_CARDIAC_ARRHYTM,0.854919016361237,NA,0.854919,NA,NA,NA,NA,NA,NA,NA,NA,NA,NA,NA,NA,NA,NA,NA,NA,NA,NA,NA,NA,NA,NA,NA,NA,NA,NA,NA,NA,NA,NA,NA,NA,NA,NA,NA,NA,NA,NA,NA,NA,NA,NA,NA,NA,NA,NA,NA,NA,NA,NA,NA,NA,NA,NA,NA,NA,NA,NA,NA,NA,NA,NA,NA,NA,NA,NA,NA,NA,NA,1,KCNJ5,3762,GWAS,1,121,5
0.314854039858981,ENSG00000110693,SOX6,protein_coding,0.516847108828355,NA,NA,GCST90476027,0.850174248218536,NA,NA,0.8501742,NA,NA,NA,NA,NA,NA,NA,NA,NA,NA,NA,NA,NA,NA,NA,NA,NA,NA,NA,NA,NA,NA,NA,NA,NA,NA,NA,NA,NA,NA,NA,NA,NA,NA,NA,NA,NA,NA,NA,NA,NA,NA,NA,NA,NA,NA,NA,NA,NA,NA,NA,NA,NA,NA,NA,NA,NA,NA,NA,NA,NA,NA,NA,NA,NA,NA,NA,NA,1,SOX6,55553,GWAS,1,97,4
0.314683559994511,ENSG00000006071,ABCC8,protein_coding,0.514565576854229,NA,NA,GCST90476027,0.846421301364899,NA,NA,0.8464213,NA,NA,NA,NA,NA,NA,NA,NA,NA,NA,NA,NA,NA,NA,NA,NA,NA,NA,NA,NA,NA,NA,NA,NA,NA,NA,NA,NA,NA,NA,NA,NA,NA,NA,NA,NA,NA,NA,NA,NA,NA,NA,NA,NA,NA,NA,NA,NA,NA,NA,NA,NA,NA,NA,NA,NA,NA,NA,NA,NA,NA,NA,NA,NA,NA,NA,NA,NA,1,ABCC8,6833,GWAS,1,154,5
0.314191541103222,ENSG00000144642,RBMS3,protein_coding,0.510171660216428,NA,NA,GCST90476027,0.839193642139435,NA,NA,0.8391936,NA,NA,NA,NA,NA,NA,NA,NA,NA,NA,NA,NA,NA,NA,NA,NA,NA,NA,NA,NA,NA,NA,NA,NA,NA,NA,NA,NA,NA,NA,NA,NA,NA,NA,NA,NA,NA,NA,NA,NA,NA,NA,NA,NA,NA,NA,NA,NA,NA,NA,NA,NA,NA,NA,NA,NA,NA,NA,NA,NA,NA,NA,NA,NA,NA,NA,NA,NA,1,RBMS3,27303,GWAS,1,29,0
0.313110201583235,ENSG00000114861,FOXP1,protein_coding,0.504309408678437,NA,NA,GCST90476027,0.829550683498383,NA,NA,0.8295507,NA,NA,NA,NA,NA,NA,NA,NA,NA,NA,NA,NA,NA,NA,NA,NA,NA,NA,NA,NA,NA,NA,NA,NA,NA,NA,NA,NA,NA,NA,NA,NA,NA,NA,NA,NA,NA,NA,NA,NA,NA,NA,NA,NA,NA,NA,NA,NA,NA,NA,NA,NA,NA,NA,NA,NA,NA,NA,NA,NA,NA,NA,NA,NA,NA,NA,NA,NA,1,FOXP1,27086,GWAS,1,119,0
0.312670995252207,ENSG00000077097,TOP2B,protein_coding,0.514320045111381,NA,NA,GCST90016591,0.846017420291901,NA,NA,NA,NA,NA,NA,NA,NA,NA,NA,NA,NA,NA,NA,NA,NA,NA,NA,NA,NA,NA,NA,NA,NA,NA,NA,NA,NA,NA,NA,NA,NA,NA,NA,NA,NA,NA,NA,NA,NA,NA,NA,NA,NA,0.8460174,NA,NA,NA,NA,NA,NA,NA,NA,NA,NA,NA,NA,NA,NA,NA,NA,NA,NA,NA,NA,NA,NA,NA,NA,NA,NA,1,TOP2B,7155,GWAS,1,242,1
0.310924283242993,ENSG00000089225,TBX5,protein_coding,0.508770252283334,NA,NA,FINNGEN_R12_CARDIAC_ARRHYTM,0.836888432502747,NA,0.8368884,NA,NA,NA,NA,NA,NA,NA,NA,NA,NA,NA,NA,NA,NA,NA,NA,NA,NA,NA,NA,NA,NA,NA,NA,NA,NA,NA,NA,NA,NA,NA,NA,NA,NA,NA,NA,NA,NA,NA,NA,NA,NA,NA,NA,NA,NA,NA,NA,NA,NA,NA,NA,NA,NA,NA,NA,NA,NA,NA,NA,NA,NA,NA,NA,NA,NA,NA,NA,NA,1,TBX5,6910,GWAS,1,131,6
0.31044794938957,ENSG00000173068,BNC2,protein_coding,0.510663303470112,NA,NA,FINNGEN_R12_CARDIAC_ARRHYTM,0.840002357959747,NA,0.8400024,NA,NA,NA,NA,NA,NA,NA,NA,NA,NA,NA,NA,NA,NA,NA,NA,NA,NA,NA,NA,NA,NA,NA,NA,NA,NA,NA,NA,NA,NA,NA,NA,NA,NA,NA,NA,NA,NA,NA,NA,NA,NA,NA,NA,NA,NA,NA,NA,NA,NA,NA,NA,NA,NA,NA,NA,NA,NA,NA,NA,NA,NA,NA,NA,NA,NA,NA,NA,NA,1,BNC2,54796,GWAS,1,35,0
0.309788454888841,ENSG00000072110,ACTN1,protein_coding,0.509578485093875,NA,NA,GCST90476027,0.838217914104462,NA,NA,0.8382179,NA,NA,NA,NA,NA,NA,NA,NA,NA,NA,NA,NA,NA,NA,NA,NA,NA,NA,NA,NA,NA,NA,NA,NA,NA,NA,NA,NA,NA,NA,NA,NA,NA,NA,NA,NA,NA,NA,NA,NA,NA,NA,NA,NA,NA,NA,NA,NA,NA,NA,NA,NA,NA,NA,NA,NA,NA,NA,NA,NA,NA,NA,NA,NA,NA,NA,NA,NA,1,ACTN1,87,GWAS,1,252,2
0.309611828965037,ENSG00000112273,HDGFL1,protein_coding,0.509287948860971,NA,NA,FINNGEN_R12_CARDIAC_ARRHYTM,0.837740004062653,NA,0.83774,NA,NA,NA,NA,NA,NA,NA,NA,NA,NA,NA,NA,NA,NA,NA,NA,NA,NA,NA,NA,NA,NA,NA,NA,NA,NA,NA,NA,NA,NA,NA,NA,NA,NA,NA,NA,NA,NA,NA,NA,NA,NA,NA,NA,NA,NA,NA,NA,NA,NA,NA,NA,NA,NA,NA,NA,NA,NA,NA,NA,NA,NA,NA,NA,NA,NA,NA,NA,NA,1,HDGFL1,154150,GWAS,1,15,0
0.309461668828555,ENSG00000261857,MIA,protein_coding,0.508433016040973,NA,NA,GCST90016590,0.709604024887085,NA,NA,NA,NA,NA,NA,NA,NA,NA,NA,NA,NA,NA,NA,NA,NA,NA,NA,NA,NA,0.709604,NA,NA,NA,NA,NA,NA,NA,NA,NA,NA,NA,NA,NA,NA,NA,NA,NA,NA,NA,NA,NA,NA,NA,NA,NA,NA,NA,NA,NA,NA,NA,NA,NA,NA,NA,NA,NA,NA,NA,NA,NA,NA,NA,NA,NA,NA,NA,NA,NA,NA,1,MIA,8190,GWAS,1,18,1
0.309303304846004,ENSG00000164916,FOXK1,protein_coding,0.507564588517133,NA,NA,FINNGEN_R12_CARDIAC_ARRHYTM,0.834905207157135,NA,0.8349052,NA,NA,NA,NA,NA,NA,NA,NA,NA,NA,NA,NA,NA,NA,NA,NA,NA,NA,NA,NA,NA,NA,NA,NA,NA,NA,NA,NA,NA,NA,NA,NA,NA,NA,NA,NA,NA,NA,NA,NA,NA,NA,NA,NA,NA,NA,NA,NA,NA,NA,NA,NA,NA,NA,NA,NA,NA,NA,NA,NA,NA,NA,NA,NA,NA,NA,NA,NA,NA,1,FOXK1,221937,GWAS,1,82,0
0.308746674745595,ENSG00000135148,TRAFD1,protein_coding,0.507864835863833,NA,NA,GCST90018587,0.835399091243744,NA,NA,NA,NA,NA,NA,NA,NA,NA,NA,NA,NA,NA,NA,NA,NA,NA,NA,NA,NA,NA,NA,NA,NA,NA,NA,NA,NA,NA,NA,NA,NA,NA,NA,NA,NA,NA,NA,NA,NA,NA,NA,NA,NA,NA,NA,NA,0.8353991,NA,NA,NA,NA,NA,NA,NA,NA,NA,NA,NA,NA,NA,NA,NA,NA,NA,NA,NA,NA,NA,NA,NA,1,TRAFD1,10906,GWAS,1,42,2
0.308705447283717,ENSG00000091831,ESR1,protein_coding,0.500270781110681,NA,NA,GCST90476027,0.822907447814941,NA,NA,0.8229074,NA,NA,NA,NA,NA,NA,NA,NA,NA,NA,NA,NA,NA,NA,NA,NA,NA,NA,NA,NA,NA,NA,NA,NA,NA,NA,NA,NA,NA,NA,NA,NA,NA,NA,NA,NA,NA,NA,NA,NA,NA,NA,NA,NA,NA,NA,NA,NA,NA,NA,NA,NA,NA,NA,NA,NA,NA,NA,NA,NA,NA,NA,NA,NA,NA,NA,NA,NA,1,ESR1,2099,GWAS,1,500,14
0.308655035453624,ENSG00000212710,CTAGE1,protein_coding,0.507714096186996,NA,NA,GCST90476027,0.835151135921478,NA,NA,0.8351511,NA,NA,NA,NA,NA,NA,NA,NA,NA,NA,NA,NA,NA,NA,NA,NA,NA,NA,NA,NA,NA,NA,NA,NA,NA,NA,NA,NA,NA,NA,NA,NA,NA,NA,NA,NA,NA,NA,NA,NA,NA,NA,NA,NA,NA,NA,NA,NA,NA,NA,NA,NA,NA,NA,NA,NA,NA,NA,NA,NA,NA,NA,NA,NA,NA,NA,NA,NA,1,CTAGE1,64693,GWAS,1,9,0
0.308487309114905,ENSG00000183785,TUBA8,protein_coding,0.507438199095785,NA,NA,FINNGEN_R12_CARDIAC_ARRHYTM,0.834697306156158,NA,0.8346973,NA,NA,NA,NA,NA,NA,NA,NA,NA,NA,NA,NA,NA,NA,NA,NA,NA,NA,NA,NA,NA,NA,NA,NA,NA,NA,NA,NA,NA,NA,NA,NA,NA,NA,NA,NA,NA,NA,NA,NA,NA,NA,NA,NA,NA,NA,NA,NA,NA,NA,NA,NA,NA,NA,NA,NA,NA,NA,NA,NA,NA,NA,NA,NA,NA,NA,NA,NA,NA,1,TUBA8,51807,GWAS,1,130,2
0.308397969146758,ENSG00000138741,TRPC3,protein_coding,0.503352356672519,NA,NA,FINNGEN_R12_CARDIAC_ARRHYTM,0.827976405620575,NA,0.8279764,NA,NA,NA,NA,NA,NA,NA,NA,NA,NA,NA,NA,NA,NA,NA,NA,NA,NA,NA,NA,NA,NA,NA,NA,NA,NA,NA,NA,NA,NA,NA,NA,NA,NA,NA,NA,NA,NA,NA,NA,NA,NA,NA,NA,NA,NA,NA,NA,NA,NA,NA,NA,NA,NA,NA,NA,NA,NA,NA,NA,NA,NA,NA,NA,NA,NA,NA,NA,NA,1,TRPC3,7222,GWAS,1,96,2
0.30783171368982,ENSG00000011523,CEP68,protein_coding,0.506359794402913,NA,NA,FINNGEN_R12_CARDIAC_ARRHYTM,0.832923412322998,NA,0.8329234,NA,NA,NA,NA,NA,NA,NA,NA,NA,NA,NA,NA,NA,NA,NA,NA,NA,NA,NA,NA,NA,NA,NA,NA,NA,NA,NA,NA,NA,NA,NA,NA,NA,NA,NA,NA,NA,NA,NA,NA,NA,NA,NA,NA,NA,NA,NA,NA,NA,NA,NA,NA,NA,NA,NA,NA,NA,NA,NA,NA,NA,NA,NA,NA,NA,NA,NA,NA,NA,1,CEP68,23177,GWAS,1,16,0
0.305433794504838,ENSG00000263001,GTF2I,protein_coding,0.500135658934016,NA,NA,GCST007611,0.822685182094574,NA,NA,NA,NA,NA,NA,NA,NA,NA,NA,NA,NA,NA,NA,NA,NA,NA,NA,NA,NA,NA,NA,NA,NA,NA,NA,0.8226852,NA,NA,NA,NA,NA,NA,NA,NA,NA,NA,NA,NA,NA,NA,NA,NA,NA,NA,NA,NA,NA,NA,NA,NA,NA,NA,NA,NA,NA,NA,NA,NA,NA,NA,NA,NA,NA,NA,NA,NA,NA,NA,NA,NA,1,GTF2I,2969,GWAS,1,101,3
