score,target.id,target.approvedSymbol,target.biotype,gwas_credible_sets,clingen,geneburden,GWAS.id,L2G,GCST007278,GCST007400,GCST90270940,GCST004867,GCST90243963,GCST003620,GCST003155,GCST001795,GCST90020042,GCST000144,GCST001708,GCST90011866,GCST005752,GCST003156,GCST003599,GCST011096,GCST000507,GCST011426,GCST003622,GCST011956,GCST90255371,GCST003252,GCST000996,GCST003097_2,FINNGEN_R12_SLE_FG,GCST90103801,GCST90018917,GCST002463,GCST90480453,GCST002069,GCST000216,GCST000143,GCST90480452,GCST000592,GCST90651142,GCST90651141,GCST011493,GCST008727,GCST90014462,GCST90014463,GCST011097,GCST90255370,GCST90255372,GCST90102279,GCST90102276,GCST000142,GCST90476183,GCST001384,GCST011491,GCST005754,GCST90100585,GWAS.count,name,NCBI.id,list.name,list.count,N.PPI,degree
0.751318297739958,ENSG00000163687,DNASE1L3,protein_coding,0.566700814569761,0.607930797611621,NA,GCST007278,0.932179808616638,0.9321798,NA,NA,NA,NA,NA,NA,NA,NA,NA,NA,NA,NA,NA,NA,NA,NA,NA,NA,NA,NA,NA,NA,NA,NA,NA,NA,NA,NA,NA,NA,NA,NA,NA,NA,NA,NA,NA,NA,NA,NA,NA,NA,NA,NA,NA,NA,NA,NA,NA,NA,1,DNASE1L3,1776,GWAS/Rare,2,8,1
0.654485820546593,ENSG00000136573,BLK,protein_coding,0.803182092159564,NA,NA,GCST007400/GCST007278/GCST90270940/GCST004867/GCST90243963/GCST003620/GCST003155/GCST001795/GCST90020042/GCST000144/GCST001708/GCST90011866/GCST90011866/GCST005752/GCST003156/GCST003599/GCST011096/GCST000507/GCST011426/GCST003622/GCST011956,0.827397704124451/0.826984286308289/0.824730217456818/0.822034358978271/0.818196892738342/0.810498476028442/0.810498476028442/0.807536602020264/0.807536602020264/0.805546045303345/0.805546045303345/0.801513314247131/0.800205409526825/0.788946390151978/0.787659168243408/0.786059558391571/0.783602714538574/0.775321483612061/0.774016559123993/0.767531931400299/0.758580386638641,0.8269843,0.8273977,0.8247302,0.8220344,0.8181969,0.8104985,0.8104985,0.8075366,0.8075366,0.805546,0.805546,0.8002054,0.7889464,0.7876592,0.7860596,0.7836027,0.7753215,0.7740166,0.7675319,0.7585804,NA,NA,NA,NA,NA,NA,NA,NA,NA,NA,NA,NA,NA,NA,NA,NA,NA,NA,NA,NA,NA,NA,NA,NA,NA,NA,NA,NA,NA,NA,NA,18,BLK,640,GWAS,1,139,21
0.653618376338648,ENSG00000128604,IRF5,protein_coding,0.877220985430557,NA,NA,GCST000507/GCST90011866/GCST011956/GCST90243963/GCST011096/GCST003156/GCST003156/GCST90011866/GCST90011866/GCST001795/GCST90255371/GCST005752/GCST90270940/GCST003155/GCST003252/GCST004867/GCST003622/GCST000996,0.912611901760101/0.910804688930511/0.900737285614014/0.899495899677277/0.896361112594604/0.896314561367035/0.895848333835602/0.895727097988129/0.880745530128479/0.800026655197144/0.715304553508759/0.684201240539551/0.620644390583038/0.615518510341644/0.599075794219971/0.593316316604614/0.593110978603363/0.502538204193115,NA,NA,0.6206444,0.5933163,0.8994959,NA,0.6155185,0.8000267,NA,NA,NA,0.8807455,0.6842012,0.8958483,NA,0.8963611,0.9126119,NA,0.593111,0.9007373,0.7153046,0.5990758,0.5025382,NA,NA,NA,NA,NA,NA,NA,NA,NA,NA,NA,NA,NA,NA,NA,NA,NA,NA,NA,NA,NA,NA,NA,NA,NA,NA,NA,NA,18,IRF5,3663,GWAS,1,186,23
0.631671312358997,ENSG00000134242,PTPN22,protein_coding,0.857615387321576,NA,NA,GCST90270940/GCST005752/GCST003620/GCST003155/GCST003622/GCST004867/GCST007400/GCST003097_2/GCST007278/FINNGEN_R12_SLE_FG/GCST003156,0.913905203342438/0.910521686077118/0.910521686077118/0.910521686077118/0.908314943313599/0.908314943313599/0.771594524383545/0.756896436214447/0.71750670671463/0.71750670671463/0.71750670671463,0.7175067,0.7715945,0.9139052,0.9083149,NA,0.9105217,0.9105217,NA,NA,NA,NA,NA,0.9105217,0.7175067,NA,NA,NA,NA,0.9083149,NA,NA,NA,NA,0.7568964,0.7175067,NA,NA,NA,NA,NA,NA,NA,NA,NA,NA,NA,NA,NA,NA,NA,NA,NA,NA,NA,NA,NA,NA,NA,NA,NA,NA,6,PTPN22,26191,GWAS,1,157,25
0.619237464152109,ENSG00000138378,STAT4,protein_coding,0.783660060818217,NA,NA,GCST007400/GCST011426/GCST003599/GCST001708/GCST000996/GCST004867/GCST000144/GCST90103801/FINNGEN_R12_SLE_FG/GCST90018917/GCST002463/GCST005752/GCST90243963/GCST000507/GCST90480453/GCST001795/GCST003156/GCST007278/GCST003622/GCST90011866/GCST003155/GCST011956/GCST90011866/GCST011096/GCST003156/GCST002069/GCST003252/GCST90020042/GCST000216/GCST90011866/GCST90270940/GCST90011866/GCST90011866,0.804636776447296/0.794981479644775/0.793468236923218/0.788216054439545/0.788216054439545/0.788216054439545/0.788216054439545/0.788216054439545/0.788216054439545/0.788216054439545/0.785865247249603/0.784054577350616/0.783547937870026/0.781962990760803/0.780702352523804/0.774290978908539/0.772516489028931/0.771930873394012/0.757854998111725/0.750417113304138/0.738602936267853/0.735117673873901/0.735117673873901/0.735117673873901/0.722107291221619/0.720285356044769/0.713157892227173/0.655907511711121/0.553015768527985/0.550616919994354/0.543265283107758/0.539988219738007/0.507080316543579,0.7719309,0.8046368,0.5432653,0.7882161,0.7835479,NA,0.7386029,0.774291,0.6559075,0.7882161,0.7882161,0.5070803,0.7840546,0.7221073,0.7934682,0.7351177,0.781963,0.7949815,0.757855,0.7351177,NA,0.7131579,0.7882161,NA,0.7882161,0.7882161,0.7882161,0.7858652,0.7807024,0.7202854,0.5530158,NA,NA,NA,NA,NA,NA,NA,NA,NA,NA,NA,NA,NA,NA,NA,NA,NA,NA,NA,NA,25,STAT4,6775,GWAS,1,231,28
0.568740351888072,ENSG00000117586,TNFSF4,protein_coding,0.774435142140611,NA,NA,GCST011956/GCST005752/GCST011096/GCST90011866/GCST90011866/GCST000507/GCST003599/GCST90020042/GCST001795/GCST004867/GCST003155/GCST90270940/GCST90011866/GCST003252,0.816118776798248/0.80371505022049/0.790365755558014/0.789731204509735/0.781897187232971/0.771169424057007/0.766853928565979/0.761413753032684/0.761413753032684/0.761413753032684/0.753233671188354/0.731288433074951/0.535275042057037/0.527731895446777,NA,NA,0.7312884,0.7614138,NA,NA,0.7532337,0.7614138,0.7614138,NA,NA,0.535275,0.8037151,NA,0.7668539,0.7903658,0.7711694,NA,NA,0.8161188,NA,0.5277319,NA,NA,NA,NA,NA,NA,NA,NA,NA,NA,NA,NA,NA,NA,NA,NA,NA,NA,NA,NA,NA,NA,NA,NA,NA,NA,NA,NA,NA,12,TNFSF4,7292,GWAS,1,135,17
0.562238810796851,ENSG00000143226,FCGR2A,protein_coding,0.848646067518081,NA,NA,GCST003156/GCST011096/GCST005752/GCST003155/GCST003622/GCST007400/GCST90270940,0.933605432510376/0.933605432510376/0.930665135383606/0.930665135383606/0.928049087524414/0.646775126457214/0.602200329303741,NA,0.6467751,0.6022003,NA,NA,NA,0.9306651,NA,NA,NA,NA,NA,0.9306651,0.9336054,NA,0.9336054,NA,NA,0.9280491,NA,NA,NA,NA,NA,NA,NA,NA,NA,NA,NA,NA,NA,NA,NA,NA,NA,NA,NA,NA,NA,NA,NA,NA,NA,NA,NA,NA,NA,NA,NA,NA,5,FCGR2A,2212,GWAS,1,320,16
0.558397267035555,ENSG00000153064,BANK1,protein_coding,0.842529753735536,NA,NA,GCST90011866/GCST90243963/GCST011956/GCST005752/GCST000143/GCST011096/GCST003156/GCST003155/GCST90270940/GCST007400,0.901322364807129/0.886208176612854/0.885700643062592/0.882711052894592/0.879519402980804/0.872908592224121/0.87065863609314/0.866064071655273/0.861057281494141/0.808306813240051,NA,0.8083068,0.8610573,NA,0.8862082,NA,0.8660641,NA,NA,NA,NA,0.9013224,0.8827111,0.8706586,NA,0.8729086,NA,NA,NA,0.8857006,NA,NA,NA,NA,NA,NA,NA,NA,NA,NA,NA,0.8795194,NA,NA,NA,NA,NA,NA,NA,NA,NA,NA,NA,NA,NA,NA,NA,NA,NA,NA,NA,10,BANK1,55024,GWAS,1,51,13
0.550441053755895,ENSG00000116701,NCF2,protein_coding,0.886631956988768,NA,NA,GCST011956/GCST90103801/GCST007278/GCST90480452/GCST003622/GCST003155/GCST003156/FINNGEN_R12_SLE_FG/GCST90270940/GCST011096,0.945349395275116/0.938450872898102/0.938450872898102/0.938450872898102/0.935265123844147/0.935265123844147/0.935265123844147/0.918680965900421/0.840017914772034/0.835241556167603,0.9384509,NA,0.8400179,NA,NA,NA,0.9352651,NA,NA,NA,NA,NA,NA,0.9352651,NA,0.8352416,NA,NA,0.9352651,0.9453494,NA,NA,NA,NA,0.918681,0.9384509,NA,NA,NA,NA,NA,NA,0.9384509,NA,NA,NA,NA,NA,NA,NA,NA,NA,NA,NA,NA,NA,NA,NA,NA,NA,NA,6,NCF2,4688,GWAS,1,159,10
0.550433078944274,ENSG00000105397,TYK2,protein_coding,0.850631467221048,NA,NA,GCST007278/GCST005752/GCST003156/GCST003622/GCST003155/GCST007400/GCST90270940/GCST90243963/GCST011956,0.910432457923889/0.906984806060791/0.905794680118561/0.894687235355377/0.894687235355377/0.89300400018692/0.887318968772888/0.878929555416107/0.683059453964233,0.9104325,0.893004,0.887319,NA,0.8789296,NA,0.8946872,NA,NA,NA,NA,NA,0.9069848,0.9057947,NA,NA,NA,NA,0.8946872,0.6830595,NA,NA,NA,NA,NA,NA,NA,NA,NA,NA,NA,NA,NA,NA,NA,NA,NA,NA,NA,NA,NA,NA,NA,NA,NA,NA,NA,NA,NA,NA,NA,8,TYK2,7297,GWAS,1,289,19
0.540571494417912,ENSG00000145901,TNIP1,protein_coding,0.865012843808324,NA,NA,GCST90270940/GCST007278/GCST003252/GCST90480453/GCST003156/GCST004867/GCST011096/GCST011956/GCST003155/GCST005752/GCST90243963/GCST003622/GCST90011866/GCST000507,0.930980980396271/0.856804013252258/0.854100108146667/0.850575804710388/0.850575804710388/0.850369453430176/0.849917054176331/0.849420428276062/0.84677118062973/0.84677118062973/0.84677118062973/0.84677118062973/0.84677118062973/0.843508303165436,0.856804,NA,0.930981,0.8503695,0.8467712,NA,0.8467712,NA,NA,NA,NA,0.8467712,0.8467712,0.8505758,NA,0.8499171,0.8435083,NA,0.8467712,0.8494204,NA,0.8541001,NA,NA,NA,NA,NA,NA,0.8505758,NA,NA,NA,NA,NA,NA,NA,NA,NA,NA,NA,NA,NA,NA,NA,NA,NA,NA,NA,NA,NA,NA,9,TNIP1,10318,GWAS,1,92,16
0.527201633967575,ENSG00000118503,TNFAIP3,protein_coding,0.866446742324328,NA,NA,GCST005752/GCST003620/GCST90011866/GCST004867/GCST000216/GCST003622/GCST90011866/GCST90011866/GCST000507/GCST90011866/GCST90011866/GCST001795/GCST011956/GCST003599/GCST002069/GCST90243963/GCST011096/GCST90270940/GCST003155,0.900940477848053/0.883751273155212/0.881813108921051/0.877200126647949/0.877200126647949/0.877200126647949/0.87682718038559/0.872861266136169/0.862370729446411/0.856812715530396/0.856812715530396/0.850717604160309/0.848742961883545/0.842884063720703/0.840340971946716/0.712539732456207/0.682260870933533/0.585005760192871/0.505653202533722,NA,NA,0.5850058,0.8772001,0.7125397,0.8837513,0.5056532,0.8507176,NA,NA,NA,0.8568127,0.9009405,NA,0.8428841,0.6822609,0.8623707,NA,0.8772001,0.848743,NA,NA,NA,NA,NA,NA,NA,NA,NA,0.840341,0.8772001,NA,NA,NA,NA,NA,NA,NA,NA,NA,NA,NA,NA,NA,NA,NA,NA,NA,NA,NA,NA,16,TNFAIP3,7128,GWAS,1,243,21
0.519934879783703,ENSG00000136634,IL10,protein_coding,0.831766912742931,NA,NA,GCST005752/GCST003155/GCST90270940/GCST007400,0.962281584739685/0.961223244667053/0.959710299968719/0.943544626235962,NA,0.9435446,0.9597103,NA,NA,NA,0.9612232,NA,NA,NA,NA,NA,0.9622816,NA,NA,NA,NA,NA,NA,NA,NA,NA,NA,NA,NA,NA,NA,NA,NA,NA,NA,NA,NA,NA,NA,NA,NA,NA,NA,NA,NA,NA,NA,NA,NA,NA,NA,NA,NA,NA,NA,4,IL10,3586,GWAS,1,500,33
0.511085014892833,ENSG00000172575,RASGRP1,protein_coding,0.677090196573389,NA,NA,GCST011956/GCST90270940,0.884442508220673/0.869730591773987,NA,NA,0.8697306,NA,NA,NA,NA,NA,NA,NA,NA,NA,NA,NA,NA,NA,NA,NA,NA,0.8844425,NA,NA,NA,NA,NA,NA,NA,NA,NA,NA,NA,NA,NA,NA,NA,NA,NA,NA,NA,NA,NA,NA,NA,NA,NA,NA,NA,NA,NA,NA,NA,2,RASGRP1,10125,GWAS,1,119,2
0.505658398922476,ENSG00000128815,WDFY4,protein_coding,0.829945877623977,NA,NA,GCST011956/GCST90011866/GCST003622/GCST003156/GCST011096/GCST005752/GCST003599/GCST90011866/GCST90011866/GCST90020042/GCST000592/GCST001795/GCST90270940,0.893979668617249/0.87717866897583/0.838997542858124/0.830731272697449/0.716620862483978/0.714055180549622/0.707885444164276/0.704505085945129/0.669290661811829/0.661035656929016/0.65395450592041/0.583276629447937/0.554736614227295,NA,NA,0.5547366,NA,NA,NA,NA,0.5832766,0.6610357,NA,NA,0.6692907,0.7140552,0.8307313,0.7078854,0.7166209,NA,NA,0.8389975,0.8939797,NA,NA,NA,NA,NA,NA,NA,NA,NA,NA,NA,NA,NA,0.6539545,NA,NA,NA,NA,NA,NA,NA,NA,NA,NA,NA,NA,NA,NA,NA,NA,NA,13,WDFY4,57705,GWAS,1,67,12
0.480641321458761,ENSG00000139370,SLC15A4,protein_coding,0.79061847721329,NA,NA,GCST90011866/GCST90270940/GCST000507/GCST011956/GCST011096/GCST005752/GCST003155,0.862857282161713/0.857799530029297/0.854423761367798/0.854423761367798/0.841601312160492/0.832431018352509/0.817877173423767,NA,NA,0.8577995,NA,NA,NA,0.8178772,NA,NA,NA,NA,0.8628573,0.832431,NA,NA,0.8416013,0.8544238,NA,NA,0.8544238,NA,NA,NA,NA,NA,NA,NA,NA,NA,NA,NA,NA,NA,NA,NA,NA,NA,NA,NA,NA,NA,NA,NA,NA,NA,NA,NA,NA,NA,NA,NA,6,SLC15A4,121260,GWAS,1,27,4
0.474976220706302,ENSG00000263001,GTF2I,protein_coding,0.781299816644168,NA,NA,GCST90011866/GCST90651142/GCST90651141/GCST011956,0.927785098552704/0.764450967311859/0.764450967311859/0.745671391487122,NA,NA,NA,NA,NA,NA,NA,NA,NA,NA,NA,0.9277851,NA,NA,NA,NA,NA,NA,NA,0.7456714,NA,NA,NA,NA,NA,NA,NA,NA,NA,NA,NA,NA,NA,NA,0.764451,0.764451,NA,NA,NA,NA,NA,NA,NA,NA,NA,NA,NA,NA,NA,NA,NA,3,GTF2I,2969,GWAS,1,101,1
0.467869731815332,ENSG00000152689,RASGRP3,protein_coding,0.769610182036267,NA,NA,GCST011096/GCST000507/GCST90011866/GCST011956,0.889252901077271/0.889252901077271/0.889252901077271/0.889252901077271,NA,NA,NA,NA,NA,NA,NA,NA,NA,NA,NA,0.8892529,NA,NA,NA,0.8892529,0.8892529,NA,NA,0.8892529,NA,NA,NA,NA,NA,NA,NA,NA,NA,NA,NA,NA,NA,NA,NA,NA,NA,NA,NA,NA,NA,NA,NA,NA,NA,NA,NA,NA,NA,NA,NA,1,RASGRP3,25780,GWAS,1,63,5
0.467167321331911,ENSG00000134460,IL2RA,protein_coding,0.618462527700256,NA,NA,GCST90270940/GCST003097_2,0.835525035858154/0.72719544172287,NA,NA,0.835525,NA,NA,NA,NA,NA,NA,NA,NA,NA,NA,NA,NA,NA,NA,NA,NA,NA,NA,NA,NA,0.7271954,NA,NA,NA,NA,NA,NA,NA,NA,NA,NA,NA,NA,NA,NA,NA,NA,NA,NA,NA,NA,NA,NA,NA,NA,NA,NA,NA,2,IL2RA,3559,GWAS,1,322,24
0.460527444331915,ENSG00000185811,IKZF1,protein_coding,0.756772763151692,NA,NA,GCST011956/GCST000507/GCST90011866/GCST011096/GCST005752/GCST003155/GCST003599/GCST90270940/GCST90011866,0.739977836608887/0.739666879177094/0.736723244190216/0.726412653923035/0.719368398189545/0.719368398189545/0.719368398189545/0.719368398189545/0.606218755245209,NA,NA,0.7193684,NA,NA,NA,0.7193684,NA,NA,NA,NA,0.6062188,0.7193684,NA,0.7193684,0.7264127,0.7396669,NA,NA,0.7399778,NA,NA,NA,NA,NA,NA,NA,NA,NA,NA,NA,NA,NA,NA,NA,NA,NA,NA,NA,NA,NA,NA,NA,NA,NA,NA,NA,NA,NA,NA,NA,6,IKZF1,10320,GWAS,1,290,17
0.459750785945107,ENSG00000153814,JAZF1,protein_coding,0.756255132576489,NA,NA,GCST90270940/GCST004867/GCST005752/GCST003155,0.881912291049957/0.855660498142242/0.854289352893829/0.851741015911102,NA,NA,0.8819123,0.8556605,NA,NA,0.851741,NA,NA,NA,NA,NA,0.8542894,NA,NA,NA,NA,NA,NA,NA,NA,NA,NA,NA,NA,NA,NA,NA,NA,NA,NA,NA,NA,NA,NA,NA,NA,NA,NA,NA,NA,NA,NA,NA,NA,NA,NA,NA,NA,NA,NA,4,JAZF1,221895,GWAS,1,115,1
0.459486022601914,ENSG00000026508,CD44,protein_coding,0.728228311847358,NA,NA,GCST011956/GCST003156/GCST003622/GCST90270940/GCST003155/GCST011096,0.769380807876587/0.753127872943878/0.735197901725769/0.694842517375946/0.683722376823425/0.66770076751709,NA,NA,0.6948425,NA,NA,NA,0.6837224,NA,NA,NA,NA,NA,NA,0.7531279,NA,0.6677008,NA,NA,0.7351979,0.7693808,NA,NA,NA,NA,NA,NA,NA,NA,NA,NA,NA,NA,NA,NA,NA,NA,NA,NA,NA,NA,NA,NA,NA,NA,NA,NA,NA,NA,NA,NA,NA,6,CD44,960,GWAS,1,500,21
0.453937669537906,ENSG00000134954,ETS1,protein_coding,0.746692997494603,NA,NA,GCST90270940/GCST90011866/GCST003599/GCST000592/GCST003155/GCST000507/GCST007400/GCST011096/GCST005752/GCST011956,0.773118078708649/0.765350699424744/0.761404573917389/0.761404573917389/0.757583856582642/0.744647860527039/0.709791302680969/0.709791302680969/0.691494226455688/0.62493771314621,NA,0.7097913,0.7731181,NA,NA,NA,0.7575839,NA,NA,NA,NA,0.7653507,0.6914942,NA,0.7614046,0.7097913,0.7446479,NA,NA,0.6249377,NA,NA,NA,NA,NA,NA,NA,NA,NA,NA,NA,NA,NA,0.7614046,NA,NA,NA,NA,NA,NA,NA,NA,NA,NA,NA,NA,NA,NA,NA,NA,NA,8,ETS1,2113,GWAS,1,246,13
0.452503597083987,ENSG00000112182,BACH2,protein_coding,0.744334057201476,NA,NA,GCST011956/GCST003622/GCST90270940,0.9073725938797/0.894887745380402/0.839506268501282,NA,NA,0.8395063,NA,NA,NA,NA,NA,NA,NA,NA,NA,NA,NA,NA,NA,NA,NA,0.8948877,0.9073726,NA,NA,NA,NA,NA,NA,NA,NA,NA,NA,NA,NA,NA,NA,NA,NA,NA,NA,NA,NA,NA,NA,NA,NA,NA,NA,NA,NA,NA,NA,NA,3,BACH2,60468,GWAS,1,105,10
0.44656151242749,ENSG00000213626,LBH,protein_coding,0.734559779142457,NA,NA,GCST011956/GCST003622/GCST011096/GCST90270940,0.853193581104279/0.841433763504028/0.840270578861237/0.822074234485626,NA,NA,0.8220742,NA,NA,NA,NA,NA,NA,NA,NA,NA,NA,NA,NA,0.8402706,NA,NA,0.8414338,0.8531936,NA,NA,NA,NA,NA,NA,NA,NA,NA,NA,NA,NA,NA,NA,NA,NA,NA,NA,NA,NA,NA,NA,NA,NA,NA,NA,NA,NA,NA,NA,NA,4,LBH,81606,GWAS,1,5,0
0.44552591402881,ENSG00000102962,CCL22,protein_coding,0.73194440221641,NA,NA,GCST011096/GCST011956,0.821682691574097/0.806302607059479,NA,NA,NA,NA,NA,NA,NA,NA,NA,NA,NA,NA,NA,NA,NA,0.8216827,NA,NA,NA,0.8063026,NA,NA,NA,NA,NA,NA,NA,NA,NA,NA,NA,NA,NA,NA,NA,NA,NA,NA,NA,NA,NA,NA,NA,NA,NA,NA,NA,NA,NA,NA,NA,2,CCL22,6367,GWAS,1,193,10
0.443882839579595,ENSG00000112679,DUSP22,protein_coding,0.711130988876174,NA,NA,GCST90270940/GCST011956/GCST90011866,0.80148446559906/0.791490733623505/0.789632737636566,NA,NA,0.8014845,NA,NA,NA,NA,NA,NA,NA,NA,0.7896327,NA,NA,NA,NA,NA,NA,NA,0.7914907,NA,NA,NA,NA,NA,NA,NA,NA,NA,NA,NA,NA,NA,NA,NA,NA,NA,NA,NA,NA,NA,NA,NA,NA,NA,NA,NA,NA,NA,NA,NA,3,DUSP22,56940,GWAS,1,67,1
0.443473928655141,ENSG00000081059,TCF7,protein_coding,0.713370772150048,NA,NA,GCST003156/GCST011956/GCST003155/GCST003622/GCST90270940/GCST011096,0.796714961528778/0.770558059215546/0.770348429679871/0.763104319572449/0.75148206949234/0.746593296527863,NA,NA,0.7514821,NA,NA,NA,0.7703484,NA,NA,NA,NA,NA,NA,0.796715,NA,0.7465933,NA,NA,0.7631043,0.7705581,NA,NA,NA,NA,NA,NA,NA,NA,NA,NA,NA,NA,NA,NA,NA,NA,NA,NA,NA,NA,NA,NA,NA,NA,NA,NA,NA,NA,NA,NA,NA,6,TCF7,6932,GWAS,1,251,11
0.439313678447417,ENSG00000263528,IKBKE,protein_coding,0.722637642595751,NA,NA,GCST011096/GCST011956/GCST003622,0.863436102867126/0.861095249652863/0.846681416034698,NA,NA,NA,NA,NA,NA,NA,NA,NA,NA,NA,NA,NA,NA,NA,0.8634361,NA,NA,0.8466814,0.8610952,NA,NA,NA,NA,NA,NA,NA,NA,NA,NA,NA,NA,NA,NA,NA,NA,NA,NA,NA,NA,NA,NA,NA,NA,NA,NA,NA,NA,NA,NA,NA,3,IKBKE,9641,GWAS,1,189,9
0.437688330031675,ENSG00000150347,ARID5B,protein_coding,0.719964067869603,NA,NA,GCST003155/GCST011956/GCST001795/GCST011096/GCST90270940,0.807973444461823/0.807670056819916/0.806800901889801/0.806800901889801/0.805816888809204,NA,NA,0.8058169,NA,NA,NA,0.8079734,0.8068009,NA,NA,NA,NA,NA,NA,NA,0.8068009,NA,NA,NA,0.8076701,NA,NA,NA,NA,NA,NA,NA,NA,NA,NA,NA,NA,NA,NA,NA,NA,NA,NA,NA,NA,NA,NA,NA,NA,NA,NA,NA,NA,NA,NA,NA,4,ARID5B,84159,GWAS,1,62,1
0.437421559583945,ENSG00000081985,IL12RB2,protein_coding,0.719525250739794,NA,NA,GCST007278/GCST90270940/GCST011096/GCST005752,0.855402231216431/0.802886843681335/0.727332174777985/0.708197593688965,0.8554022,NA,0.8028868,NA,NA,NA,NA,NA,NA,NA,NA,NA,0.7081976,NA,NA,0.7273322,NA,NA,NA,NA,NA,NA,NA,NA,NA,NA,NA,NA,NA,NA,NA,NA,NA,NA,NA,NA,NA,NA,NA,NA,NA,NA,NA,NA,NA,NA,NA,NA,NA,NA,NA,4,IL12RB2,3595,GWAS,1,140,11
0.43723391882049,ENSG00000096968,JAK2,protein_coding,0.585860923619594,NA,NA,GCST003622/GCST90480452,0.828850626945496/0.539384424686432,NA,NA,NA,NA,NA,NA,NA,NA,NA,NA,NA,NA,NA,NA,NA,NA,NA,NA,0.8288506,NA,NA,NA,NA,NA,NA,NA,NA,NA,NA,NA,NA,NA,0.5393844,NA,NA,NA,NA,NA,NA,NA,NA,NA,NA,NA,NA,NA,NA,NA,NA,NA,NA,2,JAK2,3717,GWAS,1,500,27
0.425967485112365,ENSG00000150637,CD226,protein_coding,0.698252444787002,NA,NA,GCST011956/GCST90270940,0.919973611831665/0.914394557476044,NA,NA,0.9143946,NA,NA,NA,NA,NA,NA,NA,NA,NA,NA,NA,NA,NA,NA,NA,NA,0.9199736,NA,NA,NA,NA,NA,NA,NA,NA,NA,NA,NA,NA,NA,NA,NA,NA,NA,NA,NA,NA,NA,NA,NA,NA,NA,NA,NA,NA,NA,NA,NA,2,CD226,10666,GWAS,1,222,9
0.423792873905151,ENSG00000113532,ST8SIA4,protein_coding,0.697107097666555,NA,NA,GCST011956/GCST90270940/GCST005752/GCST011096/GCST011493,0.790290296077728/0.780080556869507/0.773697316646576/0.735721349716187/0.735721349716187,NA,NA,0.7800806,NA,NA,NA,NA,NA,NA,NA,NA,NA,0.7736973,NA,NA,0.7357213,NA,NA,NA,0.7902903,NA,NA,NA,NA,NA,NA,NA,NA,NA,NA,NA,NA,NA,NA,NA,NA,0.7357213,NA,NA,NA,NA,NA,NA,NA,NA,NA,NA,NA,NA,NA,NA,4,ST8SIA4,7903,GWAS,1,19,0
0.423507293452501,ENSG00000152127,MGAT5,protein_coding,0.696637339506955,NA,NA,GCST90270940/GCST008727/GCST90014462/GCST90014463,0.849552094936371/0.829393088817596/0.516796588897705/0.50549304485321,NA,NA,0.8495521,NA,NA,NA,NA,NA,NA,NA,NA,NA,NA,NA,NA,NA,NA,NA,NA,NA,NA,NA,NA,NA,NA,NA,NA,NA,NA,NA,NA,NA,NA,NA,NA,NA,NA,0.8293931,0.5167966,0.505493,NA,NA,NA,NA,NA,NA,NA,NA,NA,NA,NA,4,MGAT5,4249,GWAS,1,70,0
0.42301286371092,ENSG00000081237,PTPRC,protein_coding,0.660358389374269,NA,NA,GCST003622/GCST90270940/GCST011956,0.798734545707703/0.798734545707703/0.790391027927399,NA,NA,0.7987345,NA,NA,NA,NA,NA,NA,NA,NA,NA,NA,NA,NA,NA,NA,NA,0.7987345,0.790391,NA,NA,NA,NA,NA,NA,NA,NA,NA,NA,NA,NA,NA,NA,NA,NA,NA,NA,NA,NA,NA,NA,NA,NA,NA,NA,NA,NA,NA,NA,NA,2,PTPRC,5788,GWAS,1,500,30
0.422028723310715,ENSG00000113302,IL12B,protein_coding,0.624065188121694,NA,NA,GCST90270940/GCST011956/GCST003097_2,0.835862576961517/0.528104960918427/0.527859270572662,NA,NA,0.8358626,NA,NA,NA,NA,NA,NA,NA,NA,NA,NA,NA,NA,NA,NA,NA,NA,0.528105,NA,NA,NA,0.5278593,NA,NA,NA,NA,NA,NA,NA,NA,NA,NA,NA,NA,NA,NA,NA,NA,NA,NA,NA,NA,NA,NA,NA,NA,NA,NA,NA,3,IL12B,3593,GWAS,1,90,10
0.419277210946239,ENSG00000198369,SPRED2,protein_coding,0.689679174987439,NA,NA,GCST003156/GCST90270940/GCST011956,0.875041961669922/0.728499889373779/0.695726454257965,NA,NA,0.7284999,NA,NA,NA,NA,NA,NA,NA,NA,NA,NA,0.875042,NA,NA,NA,NA,NA,0.6957265,NA,NA,NA,NA,NA,NA,NA,NA,NA,NA,NA,NA,NA,NA,NA,NA,NA,NA,NA,NA,NA,NA,NA,NA,NA,NA,NA,NA,NA,NA,NA,3,SPRED2,200734,GWAS,1,88,2
0.418302542885326,ENSG00000115267,IFIH1,protein_coding,0.659109692933095,NA,NA,GCST005752/GCST003155/GCST90270940,0.796544373035431/0.796544373035431/0.796544373035431,NA,NA,0.7965444,NA,NA,NA,0.7965444,NA,NA,NA,NA,NA,0.7965444,NA,NA,NA,NA,NA,NA,NA,NA,NA,NA,NA,NA,NA,NA,NA,NA,NA,NA,NA,NA,NA,NA,NA,NA,NA,NA,NA,NA,NA,NA,NA,NA,NA,NA,NA,NA,NA,NA,1,IFIH1,64135,GWAS,1,384,18
0.414174492040914,ENSG00000154319,FAM167A,protein_coding,0.681285589853453,NA,NA,GCST90011866/GCST90011866,0.834921061992645/0.76063483953476,NA,NA,NA,NA,NA,NA,NA,NA,NA,NA,NA,0.7606348,NA,NA,NA,NA,NA,NA,NA,NA,NA,NA,NA,NA,NA,NA,NA,NA,NA,NA,NA,NA,NA,NA,NA,NA,NA,NA,NA,NA,NA,NA,NA,NA,NA,NA,NA,NA,NA,NA,NA,2,FAM167A,83648,GWAS,1,29,10
0.41261012010625,ENSG00000030419,IKZF2,protein_coding,0.670201285641982,NA,NA,GCST003155/GCST011096,0.895287573337555/0.828570604324341,NA,NA,NA,NA,NA,NA,0.8952876,NA,NA,NA,NA,NA,NA,NA,NA,0.8285706,NA,NA,NA,NA,NA,NA,NA,NA,NA,NA,NA,NA,NA,NA,NA,NA,NA,NA,NA,NA,NA,NA,NA,NA,NA,NA,NA,NA,NA,NA,NA,NA,NA,NA,NA,2,IKZF2,22807,GWAS,1,52,5
0.408695387052159,ENSG00000204033,LRIT2,protein_coding,0.672272878192389,NA,NA,GCST90270940/GCST90243963,0.886629283428192/0.876834213733673,NA,NA,0.8866293,NA,0.8768342,NA,NA,NA,NA,NA,NA,NA,NA,NA,NA,NA,NA,NA,NA,NA,NA,NA,NA,NA,NA,NA,NA,NA,NA,NA,NA,NA,NA,NA,NA,NA,NA,NA,NA,NA,NA,NA,NA,NA,NA,NA,NA,NA,NA,NA,NA,2,LRIT2,340745,GWAS,1,23,1
0.407226516525569,ENSG00000120690,ELF1,protein_coding,0.644323604212356,NA,NA,GCST011956,0.856728374958038,NA,NA,NA,NA,NA,NA,NA,NA,NA,NA,NA,NA,NA,NA,NA,NA,NA,NA,NA,0.8567284,NA,NA,NA,NA,NA,NA,NA,NA,NA,NA,NA,NA,NA,NA,NA,NA,NA,NA,NA,NA,NA,NA,NA,NA,NA,NA,NA,NA,NA,NA,NA,1,ELF1,1997,GWAS,1,20,3
0.404166574589138,ENSG00000162341,TPCN2,protein_coding,0.664823325577496,NA,NA,GCST011956/GCST90011866,0.80678129196167/0.790997445583344,NA,NA,NA,NA,NA,NA,NA,NA,NA,NA,NA,0.7909974,NA,NA,NA,NA,NA,NA,NA,0.8067813,NA,NA,NA,NA,NA,NA,NA,NA,NA,NA,NA,NA,NA,NA,NA,NA,NA,NA,NA,NA,NA,NA,NA,NA,NA,NA,NA,NA,NA,NA,NA,2,TPCN2,219931,GWAS,1,50,0
0.403702103016173,ENSG00000104365,IKBKB,protein_coding,0.664059305108736,NA,NA,GCST90480453/GCST90270940,0.886125504970551/0.82480651140213,NA,NA,0.8248065,NA,NA,NA,NA,NA,NA,NA,NA,NA,NA,NA,NA,NA,NA,NA,NA,NA,NA,NA,NA,NA,NA,NA,NA,NA,0.8861255,NA,NA,NA,NA,NA,NA,NA,NA,NA,NA,NA,NA,NA,NA,NA,NA,NA,NA,NA,NA,NA,NA,2,IKBKB,3551,GWAS,1,393,12
0.402722651095927,ENSG00000143669,LYST,protein_coding,0.649338153422259,NA,NA,GCST003155/GCST90270940,0.85448956489563/0.85448956489563,NA,NA,0.8544896,NA,NA,NA,0.8544896,NA,NA,NA,NA,NA,NA,NA,NA,NA,NA,NA,NA,NA,NA,NA,NA,NA,NA,NA,NA,NA,NA,NA,NA,NA,NA,NA,NA,NA,NA,NA,NA,NA,NA,NA,NA,NA,NA,NA,NA,NA,NA,NA,NA,1,LYST,1130,GWAS,1,62,1
0.399975425319995,ENSG00000145214,DGKQ,protein_coding,0.65792920327672,NA,NA,GCST005752/GCST90270940/GCST011956,0.778775632381439/0.725327491760254/0.702984690666199,NA,NA,0.7253275,NA,NA,NA,NA,NA,NA,NA,NA,NA,0.7787756,NA,NA,NA,NA,NA,NA,0.7029847,NA,NA,NA,NA,NA,NA,NA,NA,NA,NA,NA,NA,NA,NA,NA,NA,NA,NA,NA,NA,NA,NA,NA,NA,NA,NA,NA,NA,NA,NA,NA,3,DGKQ,1609,GWAS,1,100,4
0.398067178721318,ENSG00000115159,GPD2,protein_coding,0.654790282520981,NA,NA,GCST90014463/GCST90014462,0.861664235591888/0.861664235591888,NA,NA,NA,NA,NA,NA,NA,NA,NA,NA,NA,NA,NA,NA,NA,NA,NA,NA,NA,NA,NA,NA,NA,NA,NA,NA,NA,NA,NA,NA,NA,NA,NA,NA,NA,NA,NA,NA,0.8616642,0.8616642,NA,NA,NA,NA,NA,NA,NA,NA,NA,NA,NA,1,GPD2,2820,GWAS,1,165,2
0.397437582641028,ENSG00000082175,PGR,protein_coding,0.539767620223908,NA,NA,GCST90480452,0.887876749038696,NA,NA,NA,NA,NA,NA,NA,NA,NA,NA,NA,NA,NA,NA,NA,NA,NA,NA,NA,NA,NA,NA,NA,NA,NA,NA,NA,NA,NA,NA,NA,NA,0.8878767,NA,NA,NA,NA,NA,NA,NA,NA,NA,NA,NA,NA,NA,NA,NA,NA,NA,NA,1,PGR,5241,GWAS,1,357,3
0.396816394076472,ENSG00000165383,LRRC18,protein_coding,0.652732836756166,NA,NA,GCST90011866/GCST000507,0.835399091243744/0.722368478775024,NA,NA,NA,NA,NA,NA,NA,NA,NA,NA,NA,0.8353991,NA,NA,NA,NA,0.7223685,NA,NA,NA,NA,NA,NA,NA,NA,NA,NA,NA,NA,NA,NA,NA,NA,NA,NA,NA,NA,NA,NA,NA,NA,NA,NA,NA,NA,NA,NA,NA,NA,NA,NA,2,LRRC18,474354,GWAS,1,51,2
0.396306428487989,ENSG00000187605,TET3,protein_coding,0.651893982086379,NA,NA,GCST011956/GCST001795/GCST90020042,0.804253399372101/0.752561688423157/0.719300508499146,NA,NA,NA,NA,NA,NA,NA,0.7525617,0.7193005,NA,NA,NA,NA,NA,NA,NA,NA,NA,NA,0.8042534,NA,NA,NA,NA,NA,NA,NA,NA,NA,NA,NA,NA,NA,NA,NA,NA,NA,NA,NA,NA,NA,NA,NA,NA,NA,NA,NA,NA,NA,NA,NA,3,TET3,200424,GWAS,1,65,3
0.390193407116759,ENSG00000184216,IRAK1,protein_coding,0.6127655022381,NA,NA,GCST011956/GCST003599,0.771270036697388/0.63686865568161,NA,NA,NA,NA,NA,NA,NA,NA,NA,NA,NA,NA,NA,NA,0.6368687,NA,NA,NA,NA,0.77127,NA,NA,NA,NA,NA,NA,NA,NA,NA,NA,NA,NA,NA,NA,NA,NA,NA,NA,NA,NA,NA,NA,NA,NA,NA,NA,NA,NA,NA,NA,NA,2,IRAK1,3654,GWAS,1,236,15
0.387110907621139,ENSG00000038532,CLEC16A,protein_coding,0.636768048504833,NA,NA,GCST007400/GCST005752/GCST003155/GCST011096/GCST011956/GCST90011866/GCST90270940,0.69907021522522/0.69907021522522/0.686241984367371/0.65991598367691/0.65991598367691/0.618130683898926/0.614289700984955,NA,0.6990702,0.6142897,NA,NA,NA,0.686242,NA,NA,NA,NA,0.6181307,0.6990702,NA,NA,0.659916,NA,NA,NA,0.659916,NA,NA,NA,NA,NA,NA,NA,NA,NA,NA,NA,NA,NA,NA,NA,NA,NA,NA,NA,NA,NA,NA,NA,NA,NA,NA,NA,NA,NA,NA,NA,5,CLEC16A,23274,GWAS,1,60,7
0.385268086290825,ENSG00000142224,IL19,protein_coding,0.633736747347607,NA,NA,GCST007400/GCST003155,0.849094569683075/0.577812731266022,NA,0.8490946,NA,NA,NA,NA,0.5778127,NA,NA,NA,NA,NA,NA,NA,NA,NA,NA,NA,NA,NA,NA,NA,NA,NA,NA,NA,NA,NA,NA,NA,NA,NA,NA,NA,NA,NA,NA,NA,NA,NA,NA,NA,NA,NA,NA,NA,NA,NA,NA,NA,NA,2,IL19,29949,GWAS,1,103,6
0.384762274962649,ENSG00000173372,C1QA,protein_coding,NA,0.607930797611621,NA,NA,NA,NA,NA,NA,NA,NA,NA,NA,NA,NA,NA,NA,NA,NA,NA,NA,NA,NA,NA,NA,NA,NA,NA,NA,NA,NA,NA,NA,NA,NA,NA,NA,NA,NA,NA,NA,NA,NA,NA,NA,NA,NA,NA,NA,NA,NA,NA,NA,NA,NA,NA,NA,1,C1QA,712,Rare,1,186,4
0.38215605332304,ENSG00000169071,ROR2,protein_coding,0.628617689421917,NA,NA,GCST90014463/GCST90480452,0.849480330944061/0.738192141056061,NA,NA,NA,NA,NA,NA,NA,NA,NA,NA,NA,NA,NA,NA,NA,NA,NA,NA,NA,NA,NA,NA,NA,NA,NA,NA,NA,NA,NA,NA,NA,NA,0.7381921,NA,NA,NA,NA,NA,NA,0.8494803,NA,NA,NA,NA,NA,NA,NA,NA,NA,NA,NA,2,ROR2,4920,GWAS,1,55,0
0.381831172268385,ENSG00000151690,MFSD6,protein_coding,0.628083284756235,NA,NA,GCST90270940,0.610012769699097,NA,NA,0.6100128,NA,NA,NA,NA,NA,NA,NA,NA,NA,NA,NA,NA,NA,NA,NA,NA,NA,NA,NA,NA,NA,NA,NA,NA,NA,NA,NA,NA,NA,NA,NA,NA,NA,NA,NA,NA,NA,NA,NA,NA,NA,NA,NA,NA,NA,NA,NA,NA,1,MFSD6,54842,GWAS,1,28,1
0.381289500282676,ENSG00000189362,NEMP2,protein_coding,0.627192275470577,NA,NA,GCST011096/GCST011097,0.834502041339874/0.788726508617401,NA,NA,NA,NA,NA,NA,NA,NA,NA,NA,NA,NA,NA,NA,NA,0.834502,NA,NA,NA,NA,NA,NA,NA,NA,NA,NA,NA,NA,NA,NA,NA,NA,NA,NA,NA,NA,NA,NA,NA,NA,0.7887265,NA,NA,NA,NA,NA,NA,NA,NA,NA,NA,2,NEMP2,100131211,GWAS,1,11,1
0.380658370142623,ENSG00000163932,PRKCD,protein_coding,NA,0.607930797611621,NA,NA,NA,NA,NA,NA,NA,NA,NA,NA,NA,NA,NA,NA,NA,NA,NA,NA,NA,NA,NA,NA,NA,NA,NA,NA,NA,NA,NA,NA,NA,NA,NA,NA,NA,NA,NA,NA,NA,NA,NA,NA,NA,NA,NA,NA,NA,NA,NA,NA,NA,NA,NA,NA,1,PRKCD,5580,Rare,1,253,5
0.378714271366976,ENSG00000163823,CCR1,protein_coding,0.606563365491773,NA,NA,GCST90255371/GCST90255370/GCST90255372,0.736045300960541/0.736045300960541/0.699246466159821,NA,NA,NA,NA,NA,NA,NA,NA,NA,NA,NA,NA,NA,NA,NA,NA,NA,NA,NA,NA,0.7360453,NA,NA,NA,NA,NA,NA,NA,NA,NA,NA,NA,NA,NA,NA,NA,NA,NA,NA,NA,NA,0.7360453,0.6992465,NA,NA,NA,NA,NA,NA,NA,NA,2,CCR1,1230,GWAS,1,274,13
0.374960199078718,ENSG00000017260,ATP2C1,protein_coding,0.616781055593539,NA,NA,GCST90480453/GCST90480452,0.811646401882172/0.811646401882172,NA,NA,NA,NA,NA,NA,NA,NA,NA,NA,NA,NA,NA,NA,NA,NA,NA,NA,NA,NA,NA,NA,NA,NA,NA,NA,NA,NA,0.8116464,NA,NA,NA,0.8116464,NA,NA,NA,NA,NA,NA,NA,NA,NA,NA,NA,NA,NA,NA,NA,NA,NA,NA,1,ATP2C1,27032,GWAS,1,39,0
0.371295012901698,ENSG00000149262,INTS4,protein_coding,0.610752102641296,NA,NA,GCST90014463/GCST90014462,0.803712666034698/0.803712666034698,NA,NA,NA,NA,NA,NA,NA,NA,NA,NA,NA,NA,NA,NA,NA,NA,NA,NA,NA,NA,NA,NA,NA,NA,NA,NA,NA,NA,NA,NA,NA,NA,NA,NA,NA,NA,NA,NA,0.8037127,0.8037127,NA,NA,NA,NA,NA,NA,NA,NA,NA,NA,NA,1,INTS4,92105,GWAS,1,88,0
0.369966585699798,ENSG00000124562,SNRPC,protein_coding,0.604007459783682,NA,NA,GCST90011866/GCST90011866/GCST90270940,0.735193908214569/0.604106307029724/0.526926696300507,NA,NA,0.5269267,NA,NA,NA,NA,NA,NA,NA,NA,0.6041063,NA,NA,NA,NA,NA,NA,NA,NA,NA,NA,NA,NA,NA,NA,NA,NA,NA,NA,NA,NA,NA,NA,NA,NA,NA,NA,NA,NA,NA,NA,NA,NA,NA,NA,NA,NA,NA,NA,NA,3,SNRPC,6631,GWAS,1,232,1
0.368393251920363,ENSG00000121594,CD80,protein_coding,0.55941684966227,NA,NA,GCST001795,0.823350191116333,NA,NA,NA,NA,NA,NA,NA,0.8233502,NA,NA,NA,NA,NA,NA,NA,NA,NA,NA,NA,NA,NA,NA,NA,NA,NA,NA,NA,NA,NA,NA,NA,NA,NA,NA,NA,NA,NA,NA,NA,NA,NA,NA,NA,NA,NA,NA,NA,NA,NA,NA,NA,1,CD80,941,GWAS,1,466,23
0.367653298278907,ENSG00000146197,SCUBE3,protein_coding,0.604761758613493,NA,NA,GCST90011866,0.551932632923126,NA,NA,NA,NA,NA,NA,NA,NA,NA,NA,NA,0.5519326,NA,NA,NA,NA,NA,NA,NA,NA,NA,NA,NA,NA,NA,NA,NA,NA,NA,NA,NA,NA,NA,NA,NA,NA,NA,NA,NA,NA,NA,NA,NA,NA,NA,NA,NA,NA,NA,NA,NA,1,SCUBE3,222663,GWAS,1,14,0
0.366933582885287,ENSG00000197584,KCNMB2,protein_coding,0.603577881441209,NA,NA,GCST90480453/GCST90480452,0.79427182674408/0.79427182674408,NA,NA,NA,NA,NA,NA,NA,NA,NA,NA,NA,NA,NA,NA,NA,NA,NA,NA,NA,NA,NA,NA,NA,NA,NA,NA,NA,NA,0.7942718,NA,NA,NA,0.7942718,NA,NA,NA,NA,NA,NA,NA,NA,NA,NA,NA,NA,NA,NA,NA,NA,NA,NA,1,KCNMB2,10242,GWAS,1,20,0
0.365086158241716,ENSG00000057663,ATG5,protein_coding,0.599931077385606,NA,NA,GCST005752/GCST007400,0.789588570594788/0.789009988307953,NA,0.78901,NA,NA,NA,NA,NA,NA,NA,NA,NA,NA,0.7895886,NA,NA,NA,NA,NA,NA,NA,NA,NA,NA,NA,NA,NA,NA,NA,NA,NA,NA,NA,NA,NA,NA,NA,NA,NA,NA,NA,NA,NA,NA,NA,NA,NA,NA,NA,NA,NA,NA,2,ATG5,9474,GWAS,1,318,3
0.359745763600518,ENSG00000253506,NACA2,protein_coding,0.591754464511179,NA,NA,GCST90480453/GCST90480452,0.778712928295135/0.778712928295135,NA,NA,NA,NA,NA,NA,NA,NA,NA,NA,NA,NA,NA,NA,NA,NA,NA,NA,NA,NA,NA,NA,NA,NA,NA,NA,NA,NA,0.7787129,NA,NA,NA,0.7787129,NA,NA,NA,NA,NA,NA,NA,NA,NA,NA,NA,NA,NA,NA,NA,NA,NA,NA,1,NACA2,342538,GWAS,1,134,1
0.359287181638833,ENSG00000108510,MED13,protein_coding,0.591000132005757,NA,NA,GCST90014463/GCST90014462,0.777720272541046/0.777720272541046,NA,NA,NA,NA,NA,NA,NA,NA,NA,NA,NA,NA,NA,NA,NA,NA,NA,NA,NA,NA,NA,NA,NA,NA,NA,NA,NA,NA,NA,NA,NA,NA,NA,NA,NA,NA,NA,NA,0.7777203,0.7777203,NA,NA,NA,NA,NA,NA,NA,NA,NA,NA,NA,1,MED13,9969,GWAS,1,132,0
0.358426273446682,ENSG00000041515,MYO16,protein_coding,0.589584003401097,NA,NA,GCST90102279/GCST90102276,0.775856733322144/0.775856733322144,NA,NA,NA,NA,NA,NA,NA,NA,NA,NA,NA,NA,NA,NA,NA,NA,NA,NA,NA,NA,NA,NA,NA,NA,NA,NA,NA,NA,NA,NA,NA,NA,NA,NA,NA,NA,NA,NA,NA,NA,NA,NA,NA,0.7758567,0.7758567,NA,NA,NA,NA,NA,NA,1,MYO16,23026,GWAS,1,13,0
0.358426273446682,ENSG00000184613,NELL2,protein_coding,0.589584003401097,NA,NA,GCST90014463/GCST90014462,0.775856733322144/0.775856733322144,NA,NA,NA,NA,NA,NA,NA,NA,NA,NA,NA,NA,NA,NA,NA,NA,NA,NA,NA,NA,NA,NA,NA,NA,NA,NA,NA,NA,NA,NA,NA,NA,NA,NA,NA,NA,NA,NA,0.7758567,0.7758567,NA,NA,NA,NA,NA,NA,NA,NA,NA,NA,NA,1,NELL2,4753,GWAS,1,27,1
0.356743227532059,ENSG00000164362,TERT,protein_coding,0.586815520670439,NA,NA,GCST008727/GCST011956,0.777447164058685/0.751279234886169,NA,NA,NA,NA,NA,NA,NA,NA,NA,NA,NA,NA,NA,NA,NA,NA,NA,NA,NA,0.7512792,NA,NA,NA,NA,NA,NA,NA,NA,NA,NA,NA,NA,NA,NA,NA,NA,NA,0.7774472,NA,NA,NA,NA,NA,NA,NA,NA,NA,NA,NA,NA,NA,2,TERT,7015,GWAS,1,432,9
0.356735486865884,ENSG00000064419,TNPO3,protein_coding,0.586802787862355,NA,NA,GCST000142/GCST90476183,0.660824596881866/0.595809161663055,NA,NA,NA,NA,NA,NA,NA,NA,NA,NA,NA,NA,NA,NA,NA,NA,NA,NA,NA,NA,NA,NA,NA,NA,NA,NA,NA,NA,NA,NA,NA,NA,NA,NA,NA,NA,NA,NA,NA,NA,NA,NA,NA,NA,NA,0.6608246,0.5958092,NA,NA,NA,NA,2,TNPO3,23534,GWAS,1,127,5
0.355536754123415,ENSG00000168811,IL12A,protein_coding,0.584830963524487,NA,NA,GCST011096/GCST90270940/GCST003155/GCST005752,0.686841428279877/0.674215257167816/0.614057958126068/0.614057958126068,NA,NA,0.6742153,NA,NA,NA,0.614058,NA,NA,NA,NA,NA,0.614058,NA,NA,0.6868414,NA,NA,NA,NA,NA,NA,NA,NA,NA,NA,NA,NA,NA,NA,NA,NA,NA,NA,NA,NA,NA,NA,NA,NA,NA,NA,NA,NA,NA,NA,NA,NA,NA,NA,NA,3,IL12A,3592,GWAS,1,84,9
0.355337125282484,ENSG00000196821,ILRUN,protein_coding,0.584502589239594,NA,NA,GCST90011866/GCST90011866,0.755063533782959/0.735193908214569,NA,NA,NA,NA,NA,NA,NA,NA,NA,NA,NA,0.7351939,NA,NA,NA,NA,NA,NA,NA,NA,NA,NA,NA,NA,NA,NA,NA,NA,NA,NA,NA,NA,NA,NA,NA,NA,NA,NA,NA,NA,NA,NA,NA,NA,NA,NA,NA,NA,NA,NA,NA,2,ILRUN,64771,GWAS,1,8,1
0.353494620138847,ENSG00000173281,PPP1R3B,protein_coding,0.581471808185442,NA,NA,GCST90480452/GCST90270940,0.821730852127075/0.538984477519989,NA,NA,0.5389845,NA,NA,NA,NA,NA,NA,NA,NA,NA,NA,NA,NA,NA,NA,NA,NA,NA,NA,NA,NA,NA,NA,NA,NA,NA,NA,NA,NA,NA,0.8217309,NA,NA,NA,NA,NA,NA,NA,NA,NA,NA,NA,NA,NA,NA,NA,NA,NA,NA,2,PPP1R3B,79660,GWAS,1,67,2
0.352693062706887,ENSG00000172493,AFF1,protein_coding,0.580153307074609,NA,NA,GCST001384/GCST011956,0.775133013725281/0.716700494289398,NA,NA,NA,NA,NA,NA,NA,NA,NA,NA,NA,NA,NA,NA,NA,NA,NA,NA,NA,0.7167005,NA,NA,NA,NA,NA,NA,NA,NA,NA,NA,NA,NA,NA,NA,NA,NA,NA,NA,NA,NA,NA,NA,NA,NA,NA,NA,NA,0.775133,NA,NA,NA,2,AFF1,4299,GWAS,1,150,2
0.346118328260805,ENSG00000168685,IL7R,protein_coding,0.568730437353173,NA,NA,GCST90270940,0.935518383979797,NA,NA,0.9355184,NA,NA,NA,NA,NA,NA,NA,NA,NA,NA,NA,NA,NA,NA,NA,NA,NA,NA,NA,NA,NA,NA,NA,NA,NA,NA,NA,NA,NA,NA,NA,NA,NA,NA,NA,NA,NA,NA,NA,NA,NA,NA,NA,NA,NA,NA,NA,NA,1,IL7R,3575,GWAS,1,454,30
0.345012632663252,ENSG00000115896,PLCL1,protein_coding,0.567519582851706,NA,NA,GCST011956/GCST90270940,0.749009490013123/0.738068521022797,NA,NA,0.7380685,NA,NA,NA,NA,NA,NA,NA,NA,NA,NA,NA,NA,NA,NA,NA,NA,0.7490095,NA,NA,NA,NA,NA,NA,NA,NA,NA,NA,NA,NA,NA,NA,NA,NA,NA,NA,NA,NA,NA,NA,NA,NA,NA,NA,NA,NA,NA,NA,NA,2,PLCL1,5334,GWAS,1,18,0
0.344370133212592,ENSG00000183625,CCR3,protein_coding,0.563423066054289,NA,NA,GCST90255371/GCST90255370,0.749319970607758/0.686808168888092,NA,NA,NA,NA,NA,NA,NA,NA,NA,NA,NA,NA,NA,NA,NA,NA,NA,NA,NA,NA,0.74932,NA,NA,NA,NA,NA,NA,NA,NA,NA,NA,NA,NA,NA,NA,NA,NA,NA,NA,NA,NA,0.6868082,NA,NA,NA,NA,NA,NA,NA,NA,NA,2,CCR3,1232,GWAS,1,199,11
0.342329457324444,ENSG00000124203,ZNF831,protein_coding,0.563105963161193,NA,NA,GCST90270940,0.926266551017761,NA,NA,0.9262666,NA,NA,NA,NA,NA,NA,NA,NA,NA,NA,NA,NA,NA,NA,NA,NA,NA,NA,NA,NA,NA,NA,NA,NA,NA,NA,NA,NA,NA,NA,NA,NA,NA,NA,NA,NA,NA,NA,NA,NA,NA,NA,NA,NA,NA,NA,NA,NA,1,ZNF831,128611,GWAS,1,26,1
0.33969815401034,ENSG00000159842,ABR,protein_coding,0.558777669012515,NA,NA,GCST90014462/GCST90014463,0.735317468643188/0.735317468643188,NA,NA,NA,NA,NA,NA,NA,NA,NA,NA,NA,NA,NA,NA,NA,NA,NA,NA,NA,NA,NA,NA,NA,NA,NA,NA,NA,NA,NA,NA,NA,NA,NA,NA,NA,NA,NA,NA,0.7353175,0.7353175,NA,NA,NA,NA,NA,NA,NA,NA,NA,NA,NA,1,ABR,29,GWAS,1,14,0
0.3394465015496,ENSG00000153094,BCL2L11,protein_coding,0.527341742824643,NA,NA,GCST011956,0.867437124252319,NA,NA,NA,NA,NA,NA,NA,NA,NA,NA,NA,NA,NA,NA,NA,NA,NA,NA,NA,0.8674371,NA,NA,NA,NA,NA,NA,NA,NA,NA,NA,NA,NA,NA,NA,NA,NA,NA,NA,NA,NA,NA,NA,NA,NA,NA,NA,NA,NA,NA,NA,NA,1,BCL2L11,10018,GWAS,1,299,8
0.339123910485555,ENSG00000115568,ZNF142,protein_coding,0.557833082018335,NA,NA,GCST90480452,0.917593061923981,NA,NA,NA,NA,NA,NA,NA,NA,NA,NA,NA,NA,NA,NA,NA,NA,NA,NA,NA,NA,NA,NA,NA,NA,NA,NA,NA,NA,NA,NA,NA,NA,0.9175931,NA,NA,NA,NA,NA,NA,NA,NA,NA,NA,NA,NA,NA,NA,NA,NA,NA,NA,1,ZNF142,7701,GWAS,1,25,0
0.33837043981748,ENSG00000185567,AHNAK2,protein_coding,0.556593679982717,NA,NA,GCST011956/GCST011096,0.72910064458847/0.710657298564911,NA,NA,NA,NA,NA,NA,NA,NA,NA,NA,NA,NA,NA,NA,NA,0.7106573,NA,NA,NA,0.7291006,NA,NA,NA,NA,NA,NA,NA,NA,NA,NA,NA,NA,NA,NA,NA,NA,NA,NA,NA,NA,NA,NA,NA,NA,NA,NA,NA,NA,NA,NA,NA,2,AHNAK2,113146,GWAS,1,40,0
0.336608593657522,ENSG00000182185,RAD51B,protein_coding,0.553695576832029,NA,NA,GCST003155/GCST90270940,0.729126513004303/0.726642668247223,NA,NA,0.7266427,NA,NA,NA,0.7291265,NA,NA,NA,NA,NA,NA,NA,NA,NA,NA,NA,NA,NA,NA,NA,NA,NA,NA,NA,NA,NA,NA,NA,NA,NA,NA,NA,NA,NA,NA,NA,NA,NA,NA,NA,NA,NA,NA,NA,NA,NA,NA,NA,NA,2,RAD51B,5890,GWAS,1,195,1
0.334036916462058,ENSG00000189283,FHIT,protein_coding,0.549465363120917,NA,NA,GCST90480453/GCST90480453,0.72439056634903/0.717752933502197,NA,NA,NA,NA,NA,NA,NA,NA,NA,NA,NA,NA,NA,NA,NA,NA,NA,NA,NA,NA,NA,NA,NA,NA,NA,NA,NA,NA,0.7177529,NA,NA,NA,NA,NA,NA,NA,NA,NA,NA,NA,NA,NA,NA,NA,NA,NA,NA,NA,NA,NA,NA,2,FHIT,2272,GWAS,1,86,2
0.331465861576691,ENSG00000127528,KLF2,protein_coding,0.54523617306266,NA,NA,GCST011491,0.896872103214264,NA,NA,NA,NA,NA,NA,NA,NA,NA,NA,NA,NA,NA,NA,NA,NA,NA,NA,NA,NA,NA,NA,NA,NA,NA,NA,NA,NA,NA,NA,NA,NA,NA,NA,NA,NA,NA,NA,NA,NA,NA,NA,NA,NA,NA,NA,NA,NA,0.8968721,NA,NA,1,KLF2,10365,GWAS,1,156,7
0.331207195356462,ENSG00000185737,NRG3,protein_coding,0.544810686771713,NA,NA,GCST90270940/GCST90014463,0.718211114406586/0.711844384670258,NA,NA,0.7182111,NA,NA,NA,NA,NA,NA,NA,NA,NA,NA,NA,NA,NA,NA,NA,NA,NA,NA,NA,NA,NA,NA,NA,NA,NA,NA,NA,NA,NA,NA,NA,NA,NA,NA,NA,NA,0.7118444,NA,NA,NA,NA,NA,NA,NA,NA,NA,NA,NA,2,NRG3,10718,GWAS,1,61,0
0.329983502407183,ENSG00000124788,ATXN1,protein_coding,0.54279780478895,NA,NA,GCST003622,0.829669058322906,NA,NA,NA,NA,NA,NA,NA,NA,NA,NA,NA,NA,NA,NA,NA,NA,NA,NA,0.8296691,NA,NA,NA,NA,NA,NA,NA,NA,NA,NA,NA,NA,NA,NA,NA,NA,NA,NA,NA,NA,NA,NA,NA,NA,NA,NA,NA,NA,NA,NA,NA,NA,1,ATXN1,6310,GWAS,1,135,1
0.328831172675848,ENSG00000113845,TIMMDC1,protein_coding,0.540902309880874,NA,NA,GCST011956,0.771315276622772,NA,NA,NA,NA,NA,NA,NA,NA,NA,NA,NA,NA,NA,NA,NA,NA,NA,NA,NA,0.7713153,NA,NA,NA,NA,NA,NA,NA,NA,NA,NA,NA,NA,NA,NA,NA,NA,NA,NA,NA,NA,NA,NA,NA,NA,NA,NA,NA,NA,NA,NA,NA,1,TIMMDC1,51300,GWAS,1,95,0
0.328529516172305,ENSG00000111276,CDKN1B,protein_coding,0.54040610783826,NA,NA,GCST011956,0.780204236507416,NA,NA,NA,NA,NA,NA,NA,NA,NA,NA,NA,NA,NA,NA,NA,NA,NA,NA,NA,0.7802042,NA,NA,NA,NA,NA,NA,NA,NA,NA,NA,NA,NA,NA,NA,NA,NA,NA,NA,NA,NA,NA,NA,NA,NA,NA,NA,NA,NA,NA,NA,NA,1,CDKN1B,1027,GWAS,1,379,6
0.328141359887647,ENSG00000026652,AGPAT4,protein_coding,0.539767620223908,NA,NA,GCST90480453,0.887876749038696,NA,NA,NA,NA,NA,NA,NA,NA,NA,NA,NA,NA,NA,NA,NA,NA,NA,NA,NA,NA,NA,NA,NA,NA,NA,NA,NA,NA,0.8878767,NA,NA,NA,NA,NA,NA,NA,NA,NA,NA,NA,NA,NA,NA,NA,NA,NA,NA,NA,NA,NA,NA,1,AGPAT4,56895,GWAS,1,54,3
0.328141359887647,ENSG00000177182,CLVS1,protein_coding,0.539767620223908,NA,NA,GCST90480453,0.887876749038696,NA,NA,NA,NA,NA,NA,NA,NA,NA,NA,NA,NA,NA,NA,NA,NA,NA,NA,NA,NA,NA,NA,NA,NA,NA,NA,NA,NA,0.8878767,NA,NA,NA,NA,NA,NA,NA,NA,NA,NA,NA,NA,NA,NA,NA,NA,NA,NA,NA,NA,NA,NA,1,CLVS1,157807,GWAS,1,25,3
0.328141359887647,ENSG00000177614,PGBD5,protein_coding,0.539767620223908,NA,NA,GCST90480453,0.887876749038696,NA,NA,NA,NA,NA,NA,NA,NA,NA,NA,NA,NA,NA,NA,NA,NA,NA,NA,NA,NA,NA,NA,NA,NA,NA,NA,NA,NA,0.8878767,NA,NA,NA,NA,NA,NA,NA,NA,NA,NA,NA,NA,NA,NA,NA,NA,NA,NA,NA,NA,NA,NA,1,PGBD5,79605,GWAS,1,33,0
0.32507927999968,ENSG00000157404,KIT,protein_coding,0.5333628870268,NA,NA,GCST005754,0.877341449260712,NA,NA,NA,NA,NA,NA,NA,NA,NA,NA,NA,NA,NA,NA,NA,NA,NA,NA,NA,NA,NA,NA,NA,NA,NA,NA,NA,NA,NA,NA,NA,NA,NA,NA,NA,NA,NA,NA,NA,NA,NA,NA,NA,NA,NA,NA,NA,NA,NA,0.8773414,NA,1,KIT,3815,GWAS,1,500,20
0.322770614489178,ENSG00000117036,ETV3,protein_coding,0.530933151860784,NA,NA,GCST011956,0.873344719409943,NA,NA,NA,NA,NA,NA,NA,NA,NA,NA,NA,NA,NA,NA,NA,NA,NA,NA,NA,0.8733447,NA,NA,NA,NA,NA,NA,NA,NA,NA,NA,NA,NA,NA,NA,NA,NA,NA,NA,NA,NA,NA,NA,NA,NA,NA,NA,NA,NA,NA,NA,NA,1,ETV3,2117,GWAS,1,22,0
0.322145549872747,ENSG00000125347,IRF1,protein_coding,0.529145054532835,NA,NA,GCST011956,0.826229214668274,NA,NA,NA,NA,NA,NA,NA,NA,NA,NA,NA,NA,NA,NA,NA,NA,NA,NA,NA,0.8262292,NA,NA,NA,NA,NA,NA,NA,NA,NA,NA,NA,NA,NA,NA,NA,NA,NA,NA,NA,NA,NA,NA,NA,NA,NA,NA,NA,NA,NA,NA,NA,1,IRF1,3659,GWAS,1,377,15
0.32203569380198,ENSG00000119772,DNMT3A,protein_coding,0.52972426313515,NA,NA,GCST90480453,0.871356189250946,NA,NA,NA,NA,NA,NA,NA,NA,NA,NA,NA,NA,NA,NA,NA,NA,NA,NA,NA,NA,NA,NA,NA,NA,NA,NA,NA,NA,0.8713562,NA,NA,NA,NA,NA,NA,NA,NA,NA,NA,NA,NA,NA,NA,NA,NA,NA,NA,NA,NA,NA,NA,1,DNMT3A,1788,GWAS,1,370,6
0.321636225792219,ENSG00000166501,PRKCB,protein_coding,0.529067168591938,NA,NA,GCST011956,0.870275318622589,NA,NA,NA,NA,NA,NA,NA,NA,NA,NA,NA,NA,NA,NA,NA,NA,NA,NA,NA,0.8702753,NA,NA,NA,NA,NA,NA,NA,NA,NA,NA,NA,NA,NA,NA,NA,NA,NA,NA,NA,NA,NA,NA,NA,NA,NA,NA,NA,NA,NA,NA,NA,1,PRKCB,5579,GWAS,1,263,5
0.320974888559262,ENSG00000166428,PLD4,protein_coding,0.511072003666036,NA,NA,GCST90011866,0.840674638748169,NA,NA,NA,NA,NA,NA,NA,NA,NA,NA,NA,0.8406746,NA,NA,NA,NA,NA,NA,NA,NA,NA,NA,NA,NA,NA,NA,NA,NA,NA,NA,NA,NA,NA,NA,NA,NA,NA,NA,NA,NA,NA,NA,NA,NA,NA,NA,NA,NA,NA,NA,NA,1,PLD4,122618,GWAS,1,79,2
0.320835879937436,ENSG00000120280,TASL,protein_coding,0.527750660433563,NA,NA,GCST003155,0.86810976266861,NA,NA,NA,NA,NA,NA,0.8681098,NA,NA,NA,NA,NA,NA,NA,NA,NA,NA,NA,NA,NA,NA,NA,NA,NA,NA,NA,NA,NA,NA,NA,NA,NA,NA,NA,NA,NA,NA,NA,NA,NA,NA,NA,NA,NA,NA,NA,NA,NA,NA,NA,NA,1,CXorf21,80231,GWAS,1,1,NA
0.319576897118816,ENSG00000117592,PRDX6,protein_coding,0.525679729295404,NA,NA,GCST90011866/GCST003252/GCST90243963,0.620162665843964/0.549832403659821/0.523090660572052,NA,NA,NA,NA,0.5230907,NA,NA,NA,NA,NA,NA,0.6201627,NA,NA,NA,NA,NA,NA,NA,NA,NA,0.5498324,NA,NA,NA,NA,NA,NA,NA,NA,NA,NA,NA,NA,NA,NA,NA,NA,NA,NA,NA,NA,NA,NA,NA,NA,NA,NA,NA,NA,NA,3,PRDX6,9588,GWAS,1,181,1
0.319448658489,ENSG00000138311,ZNF365,protein_coding,0.525468786486913,NA,NA,GCST90480452,0.844959795475006,NA,NA,NA,NA,NA,NA,NA,NA,NA,NA,NA,NA,NA,NA,NA,NA,NA,NA,NA,NA,NA,NA,NA,NA,NA,NA,NA,NA,NA,NA,NA,NA,0.8449598,NA,NA,NA,NA,NA,NA,NA,NA,NA,NA,NA,NA,NA,NA,NA,NA,NA,NA,1,ZNF365,22891,GWAS,1,9,0
0.319402165591605,ENSG00000196776,CD47,protein_coding,0.525392309201049,NA,NA,GCST90014463,0.864230453968048,NA,NA,NA,NA,NA,NA,NA,NA,NA,NA,NA,NA,NA,NA,NA,NA,NA,NA,NA,NA,NA,NA,NA,NA,NA,NA,NA,NA,NA,NA,NA,NA,NA,NA,NA,NA,NA,NA,NA,0.8642305,NA,NA,NA,NA,NA,NA,NA,NA,NA,NA,NA,1,CD47,961,GWAS,1,270,9
0.319050786181453,ENSG00000181751,MACIR,protein_coding,0.524814316752677,NA,NA,GCST90270940,0.863279700279236,NA,NA,0.8632797,NA,NA,NA,NA,NA,NA,NA,NA,NA,NA,NA,NA,NA,NA,NA,NA,NA,NA,NA,NA,NA,NA,NA,NA,NA,NA,NA,NA,NA,NA,NA,NA,NA,NA,NA,NA,NA,NA,NA,NA,NA,NA,NA,NA,NA,NA,NA,NA,1,C5orf30,90355,GWAS,1,1,NA
0.318971500578606,ENSG00000116698,SMG7,protein_coding,0.524683897956395,NA,NA,GCST90243963,0.835862576961517,NA,NA,NA,NA,0.8358626,NA,NA,NA,NA,NA,NA,NA,NA,NA,NA,NA,NA,NA,NA,NA,NA,NA,NA,NA,NA,NA,NA,NA,NA,NA,NA,NA,NA,NA,NA,NA,NA,NA,NA,NA,NA,NA,NA,NA,NA,NA,NA,NA,NA,NA,NA,1,SMG7,9887,GWAS,1,100,2
0.318850369287618,ENSG00000175745,NR2F1,protein_coding,0.524484646180595,NA,NA,GCST90480453,0.862737417221069,NA,NA,NA,NA,NA,NA,NA,NA,NA,NA,NA,NA,NA,NA,NA,NA,NA,NA,NA,NA,NA,NA,NA,NA,NA,NA,NA,NA,0.8627374,NA,NA,NA,NA,NA,NA,NA,NA,NA,NA,NA,NA,NA,NA,NA,NA,NA,NA,NA,NA,NA,NA,1,NR2F1,7025,GWAS,1,80,1
0.318685165232296,ENSG00000151812,SLC35F4,protein_coding,0.524212898054047,NA,NA,GCST90014462/GCST90014463,0.689832329750061/0.689832329750061,NA,NA,NA,NA,NA,NA,NA,NA,NA,NA,NA,NA,NA,NA,NA,NA,NA,NA,NA,NA,NA,NA,NA,NA,NA,NA,NA,NA,NA,NA,NA,NA,NA,NA,NA,NA,NA,NA,0.6898323,0.6898323,NA,NA,NA,NA,NA,NA,NA,NA,NA,NA,NA,1,SLC35F4,341880,GWAS,1,14,0
0.318036563911826,ENSG00000114686,MRPL3,protein_coding,0.523145998132184,NA,NA,GCST90480452,0.860535442829132,NA,NA,NA,NA,NA,NA,NA,NA,NA,NA,NA,NA,NA,NA,NA,NA,NA,NA,NA,NA,NA,NA,NA,NA,NA,NA,NA,NA,NA,NA,NA,NA,0.8605354,NA,NA,NA,NA,NA,NA,NA,NA,NA,NA,NA,NA,NA,NA,NA,NA,NA,NA,1,MRPL3,11222,GWAS,1,500,4
0.317751066764285,ENSG00000151474,FRMD4A,protein_coding,0.522676377003163,NA,NA,GCST90102279/GCST90102276,0.687810361385345/0.687810361385345,NA,NA,NA,NA,NA,NA,NA,NA,NA,NA,NA,NA,NA,NA,NA,NA,NA,NA,NA,NA,NA,NA,NA,NA,NA,NA,NA,NA,NA,NA,NA,NA,NA,NA,NA,NA,NA,NA,NA,NA,NA,NA,NA,0.6878104,0.6878104,NA,NA,NA,NA,NA,NA,1,FRMD4A,55691,GWAS,1,22,0
0.31733953254727,ENSG00000115419,GLS,protein_coding,0.521999434465242,NA,NA,GCST90011866,0.858649432659149,NA,NA,NA,NA,NA,NA,NA,NA,NA,NA,NA,0.8586494,NA,NA,NA,NA,NA,NA,NA,NA,NA,NA,NA,NA,NA,NA,NA,NA,NA,NA,NA,NA,NA,NA,NA,NA,NA,NA,NA,NA,NA,NA,NA,NA,NA,NA,NA,NA,NA,NA,NA,1,GLS,2744,GWAS,1,105,0
0.31686774439435,ENSG00000109684,CLNK,protein_coding,0.521223378778027,NA,NA,GCST90270940,0.857372879981995,NA,NA,0.8573729,NA,NA,NA,NA,NA,NA,NA,NA,NA,NA,NA,NA,NA,NA,NA,NA,NA,NA,NA,NA,NA,NA,NA,NA,NA,NA,NA,NA,NA,NA,NA,NA,NA,NA,NA,NA,NA,NA,NA,NA,NA,NA,NA,NA,NA,NA,NA,NA,1,CLNK,116449,GWAS,1,19,0
0.316349762107953,ENSG00000182752,PAPPA,protein_coding,0.520371337248905,NA,NA,GCST90480453,0.855971336364746,NA,NA,NA,NA,NA,NA,NA,NA,NA,NA,NA,NA,NA,NA,NA,NA,NA,NA,NA,NA,NA,NA,NA,NA,NA,NA,NA,NA,0.8559713,NA,NA,NA,NA,NA,NA,NA,NA,NA,NA,NA,NA,NA,NA,NA,NA,NA,NA,NA,NA,NA,NA,1,PAPPA,5069,GWAS,1,51,0
0.315579132937032,ENSG00000112701,SENP6,protein_coding,0.519103710779004,NA,NA,GCST90480452,0.853886187076569,NA,NA,NA,NA,NA,NA,NA,NA,NA,NA,NA,NA,NA,NA,NA,NA,NA,NA,NA,NA,NA,NA,NA,NA,NA,NA,NA,NA,NA,NA,NA,NA,0.8538862,NA,NA,NA,NA,NA,NA,NA,NA,NA,NA,NA,NA,NA,NA,NA,NA,NA,NA,1,SENP6,26054,GWAS,1,68,0
0.315050356599418,ENSG00000171385,KCND3,protein_coding,0.518233913855255,NA,NA,GCST90480453,0.85245543718338,NA,NA,NA,NA,NA,NA,NA,NA,NA,NA,NA,NA,NA,NA,NA,NA,NA,NA,NA,NA,NA,NA,NA,NA,NA,NA,NA,NA,0.8524554,NA,NA,NA,NA,NA,NA,NA,NA,NA,NA,NA,NA,NA,NA,NA,NA,NA,NA,NA,NA,NA,NA,1,KCND3,3752,GWAS,1,242,1
0.314821676914333,ENSG00000228075,BOD1L2,protein_coding,0.517857753137648,NA,NA,GCST90480453,0.851836681365967,NA,NA,NA,NA,NA,NA,NA,NA,NA,NA,NA,NA,NA,NA,NA,NA,NA,NA,NA,NA,NA,NA,NA,NA,NA,NA,NA,NA,0.8518367,NA,NA,NA,NA,NA,NA,NA,NA,NA,NA,NA,NA,NA,NA,NA,NA,NA,NA,NA,NA,NA,NA,1,BOD1L2,284257,GWAS,1,19,0
0.314721887012258,ENSG00000069018,TRPC7,protein_coding,0.517693606326093,NA,NA,GCST90480452,0.851566672325134,NA,NA,NA,NA,NA,NA,NA,NA,NA,NA,NA,NA,NA,NA,NA,NA,NA,NA,NA,NA,NA,NA,NA,NA,NA,NA,NA,NA,NA,NA,NA,NA,0.8515667,NA,NA,NA,NA,NA,NA,NA,NA,NA,NA,NA,NA,NA,NA,NA,NA,NA,NA,1,TRPC7,57113,GWAS,1,27,0
0.313700527451622,ENSG00000183036,PCP4,protein_coding,0.516013547403846,NA,NA,GCST90480453,0.848803102970123,NA,NA,NA,NA,NA,NA,NA,NA,NA,NA,NA,NA,NA,NA,NA,NA,NA,NA,NA,NA,NA,NA,NA,NA,NA,NA,NA,NA,0.8488031,NA,NA,NA,NA,NA,NA,NA,NA,NA,NA,NA,NA,NA,NA,NA,NA,NA,NA,NA,NA,NA,NA,1,PCP4,5121,GWAS,1,31,0
0.312882007939176,ENSG00000131323,TRAF3,protein_coding,0.514667144958598,NA,NA,GCST90270940,0.846588373184204,NA,NA,0.8465884,NA,NA,NA,NA,NA,NA,NA,NA,NA,NA,NA,NA,NA,NA,NA,NA,NA,NA,NA,NA,NA,NA,NA,NA,NA,NA,NA,NA,NA,NA,NA,NA,NA,NA,NA,NA,NA,NA,NA,NA,NA,NA,NA,NA,NA,NA,NA,NA,1,TRAF3,7187,GWAS,1,334,12
0.312525058924037,ENSG00000127946,HIP1,protein_coding,0.514079990932939,NA,NA,GCST90011866/GCST90011866/GCST003599,0.581007540225983/0.56006920337677/0.550323188304901,NA,NA,NA,NA,NA,NA,NA,NA,NA,NA,NA,0.5600692,NA,NA,0.5503232,NA,NA,NA,NA,NA,NA,NA,NA,NA,NA,NA,NA,NA,NA,NA,NA,NA,NA,NA,NA,NA,NA,NA,NA,NA,NA,NA,NA,NA,NA,NA,NA,NA,NA,NA,NA,3,HIP1,3092,GWAS,1,84,0
0.31214668431078,ENSG00000129003,VPS13C,protein_coding,0.513457593425291,NA,NA,GCST90480453,0.739865362644196,NA,NA,NA,NA,NA,NA,NA,NA,NA,NA,NA,NA,NA,NA,NA,NA,NA,NA,NA,NA,NA,NA,NA,NA,NA,NA,NA,NA,0.7398654,NA,NA,NA,NA,NA,NA,NA,NA,NA,NA,NA,NA,NA,NA,NA,NA,NA,NA,NA,NA,NA,NA,1,VPS13C,54832,GWAS,1,62,3
0.311393133788755,ENSG00000152133,GPATCH11,protein_coding,0.512218060035988,NA,NA,GCST90014463,0.842559814453125,NA,NA,NA,NA,NA,NA,NA,NA,NA,NA,NA,NA,NA,NA,NA,NA,NA,NA,NA,NA,NA,NA,NA,NA,NA,NA,NA,NA,NA,NA,NA,NA,NA,NA,NA,NA,NA,NA,NA,0.8425598,NA,NA,NA,NA,NA,NA,NA,NA,NA,NA,NA,1,GPATCH11,253635,GWAS,1,37,0
0.311115809279994,ENSG00000164512,ANKRD55,protein_coding,0.511761882277185,NA,NA,GCST003097_2/GCST90270940,0.680967748165131/0.643366754055023,NA,NA,0.6433668,NA,NA,NA,NA,NA,NA,NA,NA,NA,NA,NA,NA,NA,NA,NA,NA,NA,NA,NA,NA,0.6809677,NA,NA,NA,NA,NA,NA,NA,NA,NA,NA,NA,NA,NA,NA,NA,NA,NA,NA,NA,NA,NA,NA,NA,NA,NA,NA,NA,2,ANKRD55,79722,GWAS,1,40,3
0.310918283649877,ENSG00000078328,RBFOX1,protein_coding,0.511436967614378,NA,NA,GCST90014462,0.729053735733032,NA,NA,NA,NA,NA,NA,NA,NA,NA,NA,NA,NA,NA,NA,NA,NA,NA,NA,NA,NA,NA,NA,NA,NA,NA,NA,NA,NA,NA,NA,NA,NA,NA,NA,NA,NA,NA,NA,0.7290537,NA,NA,NA,NA,NA,NA,NA,NA,NA,NA,NA,NA,1,RBFOX1,54715,GWAS,1,125,3
0.310613583004073,ENSG00000168538,TRAPPC11,protein_coding,0.510935758188895,NA,NA,GCST005754,0.840450525283813,NA,NA,NA,NA,NA,NA,NA,NA,NA,NA,NA,NA,NA,NA,NA,NA,NA,NA,NA,NA,NA,NA,NA,NA,NA,NA,NA,NA,NA,NA,NA,NA,NA,NA,NA,NA,NA,NA,NA,NA,NA,NA,NA,NA,NA,NA,NA,NA,NA,0.8404505,NA,1,TRAPPC11,60684,GWAS,1,66,1
0.309672099422448,ENSG00000138639,ARHGAP24,protein_coding,0.509387089186891,NA,NA,GCST90480453,0.837903082370758,NA,NA,NA,NA,NA,NA,NA,NA,NA,NA,NA,NA,NA,NA,NA,NA,NA,NA,NA,NA,NA,NA,NA,NA,NA,NA,NA,NA,0.8379031,NA,NA,NA,NA,NA,NA,NA,NA,NA,NA,NA,NA,NA,NA,NA,NA,NA,NA,NA,NA,NA,NA,1,ARHGAP24,83478,GWAS,1,41,0
0.309002824189595,ENSG00000117114,ADGRL2,protein_coding,0.508286182248991,NA,NA,GCST003097_2,0.836092174053192,NA,NA,NA,NA,NA,NA,NA,NA,NA,NA,NA,NA,NA,NA,NA,NA,NA,NA,NA,NA,NA,NA,NA,0.8360922,NA,NA,NA,NA,NA,NA,NA,NA,NA,NA,NA,NA,NA,NA,NA,NA,NA,NA,NA,NA,NA,NA,NA,NA,NA,NA,NA,1,ADGRL2,23266,GWAS,1,263,4
0.308897152631041,ENSG00000145681,HAPLN1,protein_coding,0.508112360559139,NA,NA,GCST90014462,0.835806250572205,NA,NA,NA,NA,NA,NA,NA,NA,NA,NA,NA,NA,NA,NA,NA,NA,NA,NA,NA,NA,NA,NA,NA,NA,NA,NA,NA,NA,NA,NA,NA,NA,NA,NA,NA,NA,NA,NA,0.8358063,NA,NA,NA,NA,NA,NA,NA,NA,NA,NA,NA,NA,1,HAPLN1,1404,GWAS,1,44,1
0.308746674745595,ENSG00000155561,NUP205,protein_coding,0.507864835863833,NA,NA,GCST90014462,0.835399091243744,NA,NA,NA,NA,NA,NA,NA,NA,NA,NA,NA,NA,NA,NA,NA,NA,NA,NA,NA,NA,NA,NA,NA,NA,NA,NA,NA,NA,NA,NA,NA,NA,NA,NA,NA,NA,NA,NA,0.8353991,NA,NA,NA,NA,NA,NA,NA,NA,NA,NA,NA,NA,1,NUP205,23165,GWAS,1,218,1
0.308259642748914,ENSG00000075884,ARHGAP15,protein_coding,0.507063705211143,NA,NA,GCST011096,0.834081292152405,NA,NA,NA,NA,NA,NA,NA,NA,NA,NA,NA,NA,NA,NA,NA,0.8340813,NA,NA,NA,NA,NA,NA,NA,NA,NA,NA,NA,NA,NA,NA,NA,NA,NA,NA,NA,NA,NA,NA,NA,NA,NA,NA,NA,NA,NA,NA,NA,NA,NA,NA,NA,1,ARHGAP15,55843,GWAS,1,56,1
0.307802217292716,ENSG00000101911,PRPS2,protein_coding,0.506311275069431,NA,NA,GCST011956,0.832843601703644,NA,NA,NA,NA,NA,NA,NA,NA,NA,NA,NA,NA,NA,NA,NA,NA,NA,NA,NA,0.8328436,NA,NA,NA,NA,NA,NA,NA,NA,NA,NA,NA,NA,NA,NA,NA,NA,NA,NA,NA,NA,NA,NA,NA,NA,NA,NA,NA,NA,NA,NA,NA,1,PRPS2,5634,GWAS,1,116,1
0.307802217292716,ENSG00000047056,WDR37,protein_coding,0.506311275069431,NA,NA,GCST90014463,0.832843601703644,NA,NA,NA,NA,NA,NA,NA,NA,NA,NA,NA,NA,NA,NA,NA,NA,NA,NA,NA,NA,NA,NA,NA,NA,NA,NA,NA,NA,NA,NA,NA,NA,NA,NA,NA,NA,NA,NA,NA,0.8328436,NA,NA,NA,NA,NA,NA,NA,NA,NA,NA,NA,1,WDR37,22884,GWAS,1,47,0
0.307723333827938,ENSG00000168297,PXK,protein_coding,0.506181517759738,NA,NA,GCST90270940,0.658513784408569,NA,NA,0.6585138,NA,NA,NA,NA,NA,NA,NA,NA,NA,NA,NA,NA,NA,NA,NA,NA,NA,NA,NA,NA,NA,NA,NA,NA,NA,NA,NA,NA,NA,NA,NA,NA,NA,NA,NA,NA,NA,NA,NA,NA,NA,NA,NA,NA,NA,NA,NA,NA,1,PXK,54899,GWAS,1,42,13
0.306186017395278,ENSG00000100234,TIMP3,protein_coding,0.503652748961216,NA,NA,GCST90480452,0.828470528125763,NA,NA,NA,NA,NA,NA,NA,NA,NA,NA,NA,NA,NA,NA,NA,NA,NA,NA,NA,NA,NA,NA,NA,NA,NA,NA,NA,NA,NA,NA,NA,NA,0.8284705,NA,NA,NA,NA,NA,NA,NA,NA,NA,NA,NA,NA,NA,NA,NA,NA,NA,NA,1,TIMP3,7078,GWAS,1,206,6
0.306098717752469,ENSG00000171262,FAM98B,protein_coding,0.503509147677729,NA,NA,GCST002463,0.828234314918518,NA,NA,NA,NA,NA,NA,NA,NA,NA,NA,NA,NA,NA,NA,NA,NA,NA,NA,NA,NA,NA,NA,NA,NA,NA,NA,NA,0.8282343,NA,NA,NA,NA,NA,NA,NA,NA,NA,NA,NA,NA,NA,NA,NA,NA,NA,NA,NA,NA,NA,NA,NA,1,FAM98B,283742,GWAS,1,26,0
0.304828478210898,ENSG00000186918,ZNF395,protein_coding,0.501419700085073,NA,NA,GCST90014463,0.824797332286835,NA,NA,NA,NA,NA,NA,NA,NA,NA,NA,NA,NA,NA,NA,NA,NA,NA,NA,NA,NA,NA,NA,NA,NA,NA,NA,NA,NA,NA,NA,NA,NA,NA,NA,NA,NA,NA,NA,NA,0.8247973,NA,NA,NA,NA,NA,NA,NA,NA,NA,NA,NA,1,ZNF395,55893,GWAS,1,89,0
0.304646796017566,ENSG00000183150,GPR19,protein_coding,0.501120846672734,NA,NA,GCST001795,0.79308158159256,NA,NA,NA,NA,NA,NA,NA,0.7930816,NA,NA,NA,NA,NA,NA,NA,NA,NA,NA,NA,NA,NA,NA,NA,NA,NA,NA,NA,NA,NA,NA,NA,NA,NA,NA,NA,NA,NA,NA,NA,NA,NA,NA,NA,NA,NA,NA,NA,NA,NA,NA,NA,1,GPR19,2842,GWAS,1,15,1
0.304515715069694,ENSG00000165275,TRMT10B,protein_coding,0.500905228466868,NA,NA,GCST90014463,0.823951065540314,NA,NA,NA,NA,NA,NA,NA,NA,NA,NA,NA,NA,NA,NA,NA,NA,NA,NA,NA,NA,NA,NA,NA,NA,NA,NA,NA,NA,NA,NA,NA,NA,NA,NA,NA,NA,NA,NA,NA,0.8239511,NA,NA,NA,NA,NA,NA,NA,NA,NA,NA,NA,1,TRMT10B,158234,GWAS,1,88,0
0.304452140310889,ENSG00000198246,SLC29A3,protein_coding,0.500800652816062,NA,NA,GCST90100585,0.823779046535492,NA,NA,NA,NA,NA,NA,NA,NA,NA,NA,NA,NA,NA,NA,NA,NA,NA,NA,NA,NA,NA,NA,NA,NA,NA,NA,NA,NA,NA,NA,NA,NA,NA,NA,NA,NA,NA,NA,NA,NA,NA,NA,NA,NA,NA,NA,NA,NA,NA,NA,0.823779,1,SLC29A3,55315,GWAS,1,31,0
0.30432351487199,ENSG00000163818,LZTFL1,protein_coding,0.500589073736002,NA,NA,GCST90243963,0.823431015014648,NA,NA,NA,NA,0.823431,NA,NA,NA,NA,NA,NA,NA,NA,NA,NA,NA,NA,NA,NA,NA,NA,NA,NA,NA,NA,NA,NA,NA,NA,NA,NA,NA,NA,NA,NA,NA,NA,NA,NA,NA,NA,NA,NA,NA,NA,NA,NA,NA,NA,NA,NA,1,LZTFL1,54585,GWAS,1,50,1
0.304107832105719,ENSG00000160856,FCRL3,protein_coding,0.500234291962946,NA,NA,GCST011956,0.822847425937653,NA,NA,NA,NA,NA,NA,NA,NA,NA,NA,NA,NA,NA,NA,NA,NA,NA,NA,NA,0.8228474,NA,NA,NA,NA,NA,NA,NA,NA,NA,NA,NA,NA,NA,NA,NA,NA,NA,NA,NA,NA,NA,NA,NA,NA,NA,NA,NA,NA,NA,NA,NA,1,FCRL3,115352,GWAS,1,52,5
0.304012183594724,ENSG00000111262,KCNA1,protein_coding,0.500076957425248,NA,NA,GCST003156,0.822588622570038,NA,NA,NA,NA,NA,NA,NA,NA,NA,NA,NA,NA,NA,0.8225886,NA,NA,NA,NA,NA,NA,NA,NA,NA,NA,NA,NA,NA,NA,NA,NA,NA,NA,NA,NA,NA,NA,NA,NA,NA,NA,NA,NA,NA,NA,NA,NA,NA,NA,NA,NA,NA,1,KCNA1,3736,GWAS,1,275,2
